gid,role,role_score,cluster_id,priority_score,evidence
100000000011452100,coordinator,0.843307384341637,0,0.7300332056612213,"Betweenness top 22.1%, PageRank top 24.0%; межкластерных связей 3, близость к seed 0.68. Паттерны: циклов 1."
100000000018102100,coordinator,0.39923309608540924,3,0.3333174979231118,"Betweenness top 63.3%, PageRank top 45.5%; межкластерных связей 0, близость к seed 0.29. Граница depth=4: исходящий поток может быть усечён."
100000000031787100,transit,0.9329759786476869,6,0.6589630169000402,"Получено 90.0 тыс., отправлено 90.0 тыс. KZT; совпадение потоков 100%, быстрое перенаправление 33%. Паттерны: циклов 1."
100000000041368100,terminal,0.7864368327402135,2,0.536920703040852,"Получено 160.0 тыс. KZT от 1 отправителей, исходящий поток 0 KZT; средства преимущественно остаются."
100000000076451100,distributor,0.789345873580749,15,0.6460490151736813,"Отправляет 4 получателям (top 6.5%), 4 переводов на 58.0 тыс. KZT; выраженный fan-out. Паттерны: циклов 2."
100000000089154100,distributor,0.9512555604982207,0,0.7329005354899983,"Отправляет 15 получателям (top 1.8%), 21 переводов на 425.5 тыс. KZT; выраженный fan-out. Паттерны: циклов 57, дроблений 2."
100000000190228100,coordinator,0.6357184163701068,7,0.5156635571205189,"Betweenness top 14.3%, PageRank top 12.5%; межкластерных связей 0, близость к seed 0.36."
100000000201868100,transit,0.9935542704626334,54,0.6033635835371298,"Получено 190.0 тыс., отправлено 190.0 тыс. KZT; совпадение потоков 100%, быстрое перенаправление 100%. Паттерны: циклов 1."
100000000254336100,transit,0.8290491921004697,0,0.5790041987077077,"Получено 97.2 тыс., отправлено 60.0 тыс. KZT; совпадение потоков 62%, быстрое перенаправление 100%."
100000000267734100,distributor,0.879530693950178,6,0.7249265459149312,"Отправляет 7 получателям (top 3.7%), 8 переводов на 282.0 тыс. KZT; выраженный fan-out. Паттерны: циклов 1."
100000000274067100,distributor,0.8365342526690392,6,0.7604023504338355,"Отправляет 3 получателям (top 8.9%), 9 переводов на 2.97 млн KZT; выраженный fan-out. Паттерны: циклов 1, повторных маршрутов 2."
100000000287768100,terminal,0.7007339857651246,0,0.4146175136795737,"Получено 35.2 тыс. KZT от 1 отправителей, исходящий поток 0 KZT; средства преимущественно остаются."
100000000288317100,distributor,0.7753709964412813,3,0.5986356379124003,"Отправляет 3 получателям (top 8.9%), 3 переводов на 53.5 тыс. KZT; выраженный fan-out."
100000000291906100,transit,0.8582826354841995,49,0.6457883943631291,"Получено 388.0 тыс., отправлено 455.9 тыс. KZT; совпадение потоков 85%, быстрое перенаправление 40%. Паттерны: циклов 1."
100000000291908100,coordinator,0.6328781138790036,49,0.5022076249274554,"Betweenness top 15.8%, PageRank top 8.8%; межкластерных связей 0, близость к seed 0.32."
100000000297649100,distributor,0.7331746737841045,11,0.5549578263551012,"Отправляет 1 получателям (top 23.8%), 2 переводов на 70.6 тыс. KZT; выраженный fan-out. Паттерны: циклов 1."
100000000299820100,coordinator,0.43326334519572957,3,0.354647569097489,"Betweenness top 63.3%, PageRank top 25.5%; межкластерных связей 0, близость к seed 0.29. Граница depth=4: исходящий поток может быть усечён."
100000000307908100,terminal,0.6005160142348754,42,0.3507329080765023,"Получено 5.0 тыс. KZT от 1 отправителей, исходящий поток 0 KZT; средства преимущественно остаются."
100000000331309100,distributor,0.9460421799434255,4,0.8175804205951572,"Отправляет 99 получателям (top 0.1%), 126 переводов на 23.00 млн KZT; выраженный fan-out. Паттерны: циклов 32, повторных маршрутов 2, цепочек A→B→C 1, дроблений 5, синхронных дней 1."
100000000332284100,coordinator,0.8837633451957295,4,0.6929766564933535,"Betweenness top 6.5%, PageRank top 8.5%; межкластерных связей 11, близость к seed 0.36. Паттерны: дроблений 1, синхронных дней 1."
100000000343175100,transit,0.9800800711743772,9,0.8655751119298144,"Seed с неполным входящим потоком; отправлено 4.00 млн KZT 31 получателям, быстрое перенаправление 79%. Паттерны: повторных маршрутов 1, дроблений 1."
100000000369781100,coordinator,0.4444555160142349,4,0.3592335766842084,"Betweenness top 63.3%, PageRank top 18.9%; межкластерных связей 0, близость к seed 0.29. Граница depth=4: исходящий поток может быть усечён."
100000000375150100,consolidator,0.5046752669039146,13,0.4282844938892981,"Получает от 1 отправителей (top 59.0%), вход 300.0 тыс. KZT; наблюдаемый остаток 100%. Граница depth=4: исходящий поток может быть усечён."
100000000404740100,coordinator,0.4527740213523132,25,0.35493732311571285,"Betweenness top 63.3%, PageRank top 14.0%; межкластерных связей 0, близость к seed 0.29. Граница depth=4: исходящий поток может быть усечён."
100000000408846100,terminal,0.7086565836298931,26,0.37810013031635015,"Получено 40.5 тыс. KZT от 1 отправителей, исходящий поток 0 KZT; средства преимущественно остаются."
100000000413678100,distributor,0.812070284697509,3,0.65762689486408,"Отправляет 3 получателям (top 8.9%), 18 переводов на 528.2 тыс. KZT; выраженный fan-out. Паттерны: повторных маршрутов 1."
100000000424935100,consolidator,0.4206272241992882,28,0.3149384362907939,"Получает от 1 отправителей (top 59.0%), вход 15.0 тыс. KZT; наблюдаемый остаток 100%. Граница depth=4: исходящий поток может быть усечён."
100000000425407100,terminal,0.6599644128113878,2,0.4260941219515953,"Получено 20.0 тыс. KZT от 1 отправителей, исходящий поток 0 KZT; средства преимущественно остаются."
100000000437046100,distributor,0.9210540960156305,0,0.8272401411841983,"Отправляет 42 получателям (top 0.4%), 73 переводов на 7.61 млн KZT; выраженный fan-out. Паттерны: циклов 472, повторных маршрутов 4, цепочек A→B→C 2, дроблений 5, синхронных дней 1."
100000000440392100,terminal,0.7678158362989324,5,0.5141098443831035,"Получено 105.7 тыс. KZT от 1 отправителей, исходящий поток 0 KZT; средства преимущественно остаются."
100000000456947100,peripheral,0.6317148576512455,72,0.3180261249614364,"Периферийный узел: входящих/исходящих связей 0/0, оборот 0 KZT; сильной структурной роли нет."
100000000470237100,coordinator,0.45542081850533817,28,0.36170626547228857,"Betweenness top 63.3%, PageRank top 12.5%; межкластерных связей 0, близость к seed 0.29. Граница depth=4: исходящий поток может быть усечён."
100000000481716100,terminal,0.6135275800711742,8,0.37755294149682095,"Получено 8.0 тыс. KZT от 1 отправителей, исходящий поток 0 KZT; средства преимущественно остаются."
100000000489417100,transit,0.9691942704626335,13,0.675939881272168,"Получено 73.5 тыс., отправлено 80.0 тыс. KZT; совпадение потоков 92%, быстрое перенаправление 100%."
100000000490383100,distributor,0.8735899924512024,5,0.6765957935895658,"Отправляет 8 получателям (top 3.2%), 9 переводов на 461.4 тыс. KZT; выраженный fan-out."
100000000500040100,consolidator,0.4930071174377224,0,0.3822383062606817,"Получает от 1 отправителей (top 59.0%), вход 20.0 тыс. KZT; наблюдаемый остаток 100%. Граница depth=4: исходящий поток может быть усечён."
100000000507799100,coordinator,0.7220040035587189,38,0.5400291335681177,"Betweenness top 6.3%, PageRank top 97.8%; межкластерных связей 1, близость к seed 0.68."
100000000533217100,terminal,0.7303425266903915,0,0.46026627284340804,"Получено 53.6 тыс. KZT от 1 отправителей, исходящий поток 0 KZT; средства преимущественно остаются."
100000000534581100,coordinator,0.7027669039145907,3,0.5440595950589301,"Betweenness top 19.0%, PageRank top 64.7%; межкластерных связей 1, близость к seed 0.32."
100000000542087100,consolidator,0.3959564056939502,36,0.2803662998862732,"Получает от 1 отправителей (top 59.0%), вход 8.5 тыс. KZT; наблюдаемый остаток 100%. Граница depth=4: исходящий поток может быть усечён."
100000000552584100,distributor,0.7018060498220641,23,0.5682646301627382,"Отправляет 1 получателям (top 23.8%), 1 переводов на 57.5 тыс. KZT; выраженный fan-out. Паттерны: циклов 2."
100000000555721100,terminal,0.8514813167259786,0,0.5463889844427844,"Получено 113.0 тыс. KZT от 2 отправителей, исходящий поток 0 KZT; средства преимущественно остаются."
100000000557536100,consolidator,0.5134608540925266,36,0.3926279655109726,"Получает от 1 отправителей (top 59.0%), вход 153.0 тыс. KZT; наблюдаемый остаток 100%. Паттерны: повторных маршрутов 1. Граница depth=4: исходящий поток может быть усечён."
100000000560751100,terminal,0.6769661921708184,13,0.4295844485413237,"Получено 25.0 тыс. KZT от 1 отправителей, исходящий поток 0 KZT; средства преимущественно остаются."
100000000561160100,consolidator,0.5868193950177936,2,0.44973111062256965,"Получает от 1 отправителей (top 59.0%), вход 240.0 тыс. KZT; наблюдаемый остаток 100%. Граница depth=4: исходящий поток может быть усечён."
100000000569479100,terminal,0.817838078291815,0,0.49271683136627115,"Получено 320.0 тыс. KZT от 1 отправителей, исходящий поток 0 KZT; средства преимущественно остаются."
100000000572276100,distributor,0.6179403914590748,1,0.4490220356199387,"Отправляет 1 получателям (top 23.8%), 1 переводов на 34.5 тыс. KZT; выраженный fan-out."
100000000580561100,distributor,0.8605845195729538,43,0.7691583529691178,"Отправляет 3 получателям (top 8.9%), 13 переводов на 1.49 млн KZT; выраженный fan-out. Паттерны: циклов 2, повторных маршрутов 1."
100000000581662100,consolidator,0.40058274021352314,12,0.3298229402210274,"Получает от 1 отправителей (top 59.0%), вход 21.2 тыс. KZT; наблюдаемый остаток 100%. Граница depth=4: исходящий поток может быть усечён."
100000000581682100,consolidator,0.393202846975089,28,0.29015685266090074,"Получает от 1 отправителей (top 59.0%), вход 5.0 тыс. KZT; наблюдаемый остаток 100%. Граница depth=4: исходящий поток может быть усечён."
100000000583220100,distributor,0.6627357651245552,67,0.5083275734626084,"Отправляет 1 получателям (top 23.8%), 4 переводов на 761.3 тыс. KZT; выраженный fan-out. Паттерны: повторных маршрутов 1."
100000000594783100,distributor,0.7798376334519573,23,0.6559299906708994,"Отправляет 2 получателям (top 13.6%), 2 переводов на 152.5 тыс. KZT; выраженный fan-out. Паттерны: циклов 3, повторных маршрутов 1, цепочек A→B→C 1."
100000000596954100,distributor,0.6948939798339265,2,0.564802123003035,"Отправляет 2 получателям (top 13.6%), 2 переводов на 48.1 тыс. KZT; выраженный fan-out."
100000000600707100,consolidator,0.48716192170818506,37,0.36767154055428075,"Получает от 1 отправителей (top 59.0%), вход 89.0 тыс. KZT; наблюдаемый остаток 100%. Граница depth=4: исходящий поток может быть усечён."
100000000607731100,distributor,0.648142793594306,29,0.5290171764566786,"Отправляет 1 получателям (top 23.8%), 1 переводов на 66.7 тыс. KZT; выраженный fan-out."
100000000607941100,transit,0.8567501270971022,5,0.6489173801587904,"Получено 50.0 тыс., отправлено 70.0 тыс. KZT; совпадение потоков 71%, быстрое перенаправление 67%. Паттерны: циклов 1."
100000000608031100,coordinator,0.4471779359430605,16,0.366047686417891,"Betweenness top 63.3%, PageRank top 17.3%; межкластерных связей 0, близость к seed 0.29. Граница depth=4: исходящий поток может быть усечён."
100000000611474100,terminal,0.6957606761565837,22,0.4120314914017826,"Получено 32.0 тыс. KZT от 1 отправителей, исходящий поток 0 KZT; средства преимущественно остаются."
100000000625169100,terminal,0.6222019572953736,1,0.3666802908538674,"Получено 10.0 тыс. KZT от 1 отправителей, исходящий поток 0 KZT; средства преимущественно остаются."
100000000627521100,consolidator,0.38884786476868327,39,0.27814382325258663,"Получает от 1 отправителей (top 59.0%), вход 6.5 тыс. KZT; наблюдаемый остаток 100%. Граница depth=4: исходящий поток может быть усечён."
100000000629812100,terminal,0.7471574733096086,55,0.40951643602542187,"Получено 22.0 тыс. KZT от 2 отправителей, исходящий поток 0 KZT; средства преимущественно остаются."
100000000634341100,coordinator,0.4518665480427047,0,0.39052730981940054,"Betweenness top 63.3%, PageRank top 14.5%; межкластерных связей 0, близость к seed 0.29. Граница depth=4: исходящий поток может быть усечён."
100000000640800100,distributor,0.8529101423487545,3,0.6191543712858762,"Отправляет 4 получателям (top 6.5%), 6 переводов на 518.1 тыс. KZT; выраженный fan-out."
100000000646541100,terminal,0.7738256227758006,0,0.49839591535392247,"Получено 25.3 тыс. KZT от 3 отправителей, исходящий поток 0 KZT; средства преимущественно остаются."
100000000655469100,consolidator,0.42510676156583627,21,0.33123720931492284,"Получает от 1 отправителей (top 59.0%), вход 20.0 тыс. KZT; наблюдаемый остаток 100%. Граница depth=4: исходящий поток может быть усечён."
100000000656682100,transit,0.7406361209964413,0,0.5405184513106578,"Получено 71.0 тыс., отправлено 80.0 тыс. KZT; совпадение потоков 89%, быстрое перенаправление 0%."
100000000661131100,terminal,0.6437144128113879,1,0.3651201054716362,"Получено 15.6 тыс. KZT от 1 отправителей, исходящий поток 0 KZT; средства преимущественно остаются."
100000000661912100,transit,0.9449131848592087,0,0.8434542235978163,"Получено 393.0 тыс., отправлено 430.7 тыс. KZT; совпадение потоков 91%, быстрое перенаправление 88%. Паттерны: циклов 1, повторных маршрутов 1."
100000000667713100,distributor,0.8870562722419929,5,0.8061204366542087,"Отправляет 6 получателям (top 4.3%), 7 переводов на 79.2 тыс. KZT; выраженный fan-out. Паттерны: циклов 2, повторных маршрутов 1."
100000000673868100,distributor,0.891648131672598,30,0.7298651507085363,"Отправляет 5 получателям (top 5.3%), 19 переводов на 383.0 тыс. KZT; выраженный fan-out. Паттерны: циклов 2, повторных маршрутов 2, дроблений 1."
100000000673915100,consolidator,0.4294661921708185,36,0.2962361397439245,"Получает от 1 отправителей (top 59.0%), вход 20.2 тыс. KZT; наблюдаемый остаток 100%. Граница depth=4: исходящий поток может быть усечён."
100000000703894100,distributor,0.6438500889679716,29,0.5592863920305974,"Отправляет 1 получателям (top 23.8%), 1 переводов на 35.0 тыс. KZT; выраженный fan-out."
100000000703902100,terminal,0.6796841637010677,1,0.4429833059861907,"Получено 25.5 тыс. KZT от 1 отправителей, исходящий поток 0 KZT; средства преимущественно остаются."
100000000704700100,coordinator,0.44498487544483983,24,0.36289913825786607,"Betweenness top 63.3%, PageRank top 18.6%; межкластерных связей 0, близость к seed 0.29. Граница depth=4: исходящий поток может быть усечён."
100000000706545100,consolidator,0.7854845994720607,5,0.7352905298638589,"Получает от 3 отправителей (top 6.4%), вход 1.07 млн KZT; наблюдаемый остаток 93%. Паттерны: циклов 1, повторных маршрутов 1."
100000000718427100,terminal,0.6075711743772242,1,0.35768553996418767,"Получено 6.0 тыс. KZT от 1 отправителей, исходящий поток 0 KZT; средства преимущественно остаются."
100000000723383100,coordinator,0.7548843416370107,21,0.537799014056821,"Betweenness top 4.1%, PageRank top 31.1%; межкластерных связей 1, близость к seed 0.36."
100000000724540100,distributor,0.6280412218268091,17,0.49005016779631994,"Отправляет 1 получателям (top 23.8%), 1 переводов на 100.0 тыс. KZT; выраженный fan-out."
100000000733373100,terminal,0.6271752669039146,5,0.4050486163006626,"Получено 10.7 тыс. KZT от 1 отправителей, исходящий поток 0 KZT; средства преимущественно остаются."
100000000733451100,distributor,0.6307072953736655,13,0.5384058247878902,"Отправляет 1 получателям (top 23.8%), 1 переводов на 300.0 тыс. KZT; выраженный fan-out."
100000000733940100,consolidator,0.5230115658362989,31,0.39384108758655023,"Получает от 1 отправителей (top 59.0%), вход 752.0 тыс. KZT; наблюдаемый остаток 100%. Граница depth=4: исходящий поток может быть усечён."
100000000737152100,consolidator,0.42452402135231315,0,0.37372452945006324,"Получает от 1 отправителей (top 59.0%), вход 35.0 тыс. KZT; наблюдаемый остаток 100%. Граница depth=4: исходящий поток может быть усечён."
100000000749118100,transit,0.6622043028146232,0,0.4856308777529353,"Получено 10.3 тыс., отправлено 16.5 тыс. KZT; совпадение потоков 63%, быстрое перенаправление 0%."
100000000764836100,distributor,0.6924666370106762,3,0.5711200717987106,"Отправляет 2 получателям (top 13.6%), 2 переводов на 50.0 тыс. KZT; выраженный fan-out."
100000000765628100,terminal,0.6005160142348754,5,0.4022691679020861,"Получено 5.0 тыс. KZT от 1 отправителей, исходящий поток 0 KZT; средства преимущественно остаются."
100000000769919100,terminal,0.8084697508896795,61,0.4522610572405056,"Получено 250.0 тыс. KZT от 1 отправителей, исходящий поток 0 KZT; средства преимущественно остаются."
100000000782285100,terminal,0.6086699288256227,0,0.3951331984285013,"Получено 6.2 тыс. KZT от 1 отправителей, исходящий поток 0 KZT; средства преимущественно остаются."
100000000783406100,terminal,0.6083807829181495,35,0.3255181002704317,"Получено 6.1 тыс. KZT от 1 отправителей, исходящий поток 0 KZT; средства преимущественно остаются."
100000000785800100,transit,0.9935542704626334,56,0.6085373621680242,"Получено 19.0 тыс., отправлено 19.0 тыс. KZT; совпадение потоков 100%, быстрое перенаправление 100%. Паттерны: циклов 1."
100000000790311100,terminal,0.7156539145907473,15,0.43162688838445074,"Получено 46.3 тыс. KZT от 1 отправителей, исходящий поток 0 KZT; средства преимущественно остаются."
100000000791285100,distributor,0.8284608540925268,26,0.6527885226921298,"Отправляет 3 получателям (top 8.9%), 3 переводов на 650.0 тыс. KZT; выраженный fan-out. Паттерны: циклов 1."
100000000795033100,terminal,0.6543549822064056,0,0.4268955190420492,"Получено 18.2 тыс. KZT от 1 отправителей, исходящий поток 0 KZT; средства преимущественно остаются."
100000000795129100,terminal,0.8191681494661921,15,0.4914773089603161,"Получено 332.0 тыс. KZT от 1 отправителей, исходящий поток 0 KZT; средства преимущественно остаются."
100000000795374100,terminal,0.7236343416370107,3,0.42032485602600855,"Получено 50.0 тыс. KZT от 1 отправителей, исходящий поток 0 KZT; средства преимущественно остаются."
100000000802149100,terminal,0.7668905693950178,0,0.45146156466532533,"Получено 104.1 тыс. KZT от 1 отправителей, исходящий поток 0 KZT; средства преимущественно остаются."
100000000803368100,consolidator,0.5396752669039145,14,0.405390557425166,"Получает от 1 отправителей (top 59.0%), вход 139.5 тыс. KZT; наблюдаемый остаток 100%. Граница depth=4: исходящий поток может быть усечён."
100000000806727100,distributor,0.6926052787663108,2,0.5023711095769592,"Отправляет 1 получателям (top 23.8%), 1 переводов на 5.0 тыс. KZT; выраженный fan-out."
100000000810551100,coordinator,0.7902157473309609,2,0.658617634776783,"Betweenness top 7.6%, PageRank top 56.1%; межкластерных связей 1, близость к seed 0.68."
100000000817146100,terminal,0.7439902135231317,5,0.5216909575382997,"Получено 70.0 тыс. KZT от 1 отправителей, исходящий поток 0 KZT; средства преимущественно остаются."
100000000821507100,terminal,0.8258185053380783,30,0.4507511215356412,"Получено 400.0 тыс. KZT от 1 отправителей, исходящий поток 0 KZT; средства преимущественно остаются."
100000000831684100,transit,0.7835542704626335,11,0.5703715992174713,"Получено 15.0 тыс., отправлено 50.0 тыс. KZT; совпадение потоков 30%, быстрое перенаправление 100%. Паттерны: циклов 1."
100000000838385100,distributor,0.7993438612099645,28,0.6388540239470385,"Отправляет 2 получателям (top 13.6%), 6 переводов на 177.5 тыс. KZT; выраженный fan-out. Паттерны: циклов 1."
100000000850297100,transit,0.9935542704626334,9,0.5644145155802196,"Получено 17.5 тыс., отправлено 17.5 тыс. KZT; совпадение потоков 100%, быстрое перенаправление 100%. Паттерны: циклов 1."
100000000860514100,distributor,0.6203870106761566,25,0.4583139665487044,"Отправляет 1 получателям (top 23.8%), 1 переводов на 50.0 тыс. KZT; выраженный fan-out."
100000000861294100,terminal,0.7831983985765124,6,0.47149453043990414,"Получено 150.0 тыс. KZT от 1 отправителей, исходящий поток 0 KZT; средства преимущественно остаются."
100000000870121100,terminal,0.6299510676156583,13,0.39304710871750065,"Получено 12.0 тыс. KZT от 1 отправителей, исходящий поток 0 KZT; средства преимущественно остаются."
100000000878006100,terminal,0.7172731316725979,4,0.4047605693080312,"Получено 47.0 тыс. KZT от 1 отправителей, исходящий поток 0 KZT; средства преимущественно остаются."
100000000896111100,terminal,0.8143104982206405,23,0.462933608127999,"Получено 287.1 тыс. KZT от 1 отправителей, исходящий поток 0 KZT; средства преимущественно остаются."
100000000907277100,terminal,0.6508274021352313,1,0.42926916007871724,"Получено 17.5 тыс. KZT от 1 отправителей, исходящий поток 0 KZT; средства преимущественно остаются."
100000000910216100,coordinator,0.7910943060498221,2,0.6229705919451248,"Betweenness top 2.7%, PageRank top 44.5%; межкластерных связей 1, близость к seed 0.36."
100000000912487100,terminal,0.6222019572953736,2,0.4015673425921647,"Получено 10.0 тыс. KZT от 1 отправителей, исходящий поток 0 KZT; средства преимущественно остаются."
100000000913911100,coordinator,0.7585609430604981,2,0.6251712349409192,"Betweenness top 17.0%, PageRank top 25.2%; межкластерных связей 1, близость к seed 0.36."
100000000917179100,terminal,0.7589101423487544,14,0.43795572147307027,"Получено 94.5 тыс. KZT от 1 отправителей, исходящий поток 0 KZT; средства преимущественно остаются."
100000000922570100,transit,0.7569921209964412,11,0.5603121879773565,"Получено 47.1 тыс., отправлено 50.0 тыс. KZT; совпадение потоков 94%, быстрое перенаправление 0%."
100000000926078100,consolidator,0.49959074733096087,3,0.4018361684530723,"Получает от 1 отправителей (top 59.0%), вход 250.0 тыс. KZT; наблюдаемый остаток 100%. Граница depth=4: исходящий поток может быть усечён."
100000000926766100,transit,0.7011542704626335,25,0.48037408854008556,"Получено 18.8 тыс., отправлено 6.0 тыс. KZT; совпадение потоков 32%, быстрое перенаправление 100%. Паттерны: циклов 1."
100000000933075100,transit,0.8361622452280816,11,0.6350900921650345,"Получено 40.0 тыс., отправлено 55.0 тыс. KZT; совпадение потоков 73%, быстрое перенаправление 50%. Паттерны: циклов 1."
100000000941942100,terminal,0.7760275800711743,2,0.5302498242182451,"Получено 130.0 тыс. KZT от 1 отправителей, исходящий поток 0 KZT; средства преимущественно остаются."
100000000942301100,terminal,0.7343905693950178,0,0.4460860717895287,"Получено 57.6 тыс. KZT от 1 отправителей, исходящий поток 0 KZT; средства преимущественно остаются."
100000000943371100,terminal,0.6427313167259786,13,0.3977940378719738,"Получено 15.5 тыс. KZT от 1 отправителей, исходящий поток 0 KZT; средства преимущественно остаются."
100000000945428100,terminal,0.7554403914590747,0,0.5140043434813271,"Получено 89.6 тыс. KZT от 1 отправителей, исходящий поток 0 KZT; средства преимущественно остаются."
100000000954884100,terminal,0.6980738434163701,35,0.3771244027885974,"Получено 34.0 тыс. KZT от 1 отправителей, исходящий поток 0 KZT; средства преимущественно остаются."
100000000955444100,terminal,0.6100578291814945,43,0.37308888848399524,"Получено 6.9 тыс. KZT от 1 отправителей, исходящий поток 0 KZT; средства преимущественно остаются."
100000000955529100,distributor,0.7189991103202847,2,0.5629232200727401,"Отправляет 1 получателям (top 23.8%), 1 переводов на 63.5 тыс. KZT; выраженный fan-out."
100000000957746100,coordinator,0.41231583629893237,16,0.3328066721830156,"Betweenness top 63.3%, PageRank top 37.8%; межкластерных связей 0, близость к seed 0.29. Граница depth=4: исходящий поток может быть усечён."
100000000961900100,terminal,0.7822597864768682,0,0.5056801411772075,"Получено 36.0 тыс. KZT от 2 отправителей, исходящий поток 0 KZT; средства преимущественно остаются."
100000000967918100,terminal,0.6656316725978647,0,0.4649577076541489,"Получено 21.2 тыс. KZT от 1 отправителей, исходящий поток 0 KZT; средства преимущественно остаются. Паттерны: повторных маршрутов 1."
100000000968253100,terminal,0.6401290035587188,1,0.4240982526054077,"Получено 15.0 тыс. KZT от 1 отправителей, исходящий поток 0 KZT; средства преимущественно остаются."
100000000971908100,terminal,0.7551512455516014,6,0.45475840944346285,"Получено 89.0 тыс. KZT от 1 отправителей, исходящий поток 0 KZT; средства преимущественно остаются."
100000000976943100,transit,0.8429759786476869,9,0.6257765325414304,"Получено 70.0 тыс., отправлено 84.0 тыс. KZT; совпадение потоков 83%, быстрое перенаправление 33%. Паттерны: повторных маршрутов 1."
100000000978041100,terminal,0.7121841637010676,1,0.46123430499095563,"Получено 44.4 тыс. KZT от 1 отправителей, исходящий поток 0 KZT; средства преимущественно остаются."
100000000979567100,terminal,0.6222019572953736,1,0.411714454554935,"Получено 10.0 тыс. KZT от 1 отправителей, исходящий поток 0 KZT; средства преимущественно остаются."
100000000979923100,terminal,0.7611654804270462,9,0.4996215466167978,"Получено 97.9 тыс. KZT от 1 отправителей, исходящий поток 0 KZT; средства преимущественно остаются."
100000000981693100,coordinator,0.4414306049822065,0,0.38045773686566386,"Betweenness top 63.3%, PageRank top 20.7%; межкластерных связей 0, близость к seed 0.29. Граница depth=4: исходящий поток может быть усечён."
100000000993112100,terminal,0.7803647686832739,32,0.4237594813253176,"Получено 141.0 тыс. KZT от 1 отправителей, исходящий поток 0 KZT; средства преимущественно остаются."
100000000998559100,terminal,0.7636521352313167,2,0.5224126209038112,"Получено 100.0 тыс. KZT от 1 отправителей, исходящий поток 0 KZT; средства преимущественно остаются."
100000001009583100,terminal,0.8249510676156583,4,0.4651514796905597,"Получено 393.7 тыс. KZT от 1 отправителей, исходящий поток 0 KZT; средства преимущественно остаются."
100000001046057100,terminal,0.7522019572953736,10,0.441912247621734,"Получено 83.4 тыс. KZT от 1 отправителей, исходящий поток 0 KZT; средства преимущественно остаются."
100000001046626100,terminal,0.7831983985765124,4,0.4381661448597679,"Получено 150.0 тыс. KZT от 1 отправителей, исходящий поток 0 KZT; средства преимущественно остаются."
100000001049200100,distributor,0.8411499110320285,18,0.692721029135744,"Отправляет 4 получателям (top 6.5%), 5 переводов на 36.0 тыс. KZT; выраженный fan-out. Паттерны: циклов 4."
100000001052789100,terminal,0.744452846975089,18,0.4286226746248758,"Получено 71.0 тыс. KZT от 1 отправителей, исходящий поток 0 KZT; средства преимущественно остаются."
100000001052945100,distributor,0.8312411032028469,57,0.6004361784029572,"Отправляет 3 получателям (top 8.9%), 6 переводов на 1.60 млн KZT; выраженный fan-out. Паттерны: повторных маршрутов 1."
100000001053894100,consolidator,0.5558763345195729,39,0.43685265632943565,"Получает от 1 отправителей (top 59.0%), вход 2.00 млн KZT; наблюдаемый остаток 100%. Паттерны: повторных маршрутов 1. Граница depth=4: исходящий поток может быть усечён."
100000001056414100,terminal,0.8084697508896795,12,0.4295101188995435,"Получено 250.0 тыс. KZT от 1 отправителей, исходящий поток 0 KZT; средства преимущественно остаются."
100000001063678100,distributor,0.6964479537366549,22,0.5085397282967665,"Отправляет 2 получателям (top 13.6%), 2 переводов на 90.0 тыс. KZT; выраженный fan-out."
100000001065234100,consolidator,0.5089190391459074,58,0.3796732744124203,"Получает от 1 отправителей (top 59.0%), вход 360.0 тыс. KZT; наблюдаемый остаток 100%. Граница depth=4: исходящий поток может быть усечён."
100000001065481100,consolidator,0.4696352313167259,13,0.3887541738450546,"Получает от 1 отправителей (top 59.0%), вход 16.0 тыс. KZT; наблюдаемый остаток 100%. Граница depth=4: исходящий поток может быть усечён."
100000001066017100,distributor,0.8058629893238434,0,0.6000222207787442,"Отправляет 4 получателям (top 6.5%), 4 переводов на 82.5 тыс. KZT; выраженный fan-out."
100000001072022100,terminal,0.943959074733096,2,0.6356283226198375,"Получено 1.68 млн KZT от 3 отправителей, исходящий поток 0 KZT; средства преимущественно остаются."
100000001073568100,distributor,0.7976134341637011,14,0.6374249253132596,"Отправляет 2 получателям (top 13.6%), 3 переводов на 219.5 тыс. KZT; выраженный fan-out. Паттерны: повторных маршрутов 1."
100000001074553100,terminal,0.7672820284697509,7,0.5159580375992004,"Получено 29.0 тыс. KZT от 2 отправителей, исходящий поток 0 KZT; средства преимущественно остаются."
100000001083990100,terminal,0.7214368327402135,11,0.4371893643426562,"Получено 49.9 тыс. KZT от 1 отправителей, исходящий поток 0 KZT; средства преимущественно остаются."
100000001089055100,consolidator,0.4725311387900356,16,0.3580883091936917,"Получает от 1 отправителей (top 59.0%), вход 13.0 тыс. KZT; наблюдаемый остаток 100%. Граница depth=4: исходящий поток может быть усечён."
100000001102676100,transit,0.9935542704626334,2,0.6741416369143906,"Получено 50.0 тыс., отправлено 50.0 тыс. KZT; совпадение потоков 100%, быстрое перенаправление 100%."
100000001103905100,terminal,0.6531405693950177,1,0.43047485402889524,"Получено 18.0 тыс. KZT от 1 отправителей, исходящий поток 0 KZT; средства преимущественно остаются."
100000001110358100,terminal,0.7760720640569395,0,0.47355027418997253,"Получено 32.0 тыс. KZT от 2 отправителей, исходящий поток 0 KZT; средства преимущественно остаются."
100000001111763100,terminal,0.6483985765124555,1,0.42818926684028313,"Получено 17.1 тыс. KZT от 1 отправителей, исходящий поток 0 KZT; средства преимущественно остаются."
100000001114385100,terminal,0.688011565836299,2,0.42040876931490806,"Получено 29.5 тыс. KZT от 1 отправителей, исходящий поток 0 KZT; средства преимущественно остаются."
100000001126374100,coordinator,0.8028714412811387,0,0.7282436857969071,"Betweenness top 11.2%, PageRank top 49.9%; межкластерных связей 1, близость к seed 0.68. Паттерны: повторных маршрутов 1."
100000001130176100,terminal,0.6769661921708184,0,0.43247142793203974,"Получено 25.0 тыс. KZT от 1 отправителей, исходящий поток 0 KZT; средства преимущественно остаются."
100000001130553100,coordinator,0.4488416370106762,4,0.36985297170200193,"Betweenness top 63.3%, PageRank top 16.3%; межкластерных связей 0, близость к seed 0.29. Граница depth=4: исходящий поток может быть усечён."
100000001131403100,consolidator,0.5437588967971531,57,0.43024507317727956,"Получает от 1 отправителей (top 59.0%), вход 1.57 млн KZT; наблюдаемый остаток 100%. Паттерны: повторных маршрутов 1. Граница depth=4: исходящий поток может быть усечён."
100000001138283100,transit,0.8263743914821311,3,0.6011263939184261,"Получено 81.8 тыс., отправлено 50.0 тыс. KZT; совпадение потоков 61%, быстрое перенаправление 100%. Паттерны: циклов 1."
100000001138376100,terminal,0.6424421708185053,15,0.39239972888914176,"Получено 15.3 тыс. KZT от 1 отправителей, исходящий поток 0 KZT; средства преимущественно остаются."
100000001140785100,terminal,0.8817838078291814,10,0.482797268527516,"Получено 215.0 тыс. KZT от 2 отправителей, исходящий поток 0 KZT; средства преимущественно остаются."
100000001141268100,consolidator,0.6344721233689206,17,0.5374568595122013,"Получает от 2 отправителей (top 14.3%), вход 480.0 тыс. KZT; наблюдаемый остаток 98%."
100000001145749100,terminal,0.6222019572953736,2,0.41445680133804735,"Получено 10.0 тыс. KZT от 1 отправителей, исходящий поток 0 KZT; средства преимущественно остаются."
100000001149815100,terminal,0.6299510676156583,1,0.35934448269583547,"Получено 12.0 тыс. KZT от 1 отправителей, исходящий поток 0 KZT; средства преимущественно остаются."
100000001155773100,terminal,0.6660364768683273,1,0.3759352300267963,"Получено 21.5 тыс. KZT от 1 отправителей, исходящий поток 0 KZT; средства преимущественно остаются."
100000001160401100,terminal,0.717909252669039,0,0.44201808841943546,"Получено 47.2 тыс. KZT от 1 отправителей, исходящий поток 0 KZT; средства преимущественно остаются."
100000001162560100,distributor,0.9346525116342732,7,0.700612022053871,"Отправляет 12 получателям (top 2.3%), 14 переводов на 2.90 млн KZT; выраженный fan-out. Паттерны: дроблений 1."
100000001164648100,terminal,0.7153514234875444,19,0.4620947745277522,"Получено 13.7 тыс. KZT от 2 отправителей, исходящий поток 0 KZT; средства преимущественно остаются."
100000001166289100,distributor,0.6720447805456703,1,0.6316963731843275,"Отправляет 1 получателям (top 23.8%), 1 переводов на 25.0 тыс. KZT; выраженный fan-out. Паттерны: циклов 1, повторных маршрутов 1."
100000001169666100,distributor,0.6158718861209965,8,0.4990788750685299,"Отправляет 1 получателям (top 23.8%), 1 переводов на 24.0 тыс. KZT; выраженный fan-out."
100000001184915100,terminal,0.7993905693950177,15,0.47969327466720707,"Получено 201.0 тыс. KZT от 1 отправителей, исходящий поток 0 KZT; средства преимущественно остаются."
100000001194266100,terminal,0.7236343416370107,2,0.4985015979229318,"Получено 50.0 тыс. KZT от 1 отправителей, исходящий поток 0 KZT; средства преимущественно остаются."
100000001202637100,coordinator,0.4503540925266904,8,0.35936164363505113,"Betweenness top 63.3%, PageRank top 15.4%; межкластерных связей 0, близость к seed 0.29. Граница depth=4: исходящий поток может быть усечён."
100000001202787100,coordinator,0.5900516014234876,0,0.44273235213930057,"Betweenness top 63.3%, PageRank top 37.1%; межкластерных связей 1, близость к seed 0.29. Граница depth=4: исходящий поток может быть усечён."
100000001220124100,coordinator,0.4477829181494662,3,0.3764217912288731,"Betweenness top 63.3%, PageRank top 16.9%; межкластерных связей 0, близость к seed 0.29. Граница depth=4: исходящий поток может быть усечён."
100000001222245100,consolidator,0.5125222419928825,4,0.45095400012366205,"Получает от 1 отправителей (top 59.0%), вход 420.0 тыс. KZT; наблюдаемый остаток 100%. Паттерны: повторных маршрутов 1. Граница depth=4: исходящий поток может быть усечён."
100000001222263100,transit,0.8057850469155485,4,0.6278782318081457,"Получено 745.6 тыс., отправлено 420.0 тыс. KZT; совпадение потоков 56%, быстрое перенаправление 100%. Паттерны: повторных маршрутов 1."
100000001223977100,distributor,0.6145373665480427,50,0.42913960142456553,"Отправляет 1 получателям (top 23.8%), 1 переводов на 18.0 тыс. KZT; выраженный fan-out."
100000001227106100,terminal,0.7875934163701067,4,0.44081284729403986,"Получено 164.8 тыс. KZT от 1 отправителей, исходящий поток 0 KZT; средства преимущественно остаются."
100000001229743100,transit,0.7077194543297747,0,0.4914614546393454,"Получено 7.0 тыс., отправлено 9.0 тыс. KZT; совпадение потоков 78%, быстрое перенаправление 0%."
100000001232297100,distributor,0.7926920225385529,13,0.4969553987793601,"Отправляет 2 получателям (top 13.6%), 2 переводов на 45.0 тыс. KZT; выраженный fan-out. Паттерны: циклов 2."
100000001236706100,coordinator,0.8280093416370108,13,0.6372196667496509,"Betweenness top 11.2%, PageRank top 7.7%; межкластерных связей 1, близость к seed 0.32."
100000001241318100,terminal,0.7293594306049821,0,0.45325631651859405,"Получено 53.0 тыс. KZT от 1 отправителей, исходящий поток 0 KZT; средства преимущественно остаются."
100000001246806100,consolidator,0.4771307829181495,7,0.4079189685554899,"Получает от 1 отправителей (top 59.0%), вход 130.0 тыс. KZT; наблюдаемый остаток 100%. Граница depth=4: исходящий поток может быть усечён."
100000001248999100,terminal,0.6698532028469751,16,0.3759848917529705,"Получено 23.4 тыс. KZT от 1 отправителей, исходящий поток 0 KZT; средства преимущественно остаются."
100000001249054100,consolidator,0.4667393238434163,8,0.33333820947135007,"Получает от 1 отправителей (top 59.0%), вход 17.4 тыс. KZT; наблюдаемый остаток 100%. Граница depth=4: исходящий поток может быть усечён."
100000001250022100,terminal,0.7236343416370107,6,0.4352877688740678,"Получено 50.0 тыс. KZT от 1 отправителей, исходящий поток 0 KZT; средства преимущественно остаются."
100000001251686100,terminal,0.6531405693950177,2,0.4190106699942999,"Получено 18.0 тыс. KZT от 1 отправителей, исходящий поток 0 KZT; средства преимущественно остаются."
100000001252290100,distributor,0.6095774021352314,4,0.4931808667756577,"Отправляет 1 получателям (top 23.8%), 1 переводов на 5.0 тыс. KZT; выраженный fan-out."
100000001253557100,terminal,0.9035498220640569,10,0.5953554563100811,"Получено 210.2 тыс. KZT от 5 отправителей, исходящий поток 0 KZT; средства преимущественно остаются."
100000001256409100,coordinator,0.44967348754448405,3,0.3627537078875246,"Betweenness top 63.3%, PageRank top 15.8%; межкластерных связей 0, близость к seed 0.29. Граница depth=4: исходящий поток может быть усечён."
100000001262647100,terminal,0.6711254448398577,15,0.4037467039781097,"Получено 23.6 тыс. KZT от 1 отправителей, исходящий поток 0 KZT; средства преимущественно остаются."
100000001270349100,terminal,0.798291814946619,27,0.43686269592618654,"Получено 200.0 тыс. KZT от 1 отправителей, исходящий поток 0 KZT; средства преимущественно остаются."
100000001270470100,coordinator,0.4307677935943061,0,0.38041779024644684,"Betweenness top 63.3%, PageRank top 27.0%; межкластерных связей 0, близость к seed 0.29. Граница depth=4: исходящий поток может быть усечён."
100000001273783100,terminal,0.6693905693950178,9,0.4047907851638279,"Получено 23.2 тыс. KZT от 1 отправителей, исходящий поток 0 KZT; средства преимущественно остаются."
100000001275557100,coordinator,0.4124670818505339,22,0.33704540746908185,"Betweenness top 63.3%, PageRank top 37.7%; межкластерных связей 0, близость к seed 0.29. Граница depth=4: исходящий поток может быть усечён."
100000001275752100,terminal,0.784470640569395,7,0.4380708960683985,"Получено 151.5 тыс. KZT от 1 отправителей, исходящий поток 0 KZT; средства преимущественно остаются."
100000001276409100,consolidator,0.5428069395017793,8,0.38728620769199057,"Получает от 1 отправителей (top 59.0%), вход 94.8 тыс. KZT; наблюдаемый остаток 100%. Граница depth=4: исходящий поток может быть усечён."
100000001279272100,distributor,0.7926846085409253,0,0.6535447908723557,"Отправляет 2 получателям (top 13.6%), 2 переводов на 136.8 тыс. KZT; выраженный fan-out. Паттерны: циклов 11."
100000001279875100,terminal,0.7207428825622776,12,0.40510901906515784,"Получено 49.2 тыс. KZT от 1 отправителей, исходящий поток 0 KZT; средства преимущественно остаются."
100000001280798100,terminal,0.6722820284697509,8,0.37477037921924095,"Получено 23.8 тыс. KZT от 1 отправителей, исходящий поток 0 KZT; средства преимущественно остаются."
100000001282143100,terminal,0.9522419928825622,12,0.5526719674940229,"Получено 1.70 млн KZT от 5 отправителей, исходящий поток 0 KZT; средства преимущественно остаются. Паттерны: дроблений 1, синхронных дней 1."
100000001285440100,terminal,0.8874510676156583,17,0.49501563799548354,"Получено 243.0 тыс. KZT от 2 отправителей, исходящий поток 0 KZT; средства преимущественно остаются."
100000001286703100,consolidator,0.4267215302491103,39,0.29573901898212396,"Получает от 1 отправителей (top 59.0%), вход 20.5 тыс. KZT; наблюдаемый остаток 100%. Граница depth=4: исходящий поток может быть усечён."
100000001287955100,distributor,0.8571079478054567,12,0.6060818276222592,"Отправляет 4 получателям (top 6.5%), 5 переводов на 310.0 тыс. KZT; выраженный fan-out."
100000001290243100,terminal,0.6222019572953736,5,0.41547637430778,"Получено 10.0 тыс. KZT от 1 отправителей, исходящий поток 0 KZT; средства преимущественно остаются."
100000001297206100,consolidator,0.4340524911032029,0,0.350334836509792,"Получает от 1 отправителей (top 59.0%), вход 6.8 тыс. KZT; наблюдаемый остаток 100%. Граница depth=4: исходящий поток может быть усечён."
100000001298099100,terminal,0.6554537366548042,8,0.36646192726194554,"Получено 19.0 тыс. KZT от 1 отправителей, исходящий поток 0 KZT; средства преимущественно остаются."
100000001299323100,consolidator,0.542170818505338,7,0.3948622057873836,"Получает от 1 отправителей (top 59.0%), вход 109.0 тыс. KZT; наблюдаемый остаток 100%. Граница depth=4: исходящий поток может быть усечён."
100000001299443100,consolidator,0.445520462633452,19,0.3049404991745294,"Получает от 1 отправителей (top 59.0%), вход 8.0 тыс. KZT; наблюдаемый остаток 100%. Граница depth=4: исходящий поток может быть усечён."
100000001299828100,consolidator,0.4685631672597864,0,0.40902548525462223,"Получает от 1 отправителей (top 59.0%), вход 100.0 тыс. KZT; наблюдаемый остаток 100%. Граница depth=4: исходящий поток может быть усечён."
100000001303311100,terminal,0.9510854092526689,17,0.5516062258046756,"Получено 1.32 млн KZT от 5 отправителей, исходящий поток 0 KZT; средства преимущественно остаются. Паттерны: дроблений 1, синхронных дней 1."
100000001307612100,terminal,0.7046663701067616,1,0.45653050047922394,"Получено 38.5 тыс. KZT от 1 отправителей, исходящий поток 0 KZT; средства преимущественно остаются."
100000001308856100,terminal,0.6844261565836299,1,0.3986599818923662,"Получено 27.0 тыс. KZT от 1 отправителей, исходящий поток 0 KZT; средства преимущественно остаются."
100000001311175100,consolidator,0.5046752669039146,12,0.4019981890908937,"Получает от 1 отправителей (top 59.0%), вход 300.0 тыс. KZT; наблюдаемый остаток 100%. Граница depth=4: исходящий поток может быть усечён."
100000001317336100,distributor,0.7171997330960854,31,0.5420203263033159,"Отправляет 2 получателям (top 13.6%), 3 переводов на 1.75 млн KZT; выраженный fan-out."
100000001325618100,consolidator,0.44776245551601424,19,0.3074565134094049,"Получает от 1 отправителей (top 59.0%), вход 9.3 тыс. KZT; наблюдаемый остаток 100%. Граница depth=4: исходящий поток может быть усечён."
100000001329153100,terminal,0.7842393238434163,0,0.45997158049688835,"Получено 150.7 тыс. KZT от 1 отправителей, исходящий поток 0 KZT; средства преимущественно остаются."
100000001330595100,transit,0.6438666404769607,24,0.527696914021625,"Получено 87.0 тыс., отправлено 154.0 тыс. KZT; совпадение потоков 56%, быстрое перенаправление 0%."
100000001330685100,coordinator,0.840920818505338,4,0.7235071718848285,"Betweenness top 19.0%, PageRank top 26.1%; межкластерных связей 2, близость к seed 0.68. Паттерны: повторных маршрутов 1."
100000001339466100,terminal,0.6905560498220641,2,0.4385428763999938,"Получено 30.0 тыс. KZT от 1 отправителей, исходящий поток 0 KZT; средства преимущественно остаются."
100000001346560100,transit,0.7295212561315764,2,0.5480772682590965,"Получено 10.0 тыс., отправлено 22.2 тыс. KZT; совпадение потоков 45%, быстрое перенаправление 0%."
100000001362940100,terminal,0.7506405693950178,2,0.5152299549559253,"Получено 81.0 тыс. KZT от 1 отправителей, исходящий поток 0 KZT; средства преимущественно остаются."
100000001363952100,coordinator,0.7656183274021353,3,0.6528327097773299,"Betweenness top 19.0%, PageRank top 54.8%; межкластерных связей 1, близость к seed 0.68."
100000001373265100,coordinator,0.6132784697508897,3,0.5119671302740093,"Betweenness top 19.0%, PageRank top 49.0%; межкластерных связей 0, близость к seed 0.32."
100000001378288100,consolidator,0.5013923487544484,3,0.4028285220166003,"Получает от 1 отправителей (top 59.0%), вход 268.0 тыс. KZT; наблюдаемый остаток 100%. Граница depth=4: исходящий поток может быть усечён."
100000001379511100,terminal,0.7320774021352313,10,0.4293070570340718,"Получено 55.0 тыс. KZT от 1 отправителей, исходящий поток 0 KZT; средства преимущественно остаются."
100000001380054100,distributor,0.8177175266903914,29,0.6998934960330495,"Отправляет 3 получателям (top 8.9%), 4 переводов на 360.0 тыс. KZT; выраженный fan-out. Паттерны: циклов 2."
100000001380107100,terminal,0.6075711743772242,55,0.3162085718984478,"Получено 6.0 тыс. KZT от 1 отправителей, исходящий поток 0 KZT; средства преимущественно остаются."
100000001380986100,terminal,0.7442215302491103,7,0.4224707534162161,"Получено 70.2 тыс. KZT от 1 отправителей, исходящий поток 0 KZT; средства преимущественно остаются."
100000001382002100,transit,0.7664215192265298,0,0.5758948300255903,"Получено 55.0 тыс., отправлено 56.5 тыс. KZT; совпадение потоков 97%, быстрое перенаправление 0%. Паттерны: циклов 1."
100000001384826100,distributor,0.6120462633451957,4,0.5141603402070474,"Отправляет 1 получателям (top 23.8%), 1 переводов на 10.0 тыс. KZT; выраженный fan-out."
100000001386612100,terminal,0.7377446619217082,20,0.4518401340355967,"Получено 62.3 тыс. KZT от 1 отправителей, исходящий поток 0 KZT; средства преимущественно остаются."
100000001389255100,terminal,0.6457962633451957,1,0.4269468291178632,"Получено 16.1 тыс. KZT от 1 отправителей, исходящий поток 0 KZT; средства преимущественно остаются."
100000001411870100,terminal,0.9250400355871885,6,0.5849776754188571,"Получено 900.0 тыс. KZT от 2 отправителей, исходящий поток 0 KZT; средства преимущественно остаются."
100000001415126100,terminal,0.6844261565836299,20,0.5361047008184909,"Получено 27.0 тыс. KZT от 1 отправителей, исходящий поток 0 KZT; средства преимущественно остаются."
100000001418900100,terminal,0.70836743772242,1,0.4122903361466529,"Получено 40.1 тыс. KZT от 1 отправителей, исходящий поток 0 KZT; средства преимущественно остаются."
100000001420847100,terminal,0.6599644128113878,18,0.39159519543327376,"Получено 20.0 тыс. KZT от 1 отправителей, исходящий поток 0 KZT; средства преимущественно остаются."
100000001427082100,distributor,0.850580516014235,21,0.5685134534745425,"Отправляет 5 получателям (top 5.3%), 6 переводов на 124.9 тыс. KZT; выраженный fan-out."
100000001429930100,terminal,0.6805516014234875,13,0.5317898291177651,"Получено 26.0 тыс. KZT от 1 отправителей, исходящий поток 0 KZT; средства преимущественно остаются."
100000001439416100,distributor,0.8017815836298933,0,0.5840184341997615,"Отправляет 2 получателям (top 13.6%), 3 переводов на 165.0 тыс. KZT; выраженный fan-out. Паттерны: циклов 1."
100000001445848100,transit,0.8312038572341064,35,0.6279940015970956,"Получено 546.0 тыс., отправлено 351.9 тыс. KZT; совпадение потоков 64%, быстрое перенаправление 75%. Паттерны: циклов 1, повторных маршрутов 2."
100000001463701100,terminal,0.9199510676156583,9,0.5816363759943235,"Получено 621.0 тыс. KZT от 2 отправителей, исходящий поток 0 KZT; средства преимущественно остаются."
100000001471706100,consolidator,0.5097998220640569,20,0.45804118685969225,"Получает от 1 отправителей (top 59.0%), вход 377.0 тыс. KZT; наблюдаемый остаток 100%. Паттерны: повторных маршрутов 1. Граница depth=4: исходящий поток может быть усечён."
100000001477796100,terminal,0.7925088967971529,2,0.5366702996691166,"Получено 182.0 тыс. KZT от 1 отправителей, исходящий поток 0 KZT; средства преимущественно остаются."
100000001484381100,terminal,0.8406094306049822,8,0.44927856359605917,"Получено 95.6 тыс. KZT от 2 отправителей, исходящий поток 0 KZT; средства преимущественно остаются."
100000001490461100,distributor,0.612494068801898,8,0.47551289030512783,"Отправляет 1 получателям (top 23.8%), 1 переводов на 5.0 тыс. KZT; выраженный fan-out."
100000001498732100,consolidator,0.4142838078291815,51,0.2764867273236046,"Получает от 1 отправителей (top 59.0%), вход 5.5 тыс. KZT; наблюдаемый остаток 100%. Граница depth=4: исходящий поток может быть усечён."
100000001524952100,terminal,0.7667749110320284,0,0.5199295116157141,"Получено 103.8 тыс. KZT от 1 отправителей, исходящий поток 0 KZT; средства преимущественно остаются."
100000001526235100,distributor,0.8674689960099214,25,0.6529574328952,"Отправляет 8 получателям (top 3.2%), 9 переводов на 432.8 тыс. KZT; выраженный fan-out. Паттерны: циклов 3."
100000001527186100,terminal,0.8399866548042704,2,0.5701965587921036,"Получено 678.0 тыс. KZT от 1 отправителей, исходящий поток 0 KZT; средства преимущественно остаются."
100000001530709100,terminal,0.7308051601423488,0,0.42835865679960955,"Получено 54.0 тыс. KZT от 1 отправителей, исходящий поток 0 KZT; средства преимущественно остаются."
100000001530740100,terminal,0.6401290035587188,5,0.42693918569568046,"Получено 15.0 тыс. KZT от 1 отправителей, исходящий поток 0 KZT; средства преимущественно остаются."
100000001530983100,distributor,0.9101928380782919,5,0.8093505128151205,"Отправляет 11 получателям (top 2.4%), 17 переводов на 1.83 млн KZT; выраженный fan-out. Паттерны: повторных маршрутов 1, дроблений 2."
100000001533161100,consolidator,0.5364635231316726,44,0.36902993365319875,"Получает от 1 отправителей (top 59.0%), вход 100.0 тыс. KZT; наблюдаемый остаток 100%. Граница depth=4: исходящий поток может быть усечён."
100000001534244100,consolidator,0.6262087733115532,7,0.5367114718782826,"Получает от 2 отправителей (top 14.3%), вход 366.0 тыс. KZT; наблюдаемый остаток 88%."
100000001537524100,consolidator,0.5428069395017794,12,0.375367807730886,"Получает от 1 отправителей (top 59.0%), вход 150.0 тыс. KZT; наблюдаемый остаток 100%. Граница depth=4: исходящий поток может быть усечён."
100000001538095100,terminal,0.8931183274021351,12,0.5020555862689331,"Получено 280.0 тыс. KZT от 2 отправителей, исходящий поток 0 KZT; средства преимущественно остаются."
100000001541418100,terminal,0.8408407473309608,7,0.49997539592673046,"Получено 96.9 тыс. KZT от 2 отправителей, исходящий поток 0 KZT; средства преимущественно остаются."
100000001549194100,terminal,0.7160008896797153,14,0.40387573913340225,"Получено 46.5 тыс. KZT от 1 отправителей, исходящий поток 0 KZT; средства преимущественно остаются."
100000001550388100,terminal,0.7236343416370107,0,0.49444970319843917,"Получено 50.0 тыс. KZT от 1 отправителей, исходящий поток 0 KZT; средства преимущественно остаются."
100000001550419100,terminal,0.6687544483985765,14,0.378085676821994,"Получено 23.0 тыс. KZT от 1 отправителей, исходящий поток 0 KZT; средства преимущественно остаются."
100000001554432100,terminal,0.7306895017793594,2,0.5020985424762824,"Получено 53.9 тыс. KZT от 1 отправителей, исходящий поток 0 KZT; средства преимущественно остаются."
100000001557930100,terminal,0.699114768683274,6,0.421652108893479,"Получено 34.6 тыс. KZT от 1 отправителей, исходящий поток 0 KZT; средства преимущественно остаются."
100000001567366100,terminal,0.843803380782918,5,0.5653168193212783,"Получено 824.1 тыс. KZT от 1 отправителей, исходящий поток 0 KZT; средства преимущественно остаются."
100000001578517100,terminal,0.6905560498220641,5,0.41303393658536014,"Получено 30.0 тыс. KZT от 1 отправителей, исходящий поток 0 KZT; средства преимущественно остаются."
100000001584286100,terminal,0.9221485765124554,12,0.5143927783663549,"Получено 738.7 тыс. KZT от 2 отправителей, исходящий поток 0 KZT; средства преимущественно остаются."
100000001590795100,consolidator,0.43879448398576515,19,0.2973625632314689,"Получает от 1 отправителей (top 59.0%), вход 5.1 тыс. KZT; наблюдаемый остаток 100%. Граница depth=4: исходящий поток может быть усечён."
100000001597424100,terminal,0.7188923487544484,14,0.40548230652579503,"Получено 48.1 тыс. KZT от 1 отправителей, исходящий поток 0 KZT; средства преимущественно остаются."
100000001597505100,coordinator,0.7333718861209965,32,0.5260540522570549,"Betweenness top 21.1%, PageRank top 48.8%; межкластерных связей 1, близость к seed 0.36."
100000001598625100,coordinator,0.43057873665480434,3,0.3615283964996242,"Betweenness top 63.3%, PageRank top 27.1%; межкластерных связей 0, близость к seed 0.29. Граница depth=4: исходящий поток может быть усечён."
100000001600934100,distributor,0.7127179715302492,3,0.5480337341791883,"Отправляет 1 получателям (top 23.8%), 1 переводов на 11.0 тыс. KZT; выраженный fan-out. Паттерны: циклов 1."
100000001601320100,transit,0.7568536534639738,6,0.5577544154170266,"Получено 43.5 тыс., отправлено 46.2 тыс. KZT; совпадение потоков 94%, быстрое перенаправление 0%."
100000001609499100,coordinator,0.8303158362989325,0,0.7391332059488637,"Betweenness top 4.6%, PageRank top 45.2%; межкластерных связей 1, близость к seed 0.68. Паттерны: циклов 123."
100000001611488100,terminal,0.9229581850533807,4,0.5325976706435656,"Получено 779.3 тыс. KZT от 2 отправителей, исходящий поток 0 KZT; средства преимущественно остаются."
100000001616816100,coordinator,0.9461654804270462,6,0.857580314996657,"Betweenness top 6.7%, PageRank top 0.6%; межкластерных связей 3, близость к seed 1.00. Паттерны: циклов 2."
100000001632325100,terminal,0.7535898576512455,1,0.42369333930517467,"Получено 85.6 тыс. KZT от 1 отправителей, исходящий поток 0 KZT; средства преимущественно остаются."
100000001633685100,terminal,0.8082339857651245,0,0.46451809264282584,"Получено 45.0 тыс. KZT от 3 отправителей, исходящий поток 0 KZT; средства преимущественно остаются."
100000001637376100,transit,0.8430099801744797,4,0.562317524714716,"Получено 116.7 тыс., отправлено 234.2 тыс. KZT; совпадение потоков 50%, быстрое перенаправление 100%."
100000001639766100,terminal,0.6599644128113878,6,0.4336498901886985,"Получено 20.0 тыс. KZT от 1 отправителей, исходящий поток 0 KZT; средства преимущественно остаются."
100000001641789100,terminal,0.6519261565836298,6,0.4839297277139291,"Получено 17.8 тыс. KZT от 1 отправителей, исходящий поток 0 KZT; средства преимущественно остаются."
100000001641951100,terminal,0.6769661921708184,2,0.46044394401565225,"Получено 25.0 тыс. KZT от 1 отправителей, исходящий поток 0 KZT; средства преимущественно остаются. Паттерны: повторных маршрутов 1."
100000001648936100,terminal,0.7579848754448398,6,0.4563716818472157,"Получено 92.7 тыс. KZT от 1 отправителей, исходящий поток 0 KZT; средства преимущественно остаются."
100000001650895100,distributor,0.6120462633451957,8,0.4885410931110991,"Отправляет 1 получателям (top 23.8%), 1 переводов на 10.0 тыс. KZT; выраженный fan-out."
100000001660397100,transit,0.9516568922942843,0,0.7410162379349309,"Получено 48.6 тыс., отправлено 49.0 тыс. KZT; совпадение потоков 99%, быстрое перенаправление 75%. Паттерны: циклов 223."
100000001669260100,consolidator,0.5170062277580071,3,0.41481598113942414,"Получает от 1 отправителей (top 59.0%), вход 500.0 тыс. KZT; наблюдаемый остаток 100%. Граница depth=4: исходящий поток может быть усечён."
100000001674850100,terminal,0.8861788256227757,10,0.5161613383217056,"Получено 237.0 тыс. KZT от 2 отправителей, исходящий поток 0 KZT; средства преимущественно остаются."
100000001677389100,distributor,0.610155693950178,16,0.44090190653924444,"Отправляет 1 получателям (top 23.8%), 1 переводов на 5.4 тыс. KZT; выраженный fan-out."
100000001677929100,transit,0.826491585648339,6,0.6469539225780616,"Получено 126.8 тыс., отправлено 286.1 тыс. KZT; совпадение потоков 44%, быстрое перенаправление 100%. Паттерны: циклов 2."
100000001680944100,terminal,0.8246040925266903,17,0.4506572851545975,"Получено 393.0 тыс. KZT от 1 отправителей, исходящий поток 0 KZT; средства преимущественно остаются."
100000001684867100,terminal,0.6933318505338079,5,0.47184931826572607,"Получено 30.6 тыс. KZT от 1 отправителей, исходящий поток 0 KZT; средства преимущественно остаются."
100000001686328100,terminal,0.7795551601423486,7,0.4468190230050587,"Получено 140.0 тыс. KZT от 1 отправителей, исходящий поток 0 KZT; средства преимущественно остаются."
100000001688676100,terminal,0.7770685053380783,18,0.44850786331816295,"Получено 133.7 тыс. KZT от 1 отправителей, исходящий поток 0 KZT; средства преимущественно остаются."
100000001689968100,terminal,0.9148131672597865,4,0.5378622549635526,"Получено 344.3 тыс. KZT от 3 отправителей, исходящий поток 0 KZT; средства преимущественно остаются."
100000001690439100,terminal,0.6370640569395017,4,0.4129224724107469,"Получено 14.2 тыс. KZT от 1 отправителей, исходящий поток 0 KZT; средства преимущественно остаются."
100000001690558100,terminal,0.8419528469750889,18,0.4902024947945577,"Получено 740.0 тыс. KZT от 1 отправителей, исходящий поток 0 KZT; средства преимущественно остаются."
100000001696818100,terminal,0.7301690391459075,2,0.49818457073492284,"Получено 53.5 тыс. KZT от 1 отправителей, исходящий поток 0 KZT; средства преимущественно остаются."
100000001697501100,distributor,0.9359284675809393,1,0.8163492195934401,"Отправляет 38 получателям (top 0.4%), 55 переводов на 1.48 млн KZT; выраженный fan-out. Паттерны: циклов 3, повторных маршрутов 2, дроблений 5."
100000001703168100,transit,0.7443861209964413,2,0.5373906178267166,"Получено 45.0 тыс., отправлено 90.0 тыс. KZT; совпадение потоков 50%, быстрое перенаправление 0%."
100000001714173100,terminal,0.8397553380782917,17,0.5086238927348039,"Получено 638.9 тыс. KZT от 1 отправителей, исходящий поток 0 KZT; средства преимущественно остаются. Паттерны: повторных маршрутов 1."
100000001714413100,terminal,0.8089902135231316,4,0.45388964728862735,"Получено 250.2 тыс. KZT от 1 отправителей, исходящий поток 0 KZT; средства преимущественно остаются."
100000001714883100,consolidator,0.44303825622775805,19,0.302297972484138,"Получает от 1 отправителей (top 59.0%), вход 6.9 тыс. KZT; наблюдаемый остаток 100%. Граница depth=4: исходящий поток может быть усечён."
100000001716579100,terminal,0.6353870106761565,1,0.42173793232071016,"Получено 13.9 тыс. KZT от 1 отправителей, исходящий поток 0 KZT; средства преимущественно остаются."
100000001724740100,consolidator,0.4891014234875445,7,0.45152036919990657,"Получает от 1 отправителей (top 59.0%), вход 185.0 тыс. KZT; наблюдаемый остаток 100%. Паттерны: цепочек A→B→C 1. Граница depth=4: исходящий поток может быть усечён."
100000001726614100,terminal,0.7788033807829181,0,0.4592956343242025,"Получено 138.7 тыс. KZT от 1 отправителей, исходящий поток 0 KZT; средства преимущественно остаются."
100000001732159100,transit,0.9422404456134922,10,0.877202026076083,"Seed с неполным входящим потоком; отправлено 1.51 млн KZT 4 получателям, быстрое перенаправление 78%. Паттерны: циклов 4, повторных маршрутов 3, цепочек A→B→C 1."
100000001733216100,consolidator,0.449306049822064,0,0.39164991297415674,"Получает от 1 отправителей (top 59.0%), вход 60.0 тыс. KZT; наблюдаемый остаток 100%. Граница depth=4: исходящий поток может быть усечён."
100000001733687100,terminal,0.8158140569395017,7,0.460174544770075,"Получено 300.0 тыс. KZT от 1 отправителей, исходящий поток 0 KZT; средства преимущественно остаются."
100000001737722100,terminal,0.7368193950177936,2,0.4450625059697124,"Получено 60.5 тыс. KZT от 1 отправителей, исходящий поток 0 KZT; средства преимущественно остаются."
100000001740277100,transit,0.7115125577780504,6,0.5019933385190865,"Получено 8.7 тыс., отправлено 5.0 тыс. KZT; совпадение потоков 57%, быстрое перенаправление 0%. Паттерны: циклов 1."
100000001745217100,terminal,0.7236343416370107,0,0.4270138494169592,"Получено 50.0 тыс. KZT от 1 отправителей, исходящий поток 0 KZT; средства преимущественно остаются."
100000001746925100,coordinator,0.7804982206405694,2,0.6486922174566793,"Betweenness top 6.1%, PageRank top 64.4%; межкластерных связей 1, близость к seed 0.68."
100000001782980100,distributor,0.6590688018979834,29,0.5027106671723887,"Отправляет 1 получателям (top 23.8%), 3 переводов на 596.2 тыс. KZT; выраженный fan-out."
100000001784279100,terminal,0.7014279359430605,0,0.4150418536928344,"Получено 35.7 тыс. KZT от 1 отправителей, исходящий поток 0 KZT; средства преимущественно остаются."
100000001785161100,terminal,0.77086743772242,30,0.4252258605875269,"Получено 30.0 тыс. KZT от 2 отправителей, исходящий поток 0 KZT; средства преимущественно остаются."
100000001788284100,distributor,0.8642726868327403,25,0.5670693599272782,"Отправляет 5 получателям (top 5.3%), 8 переводов на 296.7 тыс. KZT; выраженный fan-out. Паттерны: циклов 1."
100000001805543100,terminal,0.7349688612099644,5,0.4942490596554359,"Получено 59.0 тыс. KZT от 1 отправителей, исходящий поток 0 KZT; средства преимущественно остаются."
100000001808684100,transit,0.898492286991559,6,0.6167314482353814,"Получено 48.4 тыс., отправлено 37.7 тыс. KZT; совпадение потоков 78%, быстрое перенаправление 100%. Паттерны: циклов 1."
100000001816678100,consolidator,0.539661921708185,2,0.4107327685527418,"Получает от 1 отправителей (top 59.0%), вход 60.0 тыс. KZT; наблюдаемый остаток 100%. Граница depth=4: исходящий поток может быть усечён."
100000001818442100,terminal,0.7103336298932384,8,0.39633457620718454,"Получено 42.2 тыс. KZT от 1 отправителей, исходящий поток 0 KZT; средства преимущественно остаются."
100000001819396100,terminal,0.788403024911032,26,0.4247400302527533,"Получено 166.1 тыс. KZT от 1 отправителей, исходящий поток 0 KZT; средства преимущественно остаются."
100000001822623100,terminal,0.7995062277580071,22,0.4509399431233061,"Получено 201.3 тыс. KZT от 1 отправителей, исходящий поток 0 KZT; средства преимущественно остаются."
100000001822650100,consolidator,0.5354181494661922,7,0.3958097916294535,"Получает от 1 отправителей (top 59.0%), вход 112.0 тыс. KZT; наблюдаемый остаток 100%. Граница depth=4: исходящий поток может быть усечён."
100000001825934100,distributor,0.6248354092526691,37,0.4693273092166179,"Отправляет 1 получателям (top 23.8%), 1 переводов на 97.0 тыс. KZT; выраженный fan-out."
100000001831496100,distributor,0.7243104982206405,9,0.5475399700879442,"Отправляет 1 получателям (top 23.8%), 1 переводов на 373.0 тыс. KZT; выраженный fan-out."
100000001835625100,terminal,0.7472286476868327,4,0.41764247599652826,"Получено 75.1 тыс. KZT от 1 отправителей, исходящий поток 0 KZT; средства преимущественно остаются."
100000001837130100,terminal,0.7903692170818505,0,0.46682795371583746,"Получено 172.9 тыс. KZT от 1 отправителей, исходящий поток 0 KZT; средства преимущественно остаются."
100000001845505100,coordinator,0.45602580071174376,3,0.37355228439998006,"Betweenness top 63.3%, PageRank top 12.1%; межкластерных связей 0, близость к seed 0.29. Граница depth=4: исходящий поток может быть усечён."
100000001848426100,terminal,0.760182384341637,6,0.45772713315747127,"Получено 95.5 тыс. KZT от 1 отправителей, исходящий поток 0 KZT; средства преимущественно остаются."
100000001851289100,terminal,0.7690880782918149,5,0.515049713343837,"Получено 109.5 тыс. KZT от 1 отправителей, исходящий поток 0 KZT; средства преимущественно остаются."
100000001852140100,terminal,0.6905560498220641,59,0.40165435792135007,"Получено 30.0 тыс. KZT от 1 отправителей, исходящий поток 0 KZT; средства преимущественно остаются."
100000001853812100,terminal,0.7431227758007117,3,0.4316963940555879,"Получено 70.0 тыс. KZT от 1 отправителей, исходящий поток 0 KZT; средства преимущественно остаются."
100000001857829100,distributor,0.8929738892483555,3,0.7385835642982761,"Отправляет 16 получателям (top 1.6%), 16 переводов на 2.39 млн KZT; выраженный fan-out. Паттерны: циклов 50, синхронных дней 1."
100000001860090100,terminal,0.6005160142348754,6,0.3988267585161006,"Получено 5.0 тыс. KZT от 1 отправителей, исходящий поток 0 KZT; средства преимущественно остаются."
100000001870116100,terminal,0.6730338078291814,1,0.44019513872640414,"Получено 24.0 тыс. KZT от 1 отправителей, исходящий поток 0 KZT; средства преимущественно остаются."
100000001872484100,distributor,0.8603625444839857,56,0.7486972880571416,"Отправляет 3 получателям (top 8.9%), 9 переводов на 514.6 тыс. KZT; выраженный fan-out. Паттерны: циклов 2, повторных маршрутов 2."
100000001875167100,terminal,0.8454804270462634,4,0.4849239743795439,"Получено 1.00 млн KZT от 1 отправителей, исходящий поток 0 KZT; средства преимущественно остаются."
100000001875239100,terminal,0.9356316725978647,7,0.5469840939667232,"Получено 712.0 тыс. KZT от 3 отправителей, исходящий поток 0 KZT; средства преимущественно остаются. Паттерны: дроблений 1, синхронных дней 1."
100000001884825100,terminal,0.9274199288256227,7,0.5032983736403509,"Получено 495.0 тыс. KZT от 3 отправителей, исходящий поток 0 KZT; средства преимущественно остаются."
100000001887715100,transit,0.8057623065122017,17,0.607980057172467,"Получено 1.33 млн, отправлено 750.0 тыс. KZT; совпадение потоков 56%, быстрое перенаправление 100%. Паттерны: синхронных дней 1."
100000001893287100,distributor,0.7605071174377224,6,0.6162876488940889,"Отправляет 1 получателям (top 23.8%), 14 переводов на 152.7 тыс. KZT; выраженный fan-out. Паттерны: циклов 1, повторных маршрутов 1."
100000001899164100,coordinator,0.8779403914590748,11,0.7411226516977671,"Betweenness top 5.8%, PageRank top 3.9%; межкластерных связей 1, близость к seed 0.68. Паттерны: циклов 2."
100000001904863100,terminal,0.8336254448398576,14,0.4688566758567648,"Получено 500.0 тыс. KZT от 1 отправителей, исходящий поток 0 KZT; средства преимущественно остаются."
100000001924185100,terminal,0.8646663701067615,9,0.5788137193202177,"Получено 151.0 тыс. KZT от 2 отправителей, исходящий поток 0 KZT; средства преимущественно остаются."
100000001927599100,terminal,0.8743816725978647,8,0.45937863734137396,"Получено 188.0 тыс. KZT от 2 отправителей, исходящий поток 0 KZT; средства преимущественно остаются."
100000001929088100,terminal,0.9057250889679714,6,0.5998453295294789,"Получено 396.0 тыс. KZT от 2 отправителей, исходящий поток 0 KZT; средства преимущественно остаются."
100000001934935100,terminal,0.7729048042704626,0,0.45279555516638753,"Получено 118.9 тыс. KZT от 1 отправителей, исходящий поток 0 KZT; средства преимущественно остаются."
100000001937767100,coordinator,0.8842482206405694,14,0.7557942632306605,"Betweenness top 9.7%, PageRank top 5.6%; межкластерных связей 2, близость к seed 0.68. Паттерны: циклов 1."
100000001952325100,terminal,0.7491948398576512,1,0.4825365676425028,"Получено 77.9 тыс. KZT от 1 отправителей, исходящий поток 0 KZT; средства преимущественно остаются."
100000001953577100,terminal,0.6437144128113879,1,0.4258333059861906,"Получено 15.6 тыс. KZT от 1 отправителей, исходящий поток 0 KZT; средства преимущественно остаются."
100000001954534100,coordinator,0.6258607651245551,0,0.517570495713456,"Betweenness top 16.4%, PageRank top 34.2%; межкластерных связей 0, близость к seed 0.32."
100000001954903100,terminal,0.6851201067615659,9,0.41164193365946034,"Получено 27.1 тыс. KZT от 1 отправителей, исходящий поток 0 KZT; средства преимущественно остаются."
100000001957974100,consolidator,0.5762944839857651,14,0.4015646593295614,"Получает от 1 отправителей (top 59.0%), вход 500.0 тыс. KZT; наблюдаемый остаток 100%. Граница depth=4: исходящий поток может быть усечён."
100000001960517100,terminal,0.798291814946619,6,0.5303349772012323,"Получено 200.0 тыс. KZT от 1 отправителей, исходящий поток 0 KZT; средства преимущественно остаются."
100000001961048100,terminal,0.7831983985765124,30,0.4238190445379058,"Получено 150.0 тыс. KZT от 1 отправителей, исходящий поток 0 KZT; средства преимущественно остаются."
100000001965374100,distributor,0.8056897983392646,23,0.6644907692277835,"Отправляет 3 получателям (top 8.9%), 5 переводов на 3.08 млн KZT; выраженный fan-out. Паттерны: циклов 1."
100000001969496100,terminal,0.6681183274021353,14,0.37775373732021467,"Получено 22.7 тыс. KZT от 1 отправителей, исходящий поток 0 KZT; средства преимущественно остаются."
100000001985793100,terminal,0.8271485765124554,27,0.45549401582995896,"Получено 420.0 тыс. KZT от 1 отправителей, исходящий поток 0 KZT; средства преимущественно остаются."
100000001987030100,coordinator,0.7806094306049822,15,0.6308568946035267,"Betweenness top 9.6%, PageRank top 72.0%; межкластерных связей 2, близость к seed 0.68."
100000001991973100,consolidator,0.4805916370106761,19,0.33022697604285683,"Получает от 1 отправителей (top 59.0%), вход 20.8 тыс. KZT; наблюдаемый остаток 100%. Граница depth=4: исходящий поток может быть усечён."
100000002015633100,terminal,0.7597197508896797,4,0.42442392194594847,"Получено 95.0 тыс. KZT от 1 отправителей, исходящий поток 0 KZT; средства преимущественно остаются."
100000002028158100,terminal,0.6993460854092527,15,0.4220272119043471,"Получено 34.8 тыс. KZT от 1 отправителей, исходящий поток 0 KZT; средства преимущественно остаются."
100000002032323100,transit,0.7792685561769191,10,0.5935881441758079,"Получено 300.0 тыс., отправлено 1.05 млн KZT; совпадение потоков 29%, быстрое перенаправление 100%."
100000002087788100,terminal,0.7657339857651245,4,0.45808468788032847,"Получено 100.5 тыс. KZT от 1 отправителей, исходящий поток 0 KZT; средства преимущественно остаются."
100000002095257100,terminal,0.6147998220640568,11,0.39515774576728363,"Получено 8.5 тыс. KZT от 1 отправителей, исходящий поток 0 KZT; средства преимущественно остаются."
100000002103448100,terminal,0.6844261565836299,1,0.38495001630069586,"Получено 27.0 тыс. KZT от 1 отправителей, исходящий поток 0 KZT; средства преимущественно остаются."
100000002109656100,terminal,0.8336254448398576,12,0.4474860072261338,"Получено 500.0 тыс. KZT от 1 отправителей, исходящий поток 0 KZT; средства преимущественно остаются."
100000002116705100,terminal,0.6513478647686832,1,0.36881939372786393,"Получено 17.6 тыс. KZT от 1 отправителей, исходящий поток 0 KZT; средства преимущественно остаются."
100000002119762100,consolidator,0.45839412811387903,4,0.42305371638796907,"Получает от 1 отправителей (top 59.0%), вход 77.0 тыс. KZT; наблюдаемый остаток 100%. Паттерны: повторных маршрутов 1. Граница depth=4: исходящий поток может быть усечён."
100000002121357100,coordinator,0.7039346085409253,10,0.5774755130676563,"Betweenness top 14.3%, PageRank top 43.5%; межкластерных связей 1, близость к seed 0.32."
100000002126791100,consolidator,0.5270951957295373,7,0.4340768975253851,"Получает от 1 отправителей (top 59.0%), вход 1.31 млн KZT; наблюдаемый остаток 100%. Граница depth=4: исходящий поток может быть усечён."
100000002130400100,coordinator,0.39598131672597864,37,0.3057543824798363,"Betweenness top 63.3%, PageRank top 47.4%; межкластерных связей 0, близость к seed 0.29. Граница depth=4: исходящий поток может быть усечён."
100000002132479100,distributor,0.7094113285883749,14,0.5261051839030888,"Отправляет 1 получателям (top 23.8%), 1 переводов на 20.0 тыс. KZT; выраженный fan-out. Паттерны: циклов 1."
100000002152857100,distributor,0.8980071174377224,27,0.6656792003893779,"Отправляет 5 получателям (top 5.3%), 6 переводов на 1.23 млн KZT; выраженный fan-out."
100000002156381100,transit,0.7172264016101745,33,0.5848737493793933,"Получено 61.0 тыс., отправлено 21.8 тыс. KZT; совпадение потоков 36%, быстрое перенаправление 100%. Паттерны: циклов 1, дроблений 1."
100000002158488100,terminal,0.6952980427046264,1,0.45082654442035436,"Получено 31.7 тыс. KZT от 1 отправителей, исходящий поток 0 KZT; средства преимущественно остаются."
100000002170580100,terminal,0.7831983985765124,9,0.4680794215274643,"Получено 150.0 тыс. KZT от 1 отправителей, исходящий поток 0 KZT; средства преимущественно остаются."
100000002173070100,terminal,0.6905560498220641,5,0.41303393658536014,"Получено 30.0 тыс. KZT от 1 отправителей, исходящий поток 0 KZT; средства преимущественно остаются."
100000002173161100,terminal,0.9432651245551601,5,0.6284220405348618,"Получено 1.43 млн KZT от 3 отправителей, исходящий поток 0 KZT; средства преимущественно остаются."
100000002175422100,distributor,0.8702365065243179,31,0.7120448565010297,"Отправляет 6 получателям (top 4.3%), 14 переводов на 1.62 млн KZT; выраженный fan-out. Паттерны: циклов 3, повторных маршрутов 1, дроблений 1."
100000002182176100,terminal,0.7105649466192171,0,0.48735965667874565,"Получено 42.5 тыс. KZT от 1 отправителей, исходящий поток 0 KZT; средства преимущественно остаются."
100000002184107100,terminal,0.6083807829181495,35,0.3255181002704317,"Получено 6.1 тыс. KZT от 1 отправителей, исходящий поток 0 KZT; средства преимущественно остаются."
100000002185328100,distributor,0.8293558718861211,21,0.5355174299369324,"Отправляет 4 получателям (top 6.5%), 4 переводов на 55.0 тыс. KZT; выраженный fan-out."
100000002188586100,consolidator,0.5046930604982206,8,0.3585801482517675,"Получает от 1 отправителей (top 59.0%), вход 38.3 тыс. KZT; наблюдаемый остаток 100%. Граница depth=4: исходящий поток может быть усечён."
100000002188829100,terminal,0.8258185053380783,2,0.5606509943732605,"Получено 400.0 тыс. KZT от 1 отправителей, исходящий поток 0 KZT; средства преимущественно остаются."
100000002193259100,transit,0.8412518407166525,11,0.6546742637177447,"Получено 48.0 тыс., отправлено 58.0 тыс. KZT; совпадение потоков 83%, быстрое перенаправление 33%. Паттерны: циклов 2."
100000002194320100,consolidator,0.5019928825622776,58,0.37130137386418527,"Получает от 1 отправителей (top 59.0%), вход 275.0 тыс. KZT; наблюдаемый остаток 100%. Граница depth=4: исходящий поток может быть усечён."
100000002194329100,terminal,0.6789902135231317,0,0.4051083002511608,"Получено 25.2 тыс. KZT от 1 отправителей, исходящий поток 0 KZT; средства преимущественно остаются."
100000002199091100,terminal,0.7397686832740213,1,0.4304668486021689,"Получено 65.0 тыс. KZT от 1 отправителей, исходящий поток 0 KZT; средства преимущественно остаются."
100000002205022100,distributor,0.83013196915777,55,0.5684417898753087,"Отправляет 3 получателям (top 8.9%), 3 переводов на 518.0 тыс. KZT; выраженный fan-out."
100000002208836100,consolidator,0.4633185053380783,4,0.37281636787397465,"Получает от 1 отправителей (top 59.0%), вход 90.0 тыс. KZT; наблюдаемый остаток 100%. Граница depth=4: исходящий поток может быть усечён."
100000002211413100,terminal,0.702873665480427,1,0.4552604600666538,"Получено 37.0 тыс. KZT от 1 отправителей, исходящий поток 0 KZT; средства преимущественно остаются."
100000002212494100,terminal,0.7864368327402135,31,0.4422373635852936,"Получено 160.0 тыс. KZT от 1 отправителей, исходящий поток 0 KZT; средства преимущественно остаются."
100000002214207100,consolidator,0.46652135231316727,37,0.3677858355432199,"Получает от 1 отправителей (top 59.0%), вход 97.0 тыс. KZT; наблюдаемый остаток 100%. Граница depth=4: исходящий поток может быть усечён."
100000002214301100,coordinator,0.7520774021352313,0,0.615040710647622,"Betweenness top 7.0%, PageRank top 84.7%; межкластерных связей 1, близость к seed 0.68."
100000002214383100,consolidator,0.49442615658362987,1,0.41437567136864284,"Получает от 1 отправителей (top 59.0%), вход 213.0 тыс. KZT; наблюдаемый остаток 100%. Граница depth=4: исходящий поток может быть усечён."
100000002214570100,terminal,0.683385231316726,1,0.4446672917513152,"Получено 26.5 тыс. KZT от 1 отправителей, исходящий поток 0 KZT; средства преимущественно остаются."
100000002214664100,transit,0.7245484225094171,1,0.48628809684030083,"Получено 8.0 тыс., отправлено 77.0 тыс. KZT; совпадение потоков 10%, быстрое перенаправление 100%."
100000002216999100,terminal,0.6715880782918149,1,0.37874519443960764,"Получено 23.7 тыс. KZT от 1 отправителей, исходящий поток 0 KZT; средства преимущественно остаются."
100000002217161100,distributor,0.870341043890866,35,0.7257597092989756,"Отправляет 7 получателям (top 3.7%), 19 переводов на 995.1 тыс. KZT; выраженный fan-out. Паттерны: циклов 1, повторных маршрутов 2."
100000002217806100,consolidator,0.46606316725978647,38,0.34849528501459104,"Получает от 1 отправителей (top 59.0%), вход 55.0 тыс. KZT; наблюдаемый остаток 100%. Граница depth=4: исходящий поток может быть усечён."
100000002224132100,distributor,0.8079033214709371,23,0.7375481073480633,"Отправляет 4 получателям (top 6.5%), 25 переводов на 12.12 млн KZT; выраженный fan-out. Паттерны: циклов 8, повторных маршрутов 3, цепочек A→B→C 1, дроблений 3."
100000002227960100,consolidator,0.4009208185053381,21,0.30455811678823247,"Получает от 1 отправителей (top 59.0%), вход 10.0 тыс. KZT; наблюдаемый остаток 100%. Граница depth=4: исходящий поток может быть усечён."
100000002227989100,coordinator,0.42539857651245555,21,0.33681998511563455,"Betweenness top 63.3%, PageRank top 30.1%; межкластерных связей 0, близость к seed 0.29. Граница depth=4: исходящий поток может быть усечён."
100000002229615100,coordinator,0.46230249110320293,21,0.3606662484608303,"Betweenness top 63.3%, PageRank top 8.4%; межкластерных связей 0, близость к seed 0.29. Граница depth=4: исходящий поток может быть усечён."
100000002231144100,coordinator,0.41904626334519574,21,0.3301139352935706,"Betweenness top 63.3%, PageRank top 33.9%; межкластерных связей 0, близость к seed 0.29. Граница depth=4: исходящий поток может быть усечён."
100000002232266100,terminal,0.7136298932384341,3,0.41536178517638134,"Получено 45.0 тыс. KZT от 1 отправителей, исходящий поток 0 KZT; средства преимущественно остаются."
100000002236528100,terminal,0.740520462633452,6,0.44977835554193174,"Получено 66.0 тыс. KZT от 1 отправителей, исходящий поток 0 KZT; средства преимущественно остаются."
100000002241986100,distributor,0.8777087569903407,39,0.6335755293618468,"Отправляет 6 получателям (top 4.3%), 12 переводов на 3.08 млн KZT; выраженный fan-out. Паттерны: повторных маршрутов 1."
100000002242066100,consolidator,0.449306049822064,35,0.360547893107902,"Получает от 1 отправителей (top 59.0%), вход 60.0 тыс. KZT; наблюдаемый остаток 100%. Граница depth=4: исходящий поток может быть усечён."
100000002242455100,consolidator,0.4726868327402135,4,0.39299550127784116,"Получает от 1 отправителей (top 59.0%), вход 110.0 тыс. KZT; наблюдаемый остаток 100%. Граница depth=4: исходящий поток может быть усечён."
100000002243354100,terminal,0.6643016014234876,1,0.4356955835662618,"Получено 20.9 тыс. KZT от 1 отправителей, исходящий поток 0 KZT; средства преимущественно остаются."
100000002255058100,terminal,0.8324688612099643,2,0.49795404366921114,"Получено 491.5 тыс. KZT от 1 отправителей, исходящий поток 0 KZT; средства преимущественно остаются."
100000002257794100,terminal,0.7851645907473309,24,0.4620844522624176,"Получено 154.0 тыс. KZT от 1 отправителей, исходящий поток 0 KZT; средства преимущественно остаются."
100000002258492100,coordinator,0.44812322064056936,20,0.37300880203714726,"Betweenness top 63.3%, PageRank top 16.7%; межкластерных связей 0, близость к seed 0.29. Граница depth=4: исходящий поток может быть усечён."
100000002267998100,distributor,0.8362458481613286,22,0.7077060142917001,"Отправляет 3 получателям (top 8.9%), 12 переводов на 1.11 млн KZT; выраженный fan-out. Паттерны: циклов 4, повторных маршрутов 2."
100000002284426100,terminal,0.756076512455516,4,0.42253985939097777,"Получено 90.0 тыс. KZT от 1 отправителей, исходящий поток 0 KZT; средства преимущественно остаются."
100000002289937100,terminal,0.6599644128113878,1,0.4339188042068312,"Получено 20.0 тыс. KZT от 1 отправителей, исходящий поток 0 KZT; средства преимущественно остаются."
100000002293421100,transit,0.9041665404709623,0,0.7060638447679856,"Получено 41.0 тыс., отправлено 47.0 тыс. KZT; совпадение потоков 87%, быстрое перенаправление 67%. Паттерны: циклов 2, повторных маршрутов 2."
100000002299948100,terminal,0.6095373665480427,32,0.32978930985977245,"Получено 6.8 тыс. KZT от 1 отправителей, исходящий поток 0 KZT; средства преимущественно остаются."
100000002301828100,terminal,0.7166948398576513,16,0.40103866967808854,"Получено 47.0 тыс. KZT от 1 отправителей, исходящий поток 0 KZT; средства преимущественно остаются."
100000002304943100,consolidator,0.41333185053380783,21,0.31458712034695135,"Получает от 1 отправителей (top 59.0%), вход 15.0 тыс. KZT; наблюдаемый остаток 100%. Граница depth=4: исходящий поток может быть усечён."
100000002305007100,terminal,0.7333496441281139,1,0.4114946579255285,"Получено 56.0 тыс. KZT от 1 отправителей, исходящий поток 0 KZT; средства преимущественно остаются."
100000002305477100,consolidator,0.4270640569395018,21,0.32369770753556343,"Получает от 1 отправителей (top 59.0%), вход 20.0 тыс. KZT; наблюдаемый остаток 100%. Граница depth=4: исходящий поток может быть усечён."
100000002306369100,distributor,0.9162474580579563,2,0.7526880443139405,"Отправляет 6 получателям (top 4.3%), 9 переводов на 260.9 тыс. KZT; выраженный fan-out. Паттерны: циклов 81, дроблений 1."
100000002308091100,terminal,0.7936076512455515,12,0.45521629354739274,"Получено 186.7 тыс. KZT от 1 отправителей, исходящий поток 0 KZT; средства преимущественно остаются."
100000002320495100,coordinator,0.44619483985765124,16,0.3569233981616633,"Betweenness top 63.3%, PageRank top 17.9%; межкластерных связей 0, близость к seed 0.29. Граница depth=4: исходящий поток может быть усечён."
100000002324543100,terminal,0.6929848754448399,7,0.45466087628066487,"Получено 30.2 тыс. KZT от 1 отправителей, исходящий поток 0 KZT; средства преимущественно остаются."
100000002335358100,terminal,0.7795551601423486,5,0.48397362438866,"Получено 140.0 тыс. KZT от 1 отправителей, исходящий поток 0 KZT; средства преимущественно остаются."
100000002340562100,terminal,0.7024688612099644,6,0.44747672875760064,"Получено 36.6 тыс. KZT от 1 отправителей, исходящий поток 0 KZT; средства преимущественно остаются."
100000002343825100,coordinator,0.7263678825622776,10,0.6092491281441756,"Betweenness top 10.3%, PageRank top 41.3%; межкластерных связей 1, близость к seed 0.32."
100000002346166100,terminal,0.6075711743772242,1,0.3501990200623835,"Получено 6.0 тыс. KZT от 1 отправителей, исходящий поток 0 KZT; средства преимущественно остаются."
100000002356167100,distributor,0.6967815836298933,4,0.5540539725697391,"Отправляет 2 получателям (top 13.6%), 3 переводов на 29.5 тыс. KZT; выраженный fan-out."
100000002369443100,terminal,0.7236343416370107,1,0.4063872333284214,"Получено 50.0 тыс. KZT от 1 отправителей, исходящий поток 0 KZT; средства преимущественно остаются."
100000002369454100,coordinator,0.43057873665480434,3,0.3615283964996242,"Betweenness top 63.3%, PageRank top 27.1%; межкластерных связей 0, близость к seed 0.29. Граница depth=4: исходящий поток может быть усечён."
100000002369510100,terminal,0.7032206405693949,1,0.39541410605347993,"Получено 37.1 тыс. KZT от 1 отправителей, исходящий поток 0 KZT; средства преимущественно остаются."
100000002369874100,terminal,0.9392259786476868,7,0.5551806489963261,"Получено 600.0 тыс. KZT от 4 отправителей, исходящий поток 0 KZT; средства преимущественно остаются. Паттерны: дроблений 1, синхронных дней 1."
100000002371751100,transit,0.9335542704626334,61,0.6639256507181069,"Получено 200.0 тыс., отправлено 250.0 тыс. KZT; совпадение потоков 80%, быстрое перенаправление 100%. Паттерны: повторных маршрутов 1."
100000002371892100,consolidator,0.4324510676156583,62,0.3140273530667659,"Получает от 1 отправителей (top 59.0%), вход 43.8 тыс. KZT; наблюдаемый остаток 100%. Граница depth=4: исходящий поток может быть усечён."
100000002373144100,distributor,0.6127357651245552,0,0.49586187106357704,"Отправляет 1 получателям (top 23.8%), 1 переводов на 10.8 тыс. KZT; выраженный fan-out."
100000002373386100,terminal,0.6730338078291814,1,0.37928763216202765,"Получено 24.0 тыс. KZT от 1 отправителей, исходящий поток 0 KZT; средства преимущественно остаются."
100000002380341100,terminal,0.7341592526690391,0,0.4501245431641684,"Получено 57.6 тыс. KZT от 1 отправителей, исходящий поток 0 KZT; средства преимущественно остаются."
100000002391278100,transit,0.8643322590774343,27,0.5925085795674894,"Получено 30.0 тыс., отправлено 52.7 тыс. KZT; совпадение потоков 57%, быстрое перенаправление 100%. Паттерны: циклов 1, повторных маршрутов 1."
100000002394199100,distributor,0.6990169039145908,6,0.5971234424648931,"Отправляет 1 получателям (top 23.8%), 1 переводов на 76.8 тыс. KZT; выраженный fan-out. Паттерны: циклов 1."
100000002398779100,consolidator,0.8662797390808549,0,0.7479392076090883,"Получает от 13 отправителей (top 0.2%), вход 1.10 млн KZT; наблюдаемый остаток 94%. Паттерны: повторных маршрутов 1, дроблений 3, синхронных дней 3."
100000002404112100,consolidator,0.5061032028469751,26,0.3646320509429495,"Получает от 1 отправителей (top 59.0%), вход 60.0 тыс. KZT; наблюдаемый остаток 100%. Граница depth=4: исходящий поток может быть усечён."
100000002432143100,terminal,0.7508140569395018,2,0.4722795554682565,"Получено 81.3 тыс. KZT от 1 отправителей, исходящий поток 0 KZT; средства преимущественно остаются."
100000002433697100,transit,0.9274004243087872,4,0.5773404609786618,"Получено 130.0 тыс., отправлено 110.0 тыс. KZT; совпадение потоков 85%, быстрое перенаправление 100%."
100000002435265100,terminal,0.7768371886120996,0,0.49311262077942086,"Получено 132.6 тыс. KZT от 1 отправителей, исходящий поток 0 KZT; средства преимущественно остаются. Паттерны: повторных маршрутов 1."
100000002443664100,terminal,0.9313523131672597,12,0.5273970647921412,"Получено 556.9 тыс. KZT от 3 отправителей, исходящий поток 0 KZT; средства преимущественно остаются. Паттерны: синхронных дней 1."
100000002445750100,coordinator,0.619357206405694,0,0.5286750584305966,"Betweenness top 17.0%, PageRank top 17.6%; межкластерных связей 0, близость к seed 0.36."
100000002448088100,transit,0.9335542704626334,21,0.5816957757415683,"Получено 20.0 тыс., отправлено 25.0 тыс. KZT; совпадение потоков 80%, быстрое перенаправление 100%."
100000002454724100,terminal,0.7744661921708185,30,0.45607049228944246,"Получено 125.0 тыс. KZT от 1 отправителей, исходящий поток 0 KZT; средства преимущественно остаются. Паттерны: повторных маршрутов 1."
100000002457464100,terminal,0.7408674377224199,2,0.4479122795057848,"Получено 66.6 тыс. KZT от 1 отправителей, исходящий поток 0 KZT; средства преимущественно остаются."
100000002459093100,distributor,0.646235172004745,27,0.5158781411130389,"Отправляет 1 получателям (top 23.8%), 3 переводов на 55.0 тыс. KZT; выраженный fan-out."
100000002459163100,terminal,0.6632606761565837,56,0.3872391446335397,"Получено 20.2 тыс. KZT от 1 отправителей, исходящий поток 0 KZT; средства преимущественно остаются."
100000002459164100,terminal,0.6599644128113878,0,0.4251080204925583,"Получено 20.0 тыс. KZT от 1 отправителей, исходящий поток 0 KZT; средства преимущественно остаются."
100000002459240100,terminal,0.7831983985765124,4,0.4381661448597679,"Получено 150.0 тыс. KZT от 1 отправителей, исходящий поток 0 KZT; средства преимущественно остаются."
100000002459832100,terminal,0.9248087188612099,3,0.5059401165702353,"Получено 880.6 тыс. KZT от 2 отправителей, исходящий поток 0 KZT; средства преимущественно остаются."
100000002462183100,terminal,0.768220640569395,45,0.47678246249724093,"Получено 107.5 тыс. KZT от 1 отправителей, исходящий поток 0 KZT; средства преимущественно остаются."
100000002469065100,terminal,0.798291814946619,5,0.47693034551450925,"Получено 200.0 тыс. KZT от 1 отправителей, исходящий поток 0 KZT; средства преимущественно остаются."
100000002472632100,coordinator,0.6673999110320286,25,0.5335895343538003,"Betweenness top 15.4%, PageRank top 4.9%; межкластерных связей 0, близость к seed 0.32."
100000002474570100,consolidator,0.44275800711743774,19,0.3018265312029992,"Получает от 1 отправителей (top 59.0%), вход 6.8 тыс. KZT; наблюдаемый остаток 100%. Граница depth=4: исходящий поток может быть усечён."
100000002475601100,terminal,0.8047108540925266,3,0.44812483843538303,"Получено 232.3 тыс. KZT от 1 отправителей, исходящий поток 0 KZT; средства преимущественно остаются."
100000002478829100,consolidator,0.4514902135231317,21,0.3465362138354576,"Получает от 1 отправителей (top 59.0%), вход 34.0 тыс. KZT; наблюдаемый остаток 100%. Граница depth=4: исходящий поток может быть усечён."
100000002479804100,transit,0.8935325313321987,2,0.6695801860857988,"Получено 46.0 тыс., отправлено 35.3 тыс. KZT; совпадение потоков 77%, быстрое перенаправление 100%."
100000002480800100,terminal,0.9175222419928825,2,0.6011963627609799,"Получено 569.3 тыс. KZT от 2 отправителей, исходящий поток 0 KZT; средства преимущественно остаются."
100000002481735100,terminal,0.6677713523131673,5,0.43813295793767326,"Получено 22.4 тыс. KZT от 1 отправителей, исходящий поток 0 KZT; средства преимущественно остаются."
100000002481974100,coordinator,0.7455360320284697,3,0.5979969582241602,"Betweenness top 11.5%, PageRank top 41.9%; межкластерных связей 1, близость к seed 0.32."
100000002487222100,consolidator,0.4905782918149466,4,0.37108683050742663,"Получает от 1 отправителей (top 59.0%), вход 90.0 тыс. KZT; наблюдаемый остаток 100%. Граница depth=4: исходящий поток может быть усечён."
100000002488629100,terminal,0.7454359430604982,6,0.4482803764444334,"Получено 73.0 тыс. KZT от 1 отправителей, исходящий поток 0 KZT; средства преимущественно остаются."
100000002489253100,terminal,0.7269884341637011,5,0.4344141695196856,"Получено 51.0 тыс. KZT от 1 отправителей, исходящий поток 0 KZT; средства преимущественно остаются."
100000002492277100,terminal,0.778629893238434,2,0.47333448914667775,"Получено 138.5 тыс. KZT от 1 отправителей, исходящий поток 0 KZT; средства преимущественно остаются."
100000002505277100,consolidator,0.449306049822064,0,0.39164991297415674,"Получает от 1 отправителей (top 59.0%), вход 60.0 тыс. KZT; наблюдаемый остаток 100%. Граница depth=4: исходящий поток может быть усечён."
100000002506987100,consolidator,0.4918016014234875,8,0.34936756890195503,"Получает от 1 отправителей (top 59.0%), вход 28.2 тыс. KZT; наблюдаемый остаток 100%. Граница depth=4: исходящий поток может быть усечён."
100000002508637100,distributor,0.6111565836298932,3,0.5008426552865257,"Отправляет 1 получателям (top 23.8%), 1 переводов на 8.0 тыс. KZT; выраженный fan-out."
100000002509598100,terminal,0.816970640569395,12,0.43533147425724217,"Получено 305.6 тыс. KZT от 1 отправителей, исходящий поток 0 KZT; средства преимущественно остаются."
100000002511581100,terminal,0.6513478647686832,1,0.36881939372786393,"Получено 17.6 тыс. KZT от 1 отправителей, исходящий поток 0 KZT; средства преимущественно остаются."
100000002511825100,terminal,0.7397686832740213,0,0.5035932420879983,"Получено 65.0 тыс. KZT от 1 отправителей, исходящий поток 0 KZT; средства преимущественно остаются."
100000002512742100,consolidator,0.44139679715302493,19,0.30003845291118425,"Получает от 1 отправителей (top 59.0%), вход 6.0 тыс. KZT; наблюдаемый остаток 100%. Граница depth=4: исходящий поток может быть усечён."
100000002513028100,distributor,0.8384475088967973,60,0.5850229079557907,"Отправляет 3 получателям (top 8.9%), 24 переводов на 332.7 тыс. KZT; выраженный fan-out. Паттерны: повторных маршрутов 1, дроблений 1."
100000002514975100,coordinator,0.44332117437722424,26,0.35278551540385167,"Betweenness top 63.3%, PageRank top 19.6%; межкластерных связей 0, близость к seed 0.29. Граница depth=4: исходящий поток может быть усечён."
100000002516862100,consolidator,0.47577846975088967,60,0.34059452467797663,"Получает от 1 отправителей (top 59.0%), вход 81.7 тыс. KZT; наблюдаемый остаток 100%. Граница depth=4: исходящий поток может быть усечён."
100000002521039100,terminal,0.820556049822064,0,0.484005905219836,"Получено 349.4 тыс. KZT от 1 отправителей, исходящий поток 0 KZT; средства преимущественно остаются."
100000002527114100,distributor,0.9704366454392208,1,0.8382424443099045,"Отправляет 111 получателям (top 0.1%), 113 переводов на 3.29 млн KZT; выраженный fan-out. Паттерны: циклов 3, дроблений 8."
100000002528544100,terminal,0.79557384341637,3,0.4420513914846502,"Получено 192.9 тыс. KZT от 1 отправителей, исходящий поток 0 KZT; средства преимущественно остаются."
100000002528978100,consolidator,0.46321619217081844,8,0.3309944372293572,"Получает от 1 отправителей (top 59.0%), вход 15.9 тыс. KZT; наблюдаемый остаток 100%. Граница depth=4: исходящий поток может быть усечён."
100000002529877100,consolidator,0.5576201067615658,12,0.38759692430297416,"Получает от 1 отправителей (top 59.0%), вход 232.0 тыс. KZT; наблюдаемый остаток 100%. Граница depth=4: исходящий поток может быть усечён."
100000002529880100,terminal,0.8624688612099644,10,0.505417716953155,"Получено 147.0 тыс. KZT от 2 отправителей, исходящий поток 0 KZT; средства преимущественно остаются."
100000002530224100,terminal,0.7711699288256227,7,0.4297898675580538,"Получено 113.0 тыс. KZT от 1 отправителей, исходящий поток 0 KZT; средства преимущественно остаются."
100000002531406100,transit,0.7578476594579797,3,0.5465027327373214,"Получено 520.0 тыс., отправлено 500.0 тыс. KZT; совпадение потоков 96%, быстрое перенаправление 0%."
100000002534091100,terminal,0.6674822064056939,3,0.3929674256781201,"Получено 22.2 тыс. KZT от 1 отправителей, исходящий поток 0 KZT; средства преимущественно остаются."
100000002537811100,coordinator,0.6499510676156585,9,0.5351072576134845,"Betweenness top 13.0%, PageRank top 3.5%; межкластерных связей 0, близость к seed 0.32."
100000002539625100,terminal,0.7593727758007117,10,0.4607685957873681,"Получено 94.7 тыс. KZT от 1 отправителей, исходящий поток 0 KZT; средства преимущественно остаются."
100000002540033100,coordinator,0.45617704626334526,17,0.3612033129088379,"Betweenness top 63.3%, PageRank top 12.0%; межкластерных связей 0, близость к seed 0.29. Граница depth=4: исходящий поток может быть усечён."
100000002540623100,terminal,0.7636521352313167,9,0.45714983563293166,"Получено 100.0 тыс. KZT от 1 отправителей, исходящий поток 0 KZT; средства преимущественно остаются."
100000002546921100,terminal,0.6599644128113878,14,0.37359670885046375,"Получено 20.0 тыс. KZT от 1 отправителей, исходящий поток 0 KZT; средства преимущественно остаются."
100000002547110100,terminal,0.9529403914590747,10,0.5892331900522155,"Получено 1.50 млн KZT от 6 отправителей, исходящий поток 0 KZT; средства преимущественно остаются. Паттерны: дроблений 1, синхронных дней 1."
100000002548759100,terminal,0.903411921708185,7,0.4882372370829717,"Получено 375.0 тыс. KZT от 2 отправителей, исходящий поток 0 KZT; средства преимущественно остаются."
100000002550141100,terminal,0.7658496441281138,3,0.4386717932274754,"Получено 100.6 тыс. KZT от 1 отправителей, исходящий поток 0 KZT; средства преимущественно остаются."
100000002554175100,terminal,0.6747108540925267,8,0.3760894183651484,"Получено 24.6 тыс. KZT от 1 отправителей, исходящий поток 0 KZT; средства преимущественно остаются."
100000002556775100,terminal,0.8158140569395017,4,0.4586544125890888,"Получено 300.0 тыс. KZT от 1 отправителей, исходящий поток 0 KZT; средства преимущественно остаются."
100000002558173100,terminal,0.6167660142348753,32,0.33626804651457676,"Получено 9.3 тыс. KZT от 1 отправителей, исходящий поток 0 KZT; средства преимущественно остаются."
100000002559089100,terminal,0.9214546263345195,12,0.5207389834246643,"Получено 715.0 тыс. KZT от 2 отправителей, исходящий поток 0 KZT; средства преимущественно остаются."
100000002565277100,terminal,0.8317749110320284,2,0.5643044980526138,"Получено 483.3 тыс. KZT от 1 отправителей, исходящий поток 0 KZT; средства преимущественно остаются."
100000002566204100,terminal,0.7504670818505338,9,0.4502840074219967,"Получено 80.8 тыс. KZT от 1 отправителей, исходящий поток 0 KZT; средства преимущественно остаются."
100000002567887100,terminal,0.7265258007117438,4,0.4084080748220157,"Получено 50.9 тыс. KZT от 1 отправителей, исходящий поток 0 KZT; средства преимущественно остаются."
100000002570206100,terminal,0.8689457295373665,16,0.50545898849075,"Получено 167.0 тыс. KZT от 2 отправителей, исходящий поток 0 KZT; средства преимущественно остаются."
100000002575080100,transit,0.977015808924172,15,0.5931406499923868,"Получено 13.0 тыс., отправлено 12.5 тыс. KZT; совпадение потоков 96%, быстрое перенаправление 100%."
100000002578405100,distributor,0.9277928654723848,1,0.7632402645977978,"Отправляет 116 получателям (top 0.1%), 120 переводов на 3.11 млн KZT; выраженный fan-out. Паттерны: циклов 2, повторных маршрутов 1, дроблений 9."
100000002578653100,terminal,0.6599644128113878,46,0.3627364061638266,"Получено 20.0 тыс. KZT от 1 отправителей, исходящий поток 0 KZT; средства преимущественно остаются."
100000002580377100,distributor,0.6353758896797154,5,0.5568057420548569,"Отправляет 1 получателям (top 23.8%), 1 переводов на 5.0 тыс. KZT; выраженный fan-out."
100000002581346100,terminal,0.7885186832740213,4,0.44129454898409304,"Получено 166.4 тыс. KZT от 1 отправителей, исходящий поток 0 KZT; средства преимущественно остаются."
100000002589019100,terminal,0.6992304270462634,11,0.45408607083699826,"Получено 34.7 тыс. KZT от 1 отправителей, исходящий поток 0 KZT; средства преимущественно остаются."
100000002591469100,terminal,0.8055204626334519,6,0.5188343163501556,"Получено 235.7 тыс. KZT от 1 отправителей, исходящий поток 0 KZT; средства преимущественно остаются."
100000002592567100,distributor,0.8080527135231317,5,0.6290185097127374,"Отправляет 2 получателям (top 13.6%), 2 переводов на 48.6 тыс. KZT; выраженный fan-out."
100000002593038100,terminal,0.6865658362989323,11,0.43258295056070856,"Получено 28.5 тыс. KZT от 1 отправителей, исходящий поток 0 KZT; средства преимущественно остаются."
100000002593344100,terminal,0.9083852313167259,7,0.5251136960900485,"Получено 431.0 тыс. KZT от 2 отправителей, исходящий поток 0 KZT; средства преимущественно остаются."
100000002594214100,consolidator,0.5524733096085408,39,0.39197009284958567,"Получает от 1 отправителей (top 59.0%), вход 1.00 млн KZT; наблюдаемый остаток 100%. Граница depth=4: исходящий поток может быть усечён."
100000002596035100,terminal,0.804479537366548,9,0.5266779225290964,"Получено 231.6 тыс. KZT от 1 отправителей, исходящий поток 0 KZT; средства преимущественно остаются."
100000002596039100,consolidator,0.608038256227758,3,0.4152112922868706,"Получает от 1 отправителей (top 59.0%), вход 280.0 тыс. KZT; наблюдаемый остаток 100%. Граница depth=4: исходящий поток может быть усечён."
100000002597003100,distributor,0.6386677046263346,0,0.5485308114528574,"Отправляет 1 получателям (top 23.8%), 1 переводов на 11.0 тыс. KZT; выраженный fan-out."
100000002597074100,coordinator,0.3875871886120997,0,0.34439296818238985,"Betweenness top 63.3%, PageRank top 52.4%; межкластерных связей 0, близость к seed 0.29. Граница depth=4: исходящий поток может быть усечён."
100000002597623100,terminal,0.646258896797153,0,0.3930381806349071,"Получено 16.4 тыс. KZT от 1 отправителей, исходящий поток 0 KZT; средства преимущественно остаются."
100000002599729100,consolidator,0.4520284697508896,0,0.3964889578909596,"Получает от 1 отправителей (top 59.0%), вход 65.0 тыс. KZT; наблюдаемый остаток 100%. Граница depth=4: исходящий поток может быть усечён."
100000002600345100,terminal,0.8089190391459075,5,0.5182725027159343,"Получено 52.4 тыс. KZT от 2 отправителей, исходящий поток 0 KZT; средства преимущественно остаются."
100000002603371100,terminal,0.6167660142348753,0,0.38719405252102806,"Получено 9.3 тыс. KZT от 1 отправителей, исходящий поток 0 KZT; средства преимущественно остаются."
100000002603478100,terminal,0.6702580071174377,11,0.4400343804455391,"Получено 23.5 тыс. KZT от 1 отправителей, исходящий поток 0 KZT; средства преимущественно остаются."
100000002603769100,terminal,0.9421085409252669,0,0.6047545191553726,"Получено 1.19 млн KZT от 3 отправителей, исходящий поток 0 KZT; средства преимущественно остаются."
100000002605184100,terminal,0.7795551601423486,15,0.46224092914795767,"Получено 140.0 тыс. KZT от 1 отправителей, исходящий поток 0 KZT; средства преимущественно остаются."
100000002605308100,terminal,0.9460409252669039,14,0.5125263539544678,"Получено 2.57 млн KZT от 3 отправителей, исходящий поток 0 KZT; средства преимущественно остаются."
100000002605548100,terminal,0.8521752669039145,9,0.5619641551124851,"Получено 116.7 тыс. KZT от 2 отправителей, исходящий поток 0 KZT; средства преимущественно остаются."
100000002606567100,distributor,0.6466303380782918,0,0.5491953030536777,"Отправляет 1 получателям (top 23.8%), 1 переводов на 53.0 тыс. KZT; выраженный fan-out."
100000002609774100,coordinator,0.7404492882562277,8,0.5803128724384218,"Betweenness top 3.6%, PageRank top 96.9%; межкластерных связей 1, близость к seed 0.68."
100000002611334100,distributor,0.6141147686832741,0,0.5153470408131137,"Отправляет 1 получателям (top 23.8%), 1 переводов на 15.5 тыс. KZT; выраженный fan-out."
100000002612809100,distributor,0.8174288256227759,37,0.574192645135738,"Отправляет 3 получателям (top 8.9%), 4 переводов на 114.0 тыс. KZT; выраженный fan-out. Паттерны: циклов 1."
100000002613776100,terminal,0.6905560498220641,2,0.43706316109750276,"Получено 30.0 тыс. KZT от 1 отправителей, исходящий поток 0 KZT; средства преимущественно остаются."
100000002613929100,terminal,0.6867393238434164,7,0.43753792785330575,"Получено 28.6 тыс. KZT от 1 отправителей, исходящий поток 0 KZT; средства преимущественно остаются."
100000002614095100,terminal,0.604853202846975,1,0.34896281009797064,"Получено 5.3 тыс. KZT от 1 отправителей, исходящий поток 0 KZT; средства преимущественно остаются."
100000002615479100,terminal,0.8024555160142347,7,0.5193206951780651,"Получено 220.0 тыс. KZT от 1 отправителей, исходящий поток 0 KZT; средства преимущественно остаются."
100000002618492100,terminal,0.895200177935943,9,0.5593278395928518,"Получено 296.5 тыс. KZT от 2 отправителей, исходящий поток 0 KZT; средства преимущественно остаются."
100000002621434100,terminal,0.7506405693950178,7,0.41832471424898665,"Получено 81.0 тыс. KZT от 1 отправителей, исходящий поток 0 KZT; средства преимущественно остаются."
100000002621915100,terminal,0.6005160142348754,5,0.4146113387205914,"Получено 5.0 тыс. KZT от 1 отправителей, исходящий поток 0 KZT; средства преимущественно остаются."
100000002621949100,terminal,0.7874777580071174,2,0.5376192833231369,"Получено 164.6 тыс. KZT от 1 отправителей, исходящий поток 0 KZT; средства преимущественно остаются."
100000002622822100,consolidator,0.5229314946619217,17,0.41637641981467605,"Получает от 1 отправителей (top 59.0%), вход 750.0 тыс. KZT; наблюдаемый остаток 100%. Граница depth=4: исходящий поток может быть усечён."
100000002628146100,terminal,0.6932161921708185,32,0.37707346547284276,"Получено 30.5 тыс. KZT от 1 отправителей, исходящий поток 0 KZT; средства преимущественно остаются."
100000002628576100,transit,0.8819712666240992,4,0.6417412263431684,"Получено 727.9 тыс., отправлено 539.0 тыс. KZT; совпадение потоков 74%, быстрое перенаправление 100%."
100000002632742100,terminal,0.8857161921708184,10,0.5161878879881603,"Получено 235.5 тыс. KZT от 2 отправителей, исходящий поток 0 KZT; средства преимущественно остаются."
100000002633108100,terminal,0.817838078291815,14,0.5006206442793367,"Получено 320.0 тыс. KZT от 1 отправителей, исходящий поток 0 KZT; средства преимущественно остаются. Паттерны: цепочек A→B→C 1."
100000002633701100,terminal,0.8108407473309608,7,0.463830944292955,"Получено 266.9 тыс. KZT от 1 отправителей, исходящий поток 0 KZT; средства преимущественно остаются."
100000002635746100,consolidator,0.4395151245551602,19,0.2981606059360953,"Получает от 1 отправителей (top 59.0%), вход 5.3 тыс. KZT; наблюдаемый остаток 100%. Граница depth=4: исходящий поток может быть усечён."
100000002635780100,terminal,0.7872464412811387,6,0.4832146614654622,"Получено 163.0 тыс. KZT от 1 отправителей, исходящий поток 0 KZT; средства преимущественно остаются."
100000002644285100,terminal,0.8336254448398576,12,0.4474860072261338,"Получено 500.0 тыс. KZT от 1 отправителей, исходящий поток 0 KZT; средства преимущественно остаются."
100000002645046100,consolidator,0.4568905693950177,19,0.3138184351175899,"Получает от 1 отправителей (top 59.0%), вход 12.0 тыс. KZT; наблюдаемый остаток 100%. Граница depth=4: исходящий поток может быть усечён."
100000002645609100,terminal,0.9368549822064057,0,0.6151217352118297,"Получено 546.8 тыс. KZT от 4 отправителей, исходящий поток 0 KZT; средства преимущественно остаются."
100000002645993100,transit,0.8575941282775359,0,0.6715696516947385,"Получено 49.6 тыс., отправлено 87.0 тыс. KZT; совпадение потоков 57%, быстрое перенаправление 89%. Паттерны: циклов 18, дроблений 2."
100000002646745100,terminal,0.6315702846975089,1,0.36009430475989235,"Получено 12.3 тыс. KZT от 1 отправителей, исходящий поток 0 KZT; средства преимущественно остаются."
100000002646887100,terminal,0.6742482206405694,10,0.39775758542940093,"Получено 24.4 тыс. KZT от 1 отправителей, исходящий поток 0 KZT; средства преимущественно остаются."
100000002648315100,distributor,0.7284964412811388,6,0.5814021713926794,"Отправляет 2 получателям (top 13.6%), 3 переводов на 76.0 тыс. KZT; выраженный fan-out."
100000002653187100,coordinator,0.43538078291814947,11,0.36475559381298706,"Betweenness top 63.3%, PageRank top 24.2%; межкластерных связей 0, близость к seed 0.29. Граница depth=4: исходящий поток может быть усечён."
100000002653948100,terminal,0.7534741992882562,4,0.4211826651634092,"Получено 85.2 тыс. KZT от 1 отправителей, исходящий поток 0 KZT; средства преимущественно остаются."
100000002659103100,consolidator,0.553238434163701,44,0.3811722992394256,"Получает от 1 отправителей (top 59.0%), вход 165.0 тыс. KZT; наблюдаемый остаток 100%. Граница depth=4: исходящий поток может быть усечён."
100000002659265100,consolidator,0.5363256227758006,7,0.4024991419228074,"Получает от 1 отправителей (top 59.0%), вход 141.0 тыс. KZT; наблюдаемый остаток 100%. Граница depth=4: исходящий поток может быть усечён."
100000002660298100,consolidator,0.49716637010676157,8,0.352661341143948,"Получает от 1 отправителей (top 59.0%), вход 30.9 тыс. KZT; наблюдаемый остаток 100%. Граница depth=4: исходящий поток может быть усечён."
100000002662768100,terminal,0.7525489323843416,2,0.5127761444124667,"Получено 84.3 тыс. KZT от 1 отправителей, исходящий поток 0 KZT; средства преимущественно остаются."
100000002663511100,terminal,0.8113033807829181,0,0.47969379610383256,"Получено 268.9 тыс. KZT от 1 отправителей, исходящий поток 0 KZT; средства преимущественно остаются."
100000002666248100,terminal,0.744105871886121,2,0.5104733886672469,"Получено 70.0 тыс. KZT от 1 отправителей, исходящий поток 0 KZT; средства преимущественно остаются."
100000002670463100,consolidator,0.5018104982206405,19,0.34402288351616644,"Получает от 1 отправителей (top 59.0%), вход 31.5 тыс. KZT; наблюдаемый остаток 100%. Граница depth=4: исходящий поток может быть усечён."
100000002670860100,terminal,0.9097153024911032,12,0.5596632016108024,"Получено 450.0 тыс. KZT от 2 отправителей, исходящий поток 0 KZT; средства преимущественно остаются."
100000002670960100,terminal,0.8316592526690391,12,0.44624146911536694,"Получено 480.3 тыс. KZT от 1 отправителей, исходящий поток 0 KZT; средства преимущественно остаются."
100000002671326100,consolidator,0.5254937722419929,10,0.4396317312052187,"Получает от 1 отправителей (top 59.0%), вход 1.05 млн KZT; наблюдаемый остаток 100%. Граница depth=4: исходящий поток может быть усечён."
100000002671806100,terminal,0.6319172597864768,11,0.4218686331145783,"Получено 12.4 тыс. KZT от 1 отправителей, исходящий поток 0 KZT; средства преимущественно остаются."
100000002677201100,distributor,0.6240791814946619,10,0.524057535279204,"Отправляет 1 получателям (top 23.8%), 1 переводов на 87.8 тыс. KZT; выраженный fan-out."
100000002679516100,terminal,0.8610320284697509,11,0.5613862811934733,"Получено 102.3 тыс. KZT от 3 отправителей, исходящий поток 0 KZT; средства преимущественно остаются."
100000002680477100,terminal,0.6769661921708184,12,0.3802726796927865,"Получено 25.0 тыс. KZT от 1 отправителей, исходящий поток 0 KZT; средства преимущественно остаются."
100000002681449100,transit,0.8314495999785941,10,0.6736194842368632,"Получено 94.6 тыс., отправлено 133.0 тыс. KZT; совпадение потоков 71%, быстрое перенаправление 50%."
100000002681544100,terminal,0.8685987544483985,6,0.5356454874580922,"Получено 166.1 тыс. KZT от 2 отправителей, исходящий поток 0 KZT; средства преимущественно остаются."
100000002686226100,consolidator,0.5130827402135231,16,0.4086474187926145,"Получает от 1 отправителей (top 59.0%), вход 430.0 тыс. KZT; наблюдаемый остаток 100%. Граница depth=4: исходящий поток может быть усечён."
100000002689717100,consolidator,0.5143816725978647,8,0.3661049606976653,"Получает от 1 отправителей (top 59.0%), вход 47.5 тыс. KZT; наблюдаемый остаток 100%. Граница depth=4: исходящий поток может быть усечён."
100000002691583100,terminal,0.8138478647686832,26,0.4391752060913526,"Получено 285.2 тыс. KZT от 1 отправителей, исходящий поток 0 KZT; средства преимущественно остаются."
100000002691858100,terminal,0.727682384341637,32,0.395049314712571,"Получено 51.5 тыс. KZT от 1 отправителей, исходящий поток 0 KZT; средства преимущественно остаются."
100000002692044100,terminal,0.7607028469750889,11,0.49036069762389733,"Получено 97.0 тыс. KZT от 1 отправителей, исходящий поток 0 KZT; средства преимущественно остаются."
100000002692750100,transit,0.7532234551681222,6,0.6727601071703007,"Получено 112.8 тыс., отправлено 77.0 тыс. KZT; совпадение потоков 68%, быстрое перенаправление 17%. Паттерны: циклов 1, повторных маршрутов 1."
100000002695812100,consolidator,0.543047153024911,8,0.3875079795973479,"Получает от 1 отправителей (top 59.0%), вход 95.0 тыс. KZT; наблюдаемый остаток 100%. Граница depth=4: исходящий поток может быть усечён."
100000002696152100,distributor,0.7965903024911033,33,0.5961541242306888,"Отправляет 2 получателям (top 13.6%), 8 переводов на 69.0 тыс. KZT; выраженный fan-out. Паттерны: циклов 1."
100000002697752100,terminal,0.87519128113879,3,0.5161535970784692,"Получено 190.8 тыс. KZT от 2 отправителей, исходящий поток 0 KZT; средства преимущественно остаются."
100000002700161100,coordinator,0.4673692170818506,50,0.35299774355874003,"Betweenness top 63.3%, PageRank top 5.4%; межкластерных связей 0, близость к seed 0.29. Граница depth=4: исходящий поток может быть усечён."
100000002702968100,consolidator,0.49812722419928823,8,0.35331685715818273,"Получает от 1 отправителей (top 59.0%), вход 31.6 тыс. KZT; наблюдаемый остаток 100%. Граница depth=4: исходящий поток может быть усечён."
100000002703376100,terminal,0.7161165480427046,0,0.4263911353474521,"Получено 46.5 тыс. KZT от 1 отправителей, исходящий поток 0 KZT; средства преимущественно остаются."
100000002704875100,terminal,0.9019750889679715,3,0.5835029692169825,"Получено 244.9 тыс. KZT от 3 отправителей, исходящий поток 0 KZT; средства преимущественно остаются."
100000002705460100,terminal,0.7599510676156583,5,0.4807950923530145,"Получено 95.0 тыс. KZT от 1 отправителей, исходящий поток 0 KZT; средства преимущественно остаются."
100000002706810100,consolidator,0.5148220640569394,19,0.35396599811653195,"Получает от 1 отправителей (top 59.0%), вход 45.0 тыс. KZT; наблюдаемый остаток 100%. Граница depth=4: исходящий поток может быть усечён."
100000002707106100,consolidator,0.442335409252669,14,0.30898864942285764,"Получает от 1 отправителей (top 59.0%), вход 15.0 тыс. KZT; наблюдаемый остаток 100%. Граница depth=4: исходящий поток может быть усечён."
100000002708624100,terminal,0.6769661921708184,25,0.38375973304329863,"Получено 25.0 тыс. KZT от 1 отправителей, исходящий поток 0 KZT; средства преимущественно остаются."
100000002710570100,terminal,0.8032072953736654,31,0.45215795536017955,"Получено 225.0 тыс. KZT от 1 отправителей, исходящий поток 0 KZT; средства преимущественно остаются."
100000002712416100,terminal,0.8524065836298932,12,0.47580938922686444,"Получено 116.8 тыс. KZT от 2 отправителей, исходящий поток 0 KZT; средства преимущественно остаются."
100000002713074100,coordinator,0.6571886120996442,16,0.5494022931947252,"Betweenness top 19.0%, PageRank top 26.6%; межкластерных связей 0, близость к seed 0.32."
100000002713974100,consolidator,0.4408585409252669,3,0.3612827275566599,"Получает от 1 отправителей (top 59.0%), вход 50.0 тыс. KZT; наблюдаемый остаток 100%. Граница depth=4: исходящий поток может быть усечён."
100000002718366100,terminal,0.9552535587188612,7,0.582620940367915,"Получено 2.52 млн KZT от 6 отправителей, исходящий поток 0 KZT; средства преимущественно остаются. Паттерны: дроблений 1, синхронных дней 1."
100000002720627100,terminal,0.7970774021352313,9,0.52196754192713,"Получено 199.3 тыс. KZT от 1 отправителей, исходящий поток 0 KZT; средства преимущественно остаются."
100000002721825100,terminal,0.6280427046263345,0,0.41763297455806353,"Получено 11.0 тыс. KZT от 1 отправителей, исходящий поток 0 KZT; средства преимущественно остаются."
100000002722108100,terminal,0.8432250889679714,12,0.4571253073898619,"Получено 800.0 тыс. KZT от 1 отправителей, исходящий поток 0 KZT; средства преимущественно остаются."
100000002723439100,coordinator,0.4515640569395018,33,0.34637246057611715,"Betweenness top 63.3%, PageRank top 14.7%; межкластерных связей 0, близость к seed 0.29. Граница depth=4: исходящий поток может быть усечён."
100000002723538100,distributor,0.9155176453143536,3,0.7467100246679204,"Отправляет 12 получателям (top 2.3%), 14 переводов на 560.5 тыс. KZT; выраженный fan-out. Паттерны: циклов 61, дроблений 1."
100000002723674100,consolidator,0.4482428825622776,21,0.3367600740836061,"Получает от 1 отправителей (top 59.0%), вход 30.0 тыс. KZT; наблюдаемый остаток 100%. Граница depth=4: исходящий поток может быть усечён."
100000002726055100,coordinator,0.40944217081850537,21,0.32183075024018976,"Betweenness top 63.3%, PageRank top 39.5%; межкластерных связей 0, близость к seed 0.29. Граница depth=4: исходящий поток может быть усечён."
100000002727288100,terminal,0.6452758007117437,15,0.4056261093432094,"Получено 16.0 тыс. KZT от 1 отправителей, исходящий поток 0 KZT; средства преимущественно остаются."
100000002728246100,coordinator,0.44725355871886124,4,0.3641795731254895,"Betweenness top 63.3%, PageRank top 17.3%; межкластерных связей 0, близость к seed 0.29. Граница depth=4: исходящий поток может быть усечён."
100000002729875100,consolidator,0.5348398576512455,8,0.38079740322916483,"Получает от 1 отправителей (top 59.0%), вход 76.0 тыс. KZT; наблюдаемый остаток 100%. Граница depth=4: исходящий поток может быть усечён."
100000002731501100,distributor,0.8803972419928826,24,0.7713897902749889,"Отправляет 7 получателям (top 3.7%), 20 переводов на 834.0 тыс. KZT; выраженный fan-out. Паттерны: циклов 14, повторных маршрутов 1, дроблений 2, синхронных дней 1."
100000002733083100,consolidator,0.4614946619217082,8,0.32985360093042476,"Получает от 1 отправителей (top 59.0%), вход 15.2 тыс. KZT; наблюдаемый остаток 100%. Граница depth=4: исходящий поток может быть усечён."
100000002733905100,distributor,0.7520585705812575,1,0.6472010436078803,"Отправляет 2 получателям (top 13.6%), 3 переводов на 717.8 тыс. KZT; выраженный fan-out. Паттерны: циклов 2."
100000002734815100,consolidator,0.5288790035587189,7,0.3956809359499306,"Получает от 1 отправителей (top 59.0%), вход 110.0 тыс. KZT; наблюдаемый остаток 100%. Граница depth=4: исходящий поток может быть усечён."
100000002736033100,distributor,0.6128692170818506,16,0.4669598608848055,"Отправляет 1 получателям (top 23.8%), 1 переводов на 11.0 тыс. KZT; выраженный fan-out."
100000002736316100,terminal,0.9055604982206406,0,0.5521781461978748,"Получено 266.9 тыс. KZT от 3 отправителей, исходящий поток 0 KZT; средства преимущественно остаются."
100000002737980100,terminal,0.6965702846975089,5,0.42403532955583445,"Получено 32.9 тыс. KZT от 1 отправителей, исходящий поток 0 KZT; средства преимущественно остаются."
100000002738256100,transit,0.9510399847483477,52,0.5803022299972144,"Получено 150.2 тыс., отправлено 175.0 тыс. KZT; совпадение потоков 86%, быстрое перенаправление 100%. Паттерны: циклов 1."
100000002741024100,coordinator,0.8563612099644127,0,0.7707351249518823,"Betweenness top 6.1%, PageRank top 0.4%; межкластерных связей 1, близость к seed 0.36. Паттерны: циклов 3, повторных маршрутов 1."
100000002742067100,terminal,0.6326112099644128,15,0.3870550669674335,"Получено 12.7 тыс. KZT от 1 отправителей, исходящий поток 0 KZT; средства преимущественно остаются."
100000002744581100,terminal,0.6299510676156583,6,0.4061856093787588,"Получено 12.0 тыс. KZT от 1 отправителей, исходящий поток 0 KZT; средства преимущественно остаются."
100000002748040100,consolidator,0.46910142348754447,8,0.33476659025426814,"Получает от 1 отправителей (top 59.0%), вход 18.0 тыс. KZT; наблюдаемый остаток 100%. Граница depth=4: исходящий поток может быть усечён."
100000002748180100,distributor,0.9122531138790038,12,0.6285599324148317,"Отправляет 8 получателям (top 3.2%), 9 переводов на 679.7 тыс. KZT; выраженный fan-out."
100000002748511100,coordinator,0.4567153024911032,5,0.3973361010281918,"Betweenness top 63.3%, PageRank top 13.4%; межкластерных связей 0, близость к seed 0.29. Граница depth=4: исходящий поток может быть усечён."
100000002748532100,coordinator,0.7917348754448399,17,0.650931389488329,"Betweenness top 12.8%, PageRank top 39.7%; межкластерных связей 3, близость к seed 0.36. Паттерны: повторных маршрутов 1."
100000002748581100,terminal,0.7095240213523132,14,0.4003080815281629,"Получено 41.2 тыс. KZT от 1 отправителей, исходящий поток 0 KZT; средства преимущественно остаются."
100000002748761100,terminal,0.8431094306049821,12,0.45701360082855863,"Получено 796.8 тыс. KZT от 1 отправителей, исходящий поток 0 KZT; средства преимущественно остаются."
100000002750332100,terminal,0.6287944839857651,7,0.42796995101376095,"Получено 11.4 тыс. KZT от 1 отправителей, исходящий поток 0 KZT; средства преимущественно остаются."
100000002750956100,terminal,0.7184297153024911,0,0.49176079215133145,"Получено 47.4 тыс. KZT от 1 отправителей, исходящий поток 0 KZT; средства преимущественно остаются."
100000002752565100,consolidator,0.4477846975088968,3,0.3658657611240352,"Получает от 1 отправителей (top 59.0%), вход 57.0 тыс. KZT; наблюдаемый остаток 100%. Граница depth=4: исходящий поток может быть усечён."
100000002753146100,terminal,0.8433407473309608,12,0.4572370139511652,"Получено 803.5 тыс. KZT от 1 отправителей, исходящий поток 0 KZT; средства преимущественно остаются."
100000002755292100,terminal,0.7999688612099644,4,0.44798421719783266,"Получено 203.4 тыс. KZT от 1 отправителей, исходящий поток 0 KZT; средства преимущественно остаются."
100000002757240100,terminal,0.7274510676156584,2,0.45876271625764514,"Получено 51.2 тыс. KZT от 1 отправителей, исходящий поток 0 KZT; средства преимущественно остаются."
100000002757791100,terminal,0.7454359430604982,27,0.4067513817711455,"Получено 73.0 тыс. KZT от 1 отправителей, исходящий поток 0 KZT; средства преимущественно остаются."
100000002757797100,terminal,0.7636521352313167,11,0.4917665902440795,"Получено 100.0 тыс. KZT от 1 отправителей, исходящий поток 0 KZT; средства преимущественно остаются."
100000002760175100,terminal,0.7938389679715302,9,0.5198116398823747,"Получено 187.4 тыс. KZT от 1 отправителей, исходящий поток 0 KZT; средства преимущественно остаются."
100000002762076100,coordinator,0.7046419039145907,6,0.61879055918748,"Betweenness top 25.8%, PageRank top 63.6%; межкластерных связей 1, близость к seed 0.74."
100000002769809100,terminal,0.7714012455516014,18,0.4446441575146096,"Получено 113.4 тыс. KZT от 1 отправителей, исходящий поток 0 KZT; средства преимущественно остаются."
100000002773323100,distributor,0.6207695729537367,10,0.5416241949547247,"Отправляет 1 получателям (top 23.8%), 2 переводов на 1.17 млн KZT; выраженный fan-out."
100000002774456100,terminal,0.7261788256227758,9,0.47772140600216484,"Получено 50.4 тыс. KZT от 1 отправителей, исходящий поток 0 KZT; средства преимущественно остаются."
100000002778085100,terminal,0.7407517793594306,5,0.4981053401910534,"Получено 66.2 тыс. KZT от 1 отправителей, исходящий поток 0 KZT; средства преимущественно остаются."
100000002779485100,terminal,0.7571174377224199,3,0.4492356667057735,"Получено 91.0 тыс. KZT от 1 отправителей, исходящий поток 0 KZT; средства преимущественно остаются."
100000002781227100,transit,0.9239657674096943,63,0.7966075995874369,"Получено 191.2 тыс., отправлено 212.4 тыс. KZT; совпадение потоков 90%, быстрое перенаправление 50%. Паттерны: циклов 1, повторных маршрутов 2, дроблений 1."
100000002784085100,terminal,0.798291814946619,7,0.5167849869779325,"Получено 200.0 тыс. KZT от 1 отправителей, исходящий поток 0 KZT; средства преимущественно остаются."
100000002791494100,consolidator,0.5387233096085409,8,0.3841267001417358,"Получает от 1 отправителей (top 59.0%), вход 85.9 тыс. KZT; наблюдаемый остаток 100%. Граница depth=4: исходящий поток может быть усечён."
100000002793851100,terminal,0.6284475088967971,5,0.444508215062879,"Получено 11.1 тыс. KZT от 1 отправителей, исходящий поток 0 KZT; средства преимущественно остаются."
100000002793881100,terminal,0.9373665480427046,7,0.5199557510650265,"Получено 785.6 тыс. KZT от 3 отправителей, исходящий поток 0 KZT; средства преимущественно остаются. Паттерны: синхронных дней 1."
100000002794197100,terminal,0.6928692170818506,6,0.45578150707335974,"Получено 30.1 тыс. KZT от 1 отправителей, исходящий поток 0 KZT; средства преимущественно остаются."
100000002794374100,consolidator,0.49372775800711743,47,0.3581279911682047,"Получает от 1 отправителей (top 59.0%), вход 111.0 тыс. KZT; наблюдаемый остаток 100%. Граница depth=4: исходящий поток может быть усечён."
100000002796853100,distributor,0.6540865954922894,63,0.5678062722437107,"Отправляет 1 получателям (top 23.8%), 5 переводов на 46.2 тыс. KZT; выраженный fan-out. Паттерны: циклов 1, повторных маршрутов 2."
100000002799941100,terminal,0.8386565836298933,18,0.486899583207748,"Получено 600.0 тыс. KZT от 1 отправителей, исходящий поток 0 KZT; средства преимущественно остаются."
100000002807334100,terminal,0.7313834519572954,4,0.41051502717848304,"Получено 54.7 тыс. KZT от 1 отправителей, исходящий поток 0 KZT; средства преимущественно остаются."
100000002809568100,terminal,0.6222019572953736,0,0.4433061854199242,"Получено 10.0 тыс. KZT от 1 отправителей, исходящий поток 0 KZT; средства преимущественно остаются."
100000002809896100,terminal,0.7043772241992882,8,0.39259526217392465,"Получено 38.0 тыс. KZT от 1 отправителей, исходящий поток 0 KZT; средства преимущественно остаются."
100000002810870100,terminal,0.6972642348754449,1,0.4521406013598561,"Получено 33.7 тыс. KZT от 1 отправителей, исходящий поток 0 KZT; средства преимущественно остаются."
100000002812641100,transit,0.8655841204626334,7,0.5773842407224506,"Получено 10.0 тыс., отправлено 7.0 тыс. KZT; совпадение потоков 70%, быстрое перенаправление 100%. Паттерны: циклов 1."
100000002815005100,terminal,0.8311966192170818,7,0.471821120010593,"Получено 476.5 тыс. KZT от 1 отправителей, исходящий поток 0 KZT; средства преимущественно остаются."
100000002818726100,terminal,0.6276379003558719,13,0.3852125891445469,"Получено 10.9 тыс. KZT от 1 отправителей, исходящий поток 0 KZT; средства преимущественно остаются."
100000002820010100,terminal,0.6905560498220641,6,0.41678285137164145,"Получено 30.0 тыс. KZT от 1 отправителей, исходящий поток 0 KZT; средства преимущественно остаются."
100000002821425100,terminal,0.8119395017793595,12,0.4316784963673053,"Получено 275.0 тыс. KZT от 1 отправителей, исходящий поток 0 KZT; средства преимущественно остаются."
100000002822472100,terminal,0.890920818505338,12,0.5001908297637845,"Получено 266.7 тыс. KZT от 2 отправителей, исходящий поток 0 KZT; средства преимущественно остаются."
100000002824176100,terminal,0.7814635231316726,6,0.5209524665703137,"Получено 144.0 тыс. KZT от 1 отправителей, исходящий поток 0 KZT; средства преимущественно остаются."
100000002826669100,terminal,0.7859741992882562,0,0.48597649607213655,"Получено 159.9 тыс. KZT от 1 отправителей, исходящий поток 0 KZT; средства преимущественно остаются."
100000002830055100,terminal,0.6360231316725978,1,0.42199513872640415,"Получено 14.0 тыс. KZT от 1 отправителей, исходящий поток 0 KZT; средства преимущественно остаются."
100000002831727100,distributor,0.6483926453143535,18,0.4641942713795694,"Отправляет 1 получателям (top 23.8%), 3 переводов на 77.0 тыс. KZT; выраженный fan-out."
100000002832753100,coordinator,0.4633612099644128,15,0.38822920649923326,"Betweenness top 63.3%, PageRank top 7.8%; межкластерных связей 0, близость к seed 0.29. Граница depth=4: исходящий поток может быть усечён."
100000002835874100,consolidator,0.5185898576512455,7,0.3763642881188255,"Получает от 1 отправителей (top 59.0%), вход 58.7 тыс. KZT; наблюдаемый остаток 100%. Граница depth=4: исходящий поток может быть усечён."
100000002836052100,terminal,0.6401290035587188,2,0.4040434991757945,"Получено 15.0 тыс. KZT от 1 отправителей, исходящий поток 0 KZT; средства преимущественно остаются."
100000002836736100,terminal,0.9146307829181494,6,0.5757635280034519,"Получено 509.0 тыс. KZT от 2 отправителей, исходящий поток 0 KZT; средства преимущественно остаются."
100000002838519100,terminal,0.7164635231316726,14,0.40410328199363793,"Получено 46.9 тыс. KZT от 1 отправителей, исходящий поток 0 KZT; средства преимущественно остаются."
100000002838861100,coordinator,0.8631828291814946,7,0.726782539956584,"Betweenness top 17.0%, PageRank top 1.0%; межкластерных связей 3, близость к seed 0.74. Паттерны: циклов 1."
100000002842321100,terminal,0.7864368327402135,4,0.44007456197409345,"Получено 160.0 тыс. KZT от 1 отправителей, исходящий поток 0 KZT; средства преимущественно остаются."
100000002842337100,terminal,0.7236343416370107,6,0.44583634538652334,"Получено 50.0 тыс. KZT от 1 отправителей, исходящий поток 0 KZT; средства преимущественно остаются."
100000002844652100,terminal,0.7371663701067616,6,0.4771707577820876,"Получено 61.4 тыс. KZT от 1 отправителей, исходящий поток 0 KZT; средства преимущественно остаются."
100000002844897100,terminal,0.6274065836298932,7,0.4273571396258606,"Получено 10.8 тыс. KZT от 1 отправителей, исходящий поток 0 KZT; средства преимущественно остаются."
100000002845605100,terminal,0.7342749110320285,0,0.5001393749971002,"Получено 57.6 тыс. KZT от 1 отправителей, исходящий поток 0 KZT; средства преимущественно остаются."
100000002847207100,terminal,0.715538256227758,2,0.49450500547163795,"Получено 46.2 тыс. KZT от 1 отправителей, исходящий поток 0 KZT; средства преимущественно остаются."
100000002849158100,transit,0.8587484821914986,7,0.6534429534149427,"Получено 723.0 тыс., отправлено 1.31 млн KZT; совпадение потоков 55%, быстрое перенаправление 100%. Паттерны: дроблений 1, синхронных дней 1."
100000002852402100,terminal,0.7320774021352313,15,0.43591111678949757,"Получено 55.0 тыс. KZT от 1 отправителей, исходящий поток 0 KZT; средства преимущественно остаются."
100000002858835100,terminal,0.6743638790035588,1,0.44069896434917993,"Получено 24.4 тыс. KZT от 1 отправителей, исходящий поток 0 KZT; средства преимущественно остаются."
100000002860934100,consolidator,0.5399332740213523,28,0.39868104593780745,"Получает от 1 отправителей (top 59.0%), вход 279.5 тыс. KZT; наблюдаемый остаток 100%. Граница depth=4: исходящий поток может быть усечён."
100000002861485100,terminal,0.6878959074733096,5,0.4694067915753346,"Получено 29.3 тыс. KZT от 1 отправителей, исходящий поток 0 KZT; средства преимущественно остаются."
100000002862113100,terminal,0.7183140569395018,14,0.40503679213531013,"Получено 47.4 тыс. KZT от 1 отправителей, исходящий поток 0 KZT; средства преимущественно остаются."
100000002863356100,distributor,0.6180100830367735,1,0.48602519339349853,"Отправляет 1 получателям (top 23.8%), 1 переводов на 20.0 тыс. KZT; выраженный fan-out."
100000002864256100,terminal,0.7776467971530249,2,0.5314549956700817,"Получено 135.8 тыс. KZT от 1 отправителей, исходящий поток 0 KZT; средства преимущественно остаются."
100000002864680100,terminal,0.7331183274021352,11,0.4726140889623375,"Получено 55.9 тыс. KZT от 1 отправителей, исходящий поток 0 KZT; средства преимущественно остаются."
100000002870463100,coordinator,0.793298487544484,6,0.671311262625998,"Betweenness top 17.0%, PageRank top 1.5%; межкластерных связей 1, близость к seed 0.36. Паттерны: циклов 1."
100000002870937100,terminal,0.752317615658363,6,0.4864438736214024,"Получено 83.7 тыс. KZT от 1 отправителей, исходящий поток 0 KZT; средства преимущественно остаются."
100000002871199100,terminal,0.6692749110320285,14,0.37840889746256345,"Получено 23.2 тыс. KZT от 1 отправителей, исходящий поток 0 KZT; средства преимущественно остаются."
100000002872399100,terminal,0.8463478647686832,6,0.54286126354296,"Получено 1.09 млн KZT от 1 отправителей, исходящий поток 0 KZT; средства преимущественно остаются. Паттерны: повторных маршрутов 1."
100000002876914100,consolidator,0.4568905693950177,19,0.3138184351175899,"Получает от 1 отправителей (top 59.0%), вход 12.0 тыс. KZT; наблюдаемый остаток 100%. Граница depth=4: исходящий поток может быть усечён."
100000002877262100,terminal,0.7636521352313167,10,0.43699796403378766,"Получено 100.0 тыс. KZT от 1 отправителей, исходящий поток 0 KZT; средства преимущественно остаются."
100000002878467100,terminal,0.8786032028469751,10,0.4830692226430457,"Получено 200.0 тыс. KZT от 2 отправителей, исходящий поток 0 KZT; средства преимущественно остаются."
100000002878483100,consolidator,0.44139679715302493,19,0.30003845291118425,"Получает от 1 отправителей (top 59.0%), вход 6.0 тыс. KZT; наблюдаемый остаток 100%. Граница depth=4: исходящий поток может быть усечён."
100000002881669100,terminal,0.654644128113879,11,0.4323107149651121,"Получено 18.6 тыс. KZT от 1 отправителей, исходящий поток 0 KZT; средства преимущественно остаются."
100000002883402100,terminal,0.9104181494661922,7,0.5145382170837836,"Получено 300.0 тыс. KZT от 3 отправителей, исходящий поток 0 KZT; средства преимущественно остаются."
100000002884708100,consolidator,0.5265346975088968,10,0.4381185134500971,"Получает от 1 отправителей (top 59.0%), вход 1.17 млн KZT; наблюдаемый остаток 100%. Граница depth=4: исходящий поток может быть усечён."
100000002886166100,terminal,0.7933185053380781,24,0.43980970123742535,"Получено 185.0 тыс. KZT от 1 отправителей, исходящий поток 0 KZT; средства преимущественно остаются."
100000002890167100,terminal,0.772326512455516,5,0.5169442237184072,"Получено 118.2 тыс. KZT от 1 отправителей, исходящий поток 0 KZT; средства преимущественно остаются."
100000002891765100,terminal,0.7328870106761566,14,0.41297516134900913,"Получено 55.6 тыс. KZT от 1 отправителей, исходящий поток 0 KZT; средства преимущественно остаются."
100000002893020100,terminal,0.654470640569395,8,0.3657152190768921,"Получено 18.3 тыс. KZT от 1 отправителей, исходящий поток 0 KZT; средства преимущественно остаются."
100000002894076100,terminal,0.9476112099644128,6,0.6379810202098259,"Получено 1.12 млн KZT от 4 отправителей, исходящий поток 0 KZT; средства преимущественно остаются. Паттерны: синхронных дней 1."
100000002896506100,consolidator,0.43393238434163706,4,0.3546995204660685,"Получает от 1 отправителей (top 59.0%), вход 45.0 тыс. KZT; наблюдаемый остаток 100%. Граница depth=4: исходящий поток может быть усечён."
100000002901457100,distributor,0.8249644128113881,0,0.6330315329852854,"Отправляет 3 получателям (top 8.9%), 3 переводов на 119.0 тыс. KZT; выраженный fan-out."
100000002904919100,distributor,0.6103336298932385,0,0.49989291378173467,"Отправляет 1 получателям (top 23.8%), 1 переводов на 5.5 тыс. KZT; выраженный fan-out."
100000002906470100,terminal,0.7760275800711743,18,0.4478613225823335,"Получено 130.0 тыс. KZT от 1 отправителей, исходящий поток 0 KZT; средства преимущественно остаются."
100000002908521100,terminal,0.7124733096085408,1,0.4009084378126778,"Получено 44.5 тыс. KZT от 1 отправителей, исходящий поток 0 KZT; средства преимущественно остаются."
100000002911170100,terminal,0.8158140569395017,30,0.44447968834249973,"Получено 300.0 тыс. KZT от 1 отправителей, исходящий поток 0 KZT; средства преимущественно остаются."
100000002913340100,terminal,0.6709519572953736,1,0.37839830831861127,"Получено 23.6 тыс. KZT от 1 отправителей, исходящий поток 0 KZT; средства преимущественно остаются."
100000002914245100,terminal,0.78019128113879,3,0.4325902999186786,"Получено 140.6 тыс. KZT от 1 отправителей, исходящий поток 0 KZT; средства преимущественно остаются."
100000002916006100,distributor,0.8315035587188613,20,0.554734098966639,"Отправляет 1 получателям (top 23.8%), 1 переводов на 32.0 тыс. KZT; выраженный fan-out."
100000002921047100,transit,0.7709211598117458,6,0.6754460978076265,"Получено 338.0 тыс., отправлено 163.0 тыс. KZT; совпадение потоков 48%, быстрое перенаправление 100%."
100000002922000100,consolidator,0.5817838078291815,44,0.40219818290779147,"Получает от 1 отправителей (top 59.0%), вход 448.0 тыс. KZT; наблюдаемый остаток 100%. Граница depth=4: исходящий поток может быть усечён."
100000002926970100,terminal,0.7531272241992882,8,0.42041183694084894,"Получено 85.0 тыс. KZT от 1 отправителей, исходящий поток 0 KZT; средства преимущественно остаются."
100000002933386100,coordinator,0.6319328291814947,2,0.5294132937165705,"Betweenness top 15.4%, PageRank top 10.0%; межкластерных связей 0, близость к seed 0.32."
100000002934441100,terminal,0.8172464412811388,0,0.5272876114709526,"Получено 60.8 тыс. KZT от 2 отправителей, исходящий поток 0 KZT; средства преимущественно остаются."
100000002936322100,terminal,0.9231895017793593,3,0.5089699516242928,"Получено 787.1 тыс. KZT от 2 отправителей, исходящий поток 0 KZT; средства преимущественно остаются."
100000002938501100,distributor,0.7212522241992882,5,0.552663126396494,"Отправляет 1 получателям (top 23.8%), 1 переводов на 5.0 тыс. KZT; выраженный fan-out."
100000002939838100,terminal,0.9320462633451957,5,0.6240749862794784,"Получено 571.2 тыс. KZT от 3 отправителей, исходящий поток 0 KZT; средства преимущественно остаются."
100000002941114100,coordinator,0.7413790035587189,9,0.6820931771331418,"Betweenness top 15.0%, PageRank top 1.9%; межкластерных связей 0, близость к seed 0.68. Паттерны: циклов 1."
100000002943472100,terminal,0.7897330960854091,10,0.4531502985127669,"Получено 170.0 тыс. KZT от 1 отправителей, исходящий поток 0 KZT; средства преимущественно остаются."
100000002945031100,terminal,0.6401290035587188,13,0.39288020480290986,"Получено 15.0 тыс. KZT от 1 отправителей, исходящий поток 0 KZT; средства преимущественно остаются."
100000002945626100,terminal,0.9323932384341637,7,0.5331724741504791,"Получено 584.0 тыс. KZT от 3 отправителей, исходящий поток 0 KZT; средства преимущественно остаются."
100000002947299100,terminal,0.7531272241992882,2,0.47355824359507637,"Получено 85.0 тыс. KZT от 1 отправителей, исходящий поток 0 KZT; средства преимущественно остаются."
100000002948492100,terminal,0.671241103202847,14,0.3793343423024211,"Получено 23.7 тыс. KZT от 1 отправителей, исходящий поток 0 KZT; средства преимущественно остаются."
100000002951898100,terminal,0.7062855871886121,14,0.3987052507905745,"Получено 40.0 тыс. KZT от 1 отправителей, исходящий поток 0 KZT; средства преимущественно остаются."
100000002952631100,terminal,0.7187766903914591,5,0.4859041067029057,"Получено 48.0 тыс. KZT от 1 отправителей, исходящий поток 0 KZT; средства преимущественно остаются."
100000002952756100,terminal,0.7169839857651245,9,0.4300985567657516,"Получено 47.0 тыс. KZT от 1 отправителей, исходящий поток 0 KZT; средства преимущественно остаются."
100000002954780100,terminal,0.7769528469750889,7,0.43367723884203424,"Получено 133.4 тыс. KZT от 1 отправителей, исходящий поток 0 KZT; средства преимущественно остаются."
100000002956769100,terminal,0.9386387900355871,12,0.5351354862259272,"Получено 840.0 тыс. KZT от 3 отправителей, исходящий поток 0 KZT; средства преимущественно остаются. Паттерны: дроблений 1, синхронных дней 1."
100000002956779100,terminal,0.8265702846975088,2,0.4945395226078199,"Получено 411.0 тыс. KZT от 1 отправителей, исходящий поток 0 KZT; средства преимущественно остаются."
100000002956898100,terminal,0.8947375444839857,15,0.5405078815905329,"Получено 290.2 тыс. KZT от 2 отправителей, исходящий поток 0 KZT; средства преимущественно остаются."
100000002957306100,terminal,0.9058407473309608,9,0.6051974841733452,"Получено 398.5 тыс. KZT от 2 отправителей, исходящий поток 0 KZT; средства преимущественно остаются."
100000002957787100,distributor,0.9291583551851158,0,0.745464305663515,"Отправляет 34 получателям (top 0.6%), 41 переводов на 1.28 млн KZT; выраженный fan-out. Паттерны: циклов 84, дроблений 6."
100000002958139100,terminal,0.800547153024911,7,0.45011099931183923,"Получено 209.5 тыс. KZT от 1 отправителей, исходящий поток 0 KZT; средства преимущественно остаются."
100000002958286100,terminal,0.8095685053380782,7,0.5242112321525509,"Получено 257.0 тыс. KZT от 1 отправителей, исходящий поток 0 KZT; средства преимущественно остаются."
100000002958343100,distributor,0.8294491399762752,6,0.7232082317356777,"Отправляет 2 получателям (top 13.6%), 17 переводов на 1.39 млн KZT; выраженный fan-out. Паттерны: циклов 1, повторных маршрутов 3, дроблений 1."
100000002958345100,terminal,0.8174332740213522,12,0.4355856330870596,"Получено 307.0 тыс. KZT от 1 отправителей, исходящий поток 0 KZT; средства преимущественно остаются."
100000002963189100,distributor,0.8939190391459075,14,0.7235874843909733,"Отправляет 7 получателям (top 3.7%), 15 переводов на 5.22 млн KZT; выраженный fan-out. Паттерны: циклов 1, цепочек A→B→C 1, дроблений 2."
100000002964966100,terminal,0.798291814946619,2,0.47957469458181196,"Получено 200.0 тыс. KZT от 1 отправителей, исходящий поток 0 KZT; средства преимущественно остаются."
100000002968096100,consolidator,0.4702935943060498,3,0.367790174416331,"Получает от 1 отправителей (top 59.0%), вход 70.0 тыс. KZT; наблюдаемый остаток 100%. Граница depth=4: исходящий поток может быть усечён."
100000002969048100,terminal,0.7686254448398576,6,0.4620226685828999,"Получено 108.5 тыс. KZT от 1 отправителей, исходящий поток 0 KZT; средства преимущественно остаются."
100000002970466100,distributor,0.7042548932384342,0,0.5157998480401544,"Отправляет 2 получателям (top 13.6%), 3 переводов на 93.0 тыс. KZT; выраженный fan-out."
100000002971593100,coordinator,0.44241370106761574,4,0.37745976332458536,"Betweenness top 63.3%, PageRank top 20.1%; межкластерных связей 0, близость к seed 0.29. Граница depth=4: исходящий поток может быть усечён."
100000002973903100,terminal,0.8527046263345196,11,0.5604919223660411,"Получено 92.9 тыс. KZT от 3 отправителей, исходящий поток 0 KZT; средства преимущественно остаются."
100000002974256100,terminal,0.6117927046263344,11,0.40116205926339377,"Получено 7.2 тыс. KZT от 1 отправителей, исходящий поток 0 KZT; средства преимущественно остаются."
100000002975287100,terminal,0.6401290035587188,16,0.3692078454896254,"Получено 15.0 тыс. KZT от 1 отправителей, исходящий поток 0 KZT; средства преимущественно остаются."
100000002975437100,distributor,0.6884163701067616,31,0.5108285409985318,"Отправляет 1 получателям (top 23.8%), 1 переводов на 8.5 тыс. KZT; выраженный fan-out. Паттерны: циклов 1."
100000002981489100,consolidator,0.3978959074733096,4,0.3062702848692618,"Получает от 1 отправителей (top 59.0%), вход 10.0 тыс. KZT; наблюдаемый остаток 100%. Граница depth=4: исходящий поток может быть усечён."
100000002981527100,terminal,0.7889813167259786,7,0.51146114582346,"Получено 168.0 тыс. KZT от 1 отправителей, исходящий поток 0 KZT; средства преимущественно остаются."
100000002982252100,terminal,0.663723309608541,1,0.43535305687587034,"Получено 20.3 тыс. KZT от 1 отправителей, исходящий поток 0 KZT; средства преимущественно остаются."
100000002983426100,terminal,0.7549777580071174,8,0.42172392846622675,"Получено 88.9 тыс. KZT от 1 отправителей, исходящий поток 0 KZT; средства преимущественно остаются."
100000002983879100,terminal,0.8795862989323843,2,0.5543215159988292,"Получено 200.1 тыс. KZT от 2 отправителей, исходящий поток 0 KZT; средства преимущественно остаются."
100000002984403100,transit,0.7143861209964413,25,0.48417867806244536,"Получено 20.0 тыс., отправлено 25.0 тыс. KZT; совпадение потоков 80%, быстрое перенаправление 0%."
100000002986245100,consolidator,0.4407962633451957,19,0.29936345291118427,"Получает от 1 отправителей (top 59.0%), вход 5.8 тыс. KZT; наблюдаемый остаток 100%. Граница depth=4: исходящий поток может быть усечён."
100000002988894100,distributor,0.8307050711743773,2,0.6854201439751665,"Отправляет 3 получателям (top 8.9%), 3 переводов на 77.5 тыс. KZT; выраженный fan-out."
100000002989353100,transit,0.7641780270462633,12,0.5472153232302743,"Получено 500.0 тыс., отправлено 321.2 тыс. KZT; совпадение потоков 64%, быстрое перенаправление 50%."
100000002990675100,terminal,0.727335409252669,4,0.4087647619659747,"Получено 51.1 тыс. KZT от 1 отправителей, исходящий поток 0 KZT; средства преимущественно остаются."
100000002991079100,consolidator,0.7160540693037992,5,0.6471950270508026,"Получает от 2 отправителей (top 14.3%), вход 148.9 тыс. KZT; наблюдаемый остаток 93%."
100000002992171100,terminal,0.6375845195729537,1,0.42289006755202696,"Получено 14.6 тыс. KZT от 1 отправителей, исходящий поток 0 KZT; средства преимущественно остаются."
100000002994441100,coordinator,0.4517153024911032,3,0.36192657265620787,"Betweenness top 63.3%, PageRank top 14.6%; межкластерных связей 0, близость к seed 0.29. Граница depth=4: исходящий поток может быть усечён."
100000002999140100,consolidator,0.44515569395017796,11,0.3300823375852291,"Получает от 1 отправителей (top 59.0%), вход 10.0 тыс. KZT; наблюдаемый остаток 100%. Граница depth=4: исходящий поток может быть усечён."
100000003001138100,consolidator,0.455538256227758,28,0.33726085621961954,"Получает от 1 отправителей (top 59.0%), вход 30.0 тыс. KZT; наблюдаемый остаток 100%. Граница depth=4: исходящий поток может быть усечён."
100000003001564100,distributor,0.653836743772242,5,0.5596944472692849,"Отправляет 1 получателям (top 23.8%), 1 переводов на 180.0 тыс. KZT; выраженный fan-out."
100000003001661100,distributor,0.8641837188612101,28,0.6202066314422641,"Отправляет 5 получателям (top 5.3%), 8 переводов на 439.5 тыс. KZT; выраженный fan-out. Паттерны: циклов 1."
100000003003821100,terminal,0.7072108540925267,2,0.4474783503566422,"Получено 40.0 тыс. KZT от 1 отправителей, исходящий поток 0 KZT; средства преимущественно остаются."
100000003004487100,coordinator,0.868029359430605,31,0.7259995275457717,"Betweenness top 4.4%, PageRank top 37.2%; межкластерных связей 3, близость к seed 0.68. Паттерны: циклов 1."
100000003005167100,consolidator,0.44363879003558715,19,0.30268898671901345,"Получает от 1 отправителей (top 59.0%), вход 7.0 тыс. KZT; наблюдаемый остаток 100%. Граница depth=4: исходящий поток может быть усечён."
100000003006633100,terminal,0.6222019572953736,35,0.3358568013380474,"Получено 10.0 тыс. KZT от 1 отправителей, исходящий поток 0 KZT; средства преимущественно остаются."
100000003009900100,terminal,0.6447553380782918,8,0.36094724754664304,"Получено 16.0 тыс. KZT от 1 отправителей, исходящий поток 0 KZT; средства преимущественно остаются."
100000003010908100,consolidator,0.4615969750889679,8,0.3626431916777557,"Получает от 1 отправителей (top 59.0%), вход 17.0 тыс. KZT; наблюдаемый остаток 100%. Граница depth=4: исходящий поток может быть усечён."
100000003014659100,terminal,0.8128069395017793,9,0.5315324387846004,"Получено 280.0 тыс. KZT от 1 отправителей, исходящий поток 0 KZT; средства преимущественно остаются."
100000003016438100,transit,0.8935542704626334,10,0.602605594559612,"Получено 200.0 тыс., отправлено 300.0 тыс. KZT; совпадение потоков 67%, быстрое перенаправление 100%."
100000003016635100,distributor,0.9809321866350338,5,0.9521406184961452,"Отправляет 73 получателям (top 0.2%), 151 переводов на 9.41 млн KZT; выраженный fan-out. Паттерны: циклов 19, повторных маршрутов 13, цепочек A→B→C 5, дроблений 8, синхронных дней 1."
100000003016773100,terminal,0.7163478647686833,10,0.43732490442534927,"Получено 46.6 тыс. KZT от 1 отправителей, исходящий поток 0 KZT; средства преимущественно остаются."
100000003022835100,terminal,0.7744661921708185,2,0.5291352165066823,"Получено 125.0 тыс. KZT от 1 отправителей, исходящий поток 0 KZT; средства преимущественно остаются."
100000003024542100,terminal,0.6147998220640568,2,0.40156609704056323,"Получено 8.5 тыс. KZT от 1 отправителей, исходящий поток 0 KZT; средства преимущественно остаются."
100000003025903100,consolidator,0.510520462633452,4,0.40852257278885384,"Получает от 1 отправителей (top 59.0%), вход 386.3 тыс. KZT; наблюдаемый остаток 100%. Граница depth=4: исходящий поток может быть усечён."
100000003031003100,terminal,0.9077580071174377,12,0.5038314326486472,"Получено 280.1 тыс. KZT от 3 отправителей, исходящий поток 0 KZT; средства преимущественно остаются."
100000003031633100,terminal,0.8267437722419929,7,0.46847422103490866,"Получено 414.0 тыс. KZT от 1 отправителей, исходящий поток 0 KZT; средства преимущественно остаются."
100000003031761100,terminal,0.8306183274021351,3,0.4661423532859303,"Получено 460.4 тыс. KZT от 1 отправителей, исходящий поток 0 KZT; средства преимущественно остаются."
100000003031890100,terminal,0.8014724199288256,24,0.4952941430159402,"Получено 215.0 тыс. KZT от 1 отправителей, исходящий поток 0 KZT; средства преимущественно остаются. Паттерны: повторных маршрутов 1."
100000003034546100,terminal,0.8321218861209964,7,0.4786304266611206,"Получено 486.7 тыс. KZT от 1 отправителей, исходящий поток 0 KZT; средства преимущественно остаются."
100000003035737100,coordinator,0.7662233096085409,4,0.618452129444291,"Betweenness top 19.0%, PageRank top 32.3%; межкластерных связей 1, близость к seed 0.32."
100000003036198100,terminal,0.6401290035587188,2,0.3974258835174316,"Получено 15.0 тыс. KZT от 1 отправителей, исходящий поток 0 KZT; средства преимущественно остаются."
100000003037476100,consolidator,0.6961966192170818,7,0.4869680175600104,"Получает от 3 отправителей (top 6.4%), вход 555.0 тыс. KZT; наблюдаемый остаток 100%. Граница depth=4: исходящий поток может быть усечён."
100000003037660100,terminal,0.7293594306049821,2,0.5013826854432888,"Получено 53.0 тыс. KZT от 1 отправителей, исходящий поток 0 KZT; средства преимущественно остаются."
100000003039473100,terminal,0.6687544483985765,5,0.4158992390764633,"Получено 23.0 тыс. KZT от 1 отправителей, исходящий поток 0 KZT; средства преимущественно остаются."
100000003040087100,consolidator,0.49280249110320284,8,0.3501886543112077,"Получает от 1 отправителей (top 59.0%), вход 29.0 тыс. KZT; наблюдаемый остаток 100%. Граница depth=4: исходящий поток может быть усечён."
100000003042994100,terminal,0.8140791814946619,5,0.5818534484907094,"Получено 286.1 тыс. KZT от 1 отправителей, исходящий поток 0 KZT; средства преимущественно остаются. Паттерны: повторных маршрутов 1."
100000003044431100,terminal,0.8161476868327401,2,0.5148691785675772,"Получено 60.0 тыс. KZT от 2 отправителей, исходящий поток 0 KZT; средства преимущественно остаются."
100000003044518100,terminal,0.6985364768683274,6,0.4581816850093028,"Получено 34.4 тыс. KZT от 1 отправителей, исходящий поток 0 KZT; средства преимущественно остаются."
100000003047800100,coordinator,0.4206343416370107,12,0.34521657011426576,"Betweenness top 63.3%, PageRank top 32.9%; межкластерных связей 0, близость к seed 0.29. Граница depth=4: исходящий поток может быть усечён."
100000003050771100,terminal,0.8036699288256227,13,0.48332130732919426,"Получено 229.0 тыс. KZT от 1 отправителей, исходящий поток 0 KZT; средства преимущественно остаются."
100000003054328100,transit,0.8347881908290425,12,0.5585866468113445,"Получено 140.0 тыс., отправлено 193.7 тыс. KZT; совпадение потоков 72%, быстрое перенаправление 50%."
100000003057225100,terminal,0.8056361209964412,5,0.538186472949362,"Получено 236.0 тыс. KZT от 1 отправителей, исходящий поток 0 KZT; средства преимущественно остаются."
100000003060187100,terminal,0.7583318505338078,18,0.4374452528693314,"Получено 93.0 тыс. KZT от 1 отправителей, исходящий поток 0 KZT; средства преимущественно остаются."
100000003060517100,terminal,0.8175489323843416,16,0.46862302890572477,"Получено 316.0 тыс. KZT от 1 отправителей, исходящий поток 0 KZT; средства преимущественно остаются."
100000003061115100,coordinator,0.4455142348754449,0,0.393792399508734,"Betweenness top 63.3%, PageRank top 18.3%; межкластерных связей 0, близость к seed 0.29. Граница depth=4: исходящий поток может быть усечён."
100000003062895100,terminal,0.898785587188612,10,0.549433736518523,"Получено 328.4 тыс. KZT от 2 отправителей, исходящий поток 0 KZT; средства преимущественно остаются."
100000003066385100,terminal,0.7402758007117437,0,0.48706108695198286,"Получено 20.0 тыс. KZT от 2 отправителей, исходящий поток 0 KZT; средства преимущественно остаются."
100000003068941100,coordinator,0.774688612099644,0,0.623167670044961,"Betweenness top 15.8%, PageRank top 45.6%; межкластерных связей 2, близость к seed 0.36."
100000003069463100,transit,0.6669084424250127,26,0.4389877630977857,"Получено 11.5 тыс., отправлено 17.9 тыс. KZT; совпадение потоков 64%, быстрое перенаправление 0%."
100000003071649100,terminal,0.7944172597864768,7,0.444527646132672,"Получено 189.5 тыс. KZT от 1 отправителей, исходящий поток 0 KZT; средства преимущественно остаются."
100000003071930100,coordinator,0.800269128113879,7,0.6869835401174464,"Betweenness top 10.3%, PageRank top 37.6%; межкластерных связей 1, близость к seed 0.68."
100000003072205100,consolidator,0.6367927046263344,7,0.4295729997664161,"Получает от 2 отправителей (top 14.3%), вход 163.0 тыс. KZT; наблюдаемый остаток 100%. Граница depth=4: исходящий поток может быть усечён."
100000003072676100,terminal,0.6949510676156584,16,0.39674674512834096,"Получено 31.5 тыс. KZT от 1 отправителей, исходящий поток 0 KZT; средства преимущественно остаются."
100000003073398100,terminal,0.7582161921708185,6,0.4565912062729679,"Получено 93.0 тыс. KZT от 1 отправителей, исходящий поток 0 KZT; средства преимущественно остаются."
100000003073635100,terminal,0.7756806049822064,3,0.4511038474066019,"Получено 129.2 тыс. KZT от 1 отправителей, исходящий поток 0 KZT; средства преимущественно остаются."
100000003074515100,consolidator,0.5410898576512455,7,0.39369882211901785,"Получает от 1 отправителей (top 59.0%), вход 105.0 тыс. KZT; наблюдаемый остаток 100%. Граница depth=4: исходящий поток может быть усечён."
100000003078839100,coordinator,0.3937126334519573,3,0.3340206118021154,"Betweenness top 63.3%, PageRank top 48.8%; межкластерных связей 0, близость к seed 0.29. Граница depth=4: исходящий поток может быть усечён."
100000003083865100,consolidator,0.4600934163701067,8,0.32894621658878775,"Получает от 1 отправителей (top 59.0%), вход 15.0 тыс. KZT; наблюдаемый остаток 100%. Граница depth=4: исходящий поток может быть усечён."
100000003084870100,coordinator,0.4113327402135231,12,0.3364846306124865,"Betweenness top 63.3%, PageRank top 38.4%; межкластерных связей 0, близость к seed 0.29. Граница depth=4: исходящий поток может быть усечён."
100000003086040100,terminal,0.6270017793594306,0,0.4302628677964977,"Получено 10.5 тыс. KZT от 1 отправителей, исходящий поток 0 KZT; средства преимущественно остаются."
100000003087877100,terminal,0.7575222419928825,3,0.418796388981369,"Получено 91.5 тыс. KZT от 1 отправителей, исходящий поток 0 KZT; средства преимущественно остаются."
100000003089018100,terminal,0.8040169039145907,7,0.4596144771302244,"Получено 230.0 тыс. KZT от 1 отправителей, исходящий поток 0 KZT; средства преимущественно остаются."
100000003089553100,terminal,0.7831983985765124,10,0.4492244785189913,"Получено 150.0 тыс. KZT от 1 отправителей, исходящий поток 0 KZT; средства преимущественно остаются."
100000003091142100,consolidator,0.4520862989323843,0,0.3867514073956245,"Получает от 1 отправителей (top 59.0%), вход 40.0 тыс. KZT; наблюдаемый остаток 100%. Граница depth=4: исходящий поток может быть усечён."
100000003093299100,terminal,0.6401290035587188,0,0.390752593446295,"Получено 15.0 тыс. KZT от 1 отправителей, исходящий поток 0 KZT; средства преимущественно остаются."
100000003095610100,terminal,0.6713567615658363,8,0.3744315891836537,"Получено 23.7 тыс. KZT от 1 отправителей, исходящий поток 0 KZT; средства преимущественно остаются."
100000003096787100,consolidator,0.46425711743772236,8,0.3317120528877202,"Получает от 1 отправителей (top 59.0%), вход 16.4 тыс. KZT; наблюдаемый остаток 100%. Граница depth=4: исходящий поток может быть усечён."
100000003097324100,terminal,0.8949688612099643,17,0.4973674430642899,"Получено 294.0 тыс. KZT от 2 отправителей, исходящий поток 0 KZT; средства преимущественно остаются."
100000003097947100,consolidator,0.4672197508896797,3,0.364734050053534,"Получает от 1 отправителей (top 59.0%), вход 53.0 тыс. KZT; наблюдаемый остаток 100%. Граница depth=4: исходящий поток может быть усечён."
100000003102157100,terminal,0.7604137010676156,0,0.5170453102163535,"Получено 96.7 тыс. KZT от 1 отправителей, исходящий поток 0 KZT; средства преимущественно остаются."
100000003104347100,coordinator,0.6239457295373666,22,0.5218438637800515,"Betweenness top 19.0%, PageRank top 34.4%; межкластерных связей 0, близость к seed 0.36."
100000003105089100,consolidator,0.4009208185053381,21,0.30455811678823247,"Получает от 1 отправителей (top 59.0%), вход 10.0 тыс. KZT; наблюдаемый остаток 100%. Граница depth=4: исходящий поток может быть усечён."
100000003105929100,distributor,0.6272375444839858,4,0.5259402317540753,"Отправляет 1 получателям (top 23.8%), 1 переводов на 156.4 тыс. KZT; выраженный fan-out."
100000003109805100,terminal,0.7025845195729538,16,0.3931517611628727,"Получено 36.9 тыс. KZT от 1 отправителей, исходящий поток 0 KZT; средства преимущественно остаются."
100000003111305100,terminal,0.9350044483985765,27,0.5223319086103807,"Получено 509.3 тыс. KZT от 4 отправителей, исходящий поток 0 KZT; средства преимущественно остаются."
100000003112436100,terminal,0.7636521352313167,5,0.4555754603640725,"Получено 100.0 тыс. KZT от 1 отправителей, исходящий поток 0 KZT; средства преимущественно остаются."
100000003112578100,terminal,0.7660809608540925,12,0.4026579278518188,"Получено 101.1 тыс. KZT от 1 отправителей, исходящий поток 0 KZT; средства преимущественно остаются."
100000003115284100,coordinator,0.9329537366548043,9,0.8781842485254687,"Betweenness top 5.7%, PageRank top 2.5%; межкластерных связей 5, близость к seed 0.74. Паттерны: циклов 2, повторных маршрутов 1, дроблений 1, синхронных дней 1."
100000003116106100,terminal,0.8325845195729537,4,0.4714703003067727,"Получено 494.1 тыс. KZT от 1 отправителей, исходящий поток 0 KZT; средства преимущественно остаются."
100000003119550100,terminal,0.6648798932384341,1,0.4359633771605678,"Получено 21.0 тыс. KZT от 1 отправителей, исходящий поток 0 KZT; средства преимущественно остаются."
100000003122817100,terminal,0.8288834519572953,26,0.4490186156958341,"Получено 444.7 тыс. KZT от 1 отправителей, исходящий поток 0 KZT; средства преимущественно остаются."
100000003123296100,terminal,0.7538211743772242,11,0.4859735376625004,"Получено 86.2 тыс. KZT от 1 отправителей, исходящий поток 0 KZT; средства преимущественно остаются."
100000003125997100,consolidator,0.46231761565836293,10,0.4080001884525015,"Получает от 1 отправителей (top 59.0%), вход 87.8 тыс. KZT; наблюдаемый остаток 100%. Граница depth=4: исходящий поток может быть усечён."
100000003128638100,consolidator,0.5608674377224199,7,0.42037474065321034,"Получает от 1 отправителей (top 59.0%), вход 300.0 тыс. KZT; наблюдаемый остаток 100%. Граница depth=4: исходящий поток может быть усечён."
100000003131016100,distributor,0.7610216488730723,0,0.6545794259751792,"Отправляет 1 получателям (top 23.8%), 4 переводов на 126.0 тыс. KZT; выраженный fan-out. Паттерны: циклов 1, повторных маршрутов 1."
100000003131693100,terminal,0.8213656583629892,2,0.5576190209430173,"Получено 353.3 тыс. KZT от 1 отправителей, исходящий поток 0 KZT; средства преимущественно остаются."
100000003132484100,terminal,0.756076512455516,7,0.45668098801324514,"Получено 90.0 тыс. KZT от 1 отправителей, исходящий поток 0 KZT; средства преимущественно остаются."
100000003133045100,consolidator,0.5082072953736655,51,0.34529347566447205,"Получает от 1 отправителей (top 59.0%), вход 68.0 тыс. KZT; наблюдаемый остаток 100%. Граница depth=4: исходящий поток может быть усечён."
100000003134474100,terminal,0.7717482206405694,4,0.4311573833751191,"Получено 116.0 тыс. KZT от 1 отправителей, исходящий поток 0 KZT; средства преимущественно остаются."
100000003134550100,consolidator,0.5340791814946618,10,0.39430432065409815,"Получает от 1 отправителей (top 59.0%), вход 100.0 тыс. KZT; наблюдаемый остаток 100%. Граница depth=4: исходящий поток может быть усечён."
100000003134934100,terminal,0.9240169039145908,0,0.5663773048718778,"Получено 379.4 тыс. KZT от 4 отправителей, исходящий поток 0 KZT; средства преимущественно остаются."
100000003134937100,terminal,0.6267126334519573,5,0.4438393538529147,"Получено 10.3 тыс. KZT от 1 отправителей, исходящий поток 0 KZT; средства преимущественно остаются."
100000003146511100,coordinator,0.389326512455516,13,0.34437920943224326,"Betweenness top 63.3%, PageRank top 51.3%; межкластерных связей 0, близость к seed 0.29. Граница depth=4: исходящий поток может быть усечён."
100000003147719100,terminal,0.7636521352313167,7,0.4252401896018139,"Получено 100.0 тыс. KZT от 1 отправителей, исходящий поток 0 KZT; средства преимущественно остаются."
100000003148220100,distributor,0.7302313167259787,59,0.5720663323177202,"Отправляет 2 получателям (top 13.6%), 4 переводов на 43.4 тыс. KZT; выраженный fan-out. Паттерны: циклов 1."
100000003149149100,terminal,0.8074866548042704,4,0.45292250725371674,"Получено 245.0 тыс. KZT от 1 отправителей, исходящий поток 0 KZT; средства преимущественно остаются."
100000003152964100,coordinator,0.613202846975089,3,0.512195014460037,"Betweenness top 19.0%, PageRank top 49.1%; межкластерных связей 0, близость к seed 0.32."
100000003154105100,distributor,0.8736699288256228,21,0.6096411227281614,"Отправляет 7 получателям (top 3.7%), 9 переводов на 338.0 тыс. KZT; выраженный fan-out. Паттерны: дроблений 1."
100000003157333100,terminal,0.6905560498220641,6,0.41678285137164145,"Получено 30.0 тыс. KZT от 1 отправителей, исходящий поток 0 KZT; средства преимущественно остаются."
100000003157679100,terminal,0.9365080071174378,7,0.5331046781882043,"Получено 541.0 тыс. KZT от 4 отправителей, исходящий поток 0 KZT; средства преимущественно остаются."
100000003158727100,terminal,0.9173576512455516,6,0.5919931867585037,"Получено 367.9 тыс. KZT от 3 отправителей, исходящий поток 0 KZT; средства преимущественно остаются."
100000003159641100,coordinator,0.7785387010676157,58,0.5603414070286179,"Betweenness top 9.0%, PageRank top 56.4%; межкластерных связей 4, близость к seed 0.36."
100000003163256100,transit,0.7440861209964413,5,0.5607922477397594,"Получено 13.5 тыс., отправлено 15.0 тыс. KZT; совпадение потоков 90%, быстрое перенаправление 0%."
100000003163886100,terminal,0.8336254448398576,55,0.44627817022327904,"Получено 500.0 тыс. KZT от 1 отправителей, исходящий поток 0 KZT; средства преимущественно остаются."
100000003164661100,terminal,0.8383674377224198,29,0.4719339278967247,"Получено 596.2 тыс. KZT от 1 отправителей, исходящий поток 0 KZT; средства преимущественно остаются."
100000003166017100,consolidator,0.4600934163701067,8,0.32894621658878775,"Получает от 1 отправителей (top 59.0%), вход 15.0 тыс. KZT; наблюдаемый остаток 100%. Граница depth=4: исходящий поток может быть усечён."
100000003166755100,terminal,0.6736699288256228,2,0.41337641732526076,"Получено 24.0 тыс. KZT от 1 отправителей, исходящий поток 0 KZT; средства преимущественно остаются."
100000003171006100,terminal,0.9123176156583629,7,0.4998949512488377,"Получено 485.0 тыс. KZT от 2 отправителей, исходящий поток 0 KZT; средства преимущественно остаются."
100000003171587100,coordinator,0.7588322953736655,4,0.6003586016105087,"Betweenness top 11.5%, PageRank top 48.1%; межкластерных связей 1, близость к seed 0.32."
100000003173783100,consolidator,0.5026245551601423,30,0.3695344053573146,"Получает от 1 отправителей (top 59.0%), вход 23.5 тыс. KZT; наблюдаемый остаток 100%. Граница depth=4: исходящий поток может быть усечён."
100000003177533100,coordinator,0.40838345195729536,3,0.34614392141065625,"Betweenness top 63.3%, PageRank top 40.1%; межкластерных связей 0, близость к seed 0.29. Граница depth=4: исходящий поток может быть усечён."
100000003178549100,coordinator,0.8614857651245552,16,0.6981920142834723,"Betweenness top 3.7%, PageRank top 36.9%; межкластерных связей 4, близость к seed 0.56. Паттерны: циклов 11."
100000003180305100,consolidator,0.480894128113879,0,0.41114992499685554,"Получает от 1 отправителей (top 59.0%), вход 144.0 тыс. KZT; наблюдаемый остаток 100%. Граница depth=4: исходящий поток может быть усечён."
100000003180820100,consolidator,0.5401290035587188,7,0.39261364129762705,"Получает от 1 отправителей (top 59.0%), вход 101.0 тыс. KZT; наблюдаемый остаток 100%. Граница depth=4: исходящий поток может быть усечён."
100000003186579100,consolidator,0.4726868327402135,3,0.38980807020357733,"Получает от 1 отправителей (top 59.0%), вход 110.0 тыс. KZT; наблюдаемый остаток 100%. Граница depth=4: исходящий поток может быть усечён."
100000003187359100,terminal,0.6558585409252669,1,0.43189042342391304,"Получено 19.1 тыс. KZT от 1 отправителей, исходящий поток 0 KZT; средства преимущественно остаются."
100000003188607100,distributor,0.612494068801898,6,0.4869401770752972,"Отправляет 1 получателям (top 23.8%), 1 переводов на 5.0 тыс. KZT; выраженный fan-out."
100000003190207100,distributor,0.6701201067615657,20,0.5354178676147068,"Отправляет 1 получателям (top 23.8%), 8 переводов на 377.0 тыс. KZT; выраженный fan-out. Паттерны: повторных маршрутов 1."
100000003191430100,terminal,0.7915836298932383,5,0.48276953994996696,"Получено 180.0 тыс. KZT от 1 отправителей, исходящий поток 0 KZT; средства преимущественно остаются."
100000003192220100,terminal,0.7358362989323843,54,0.4037674923534354,"Получено 60.0 тыс. KZT от 1 отправителей, исходящий поток 0 KZT; средства преимущественно остаются."
100000003192309100,distributor,0.6289279359430605,1,0.4605401925283186,"Отправляет 1 получателям (top 23.8%), 1 переводов на 213.0 тыс. KZT; выраженный fan-out."
100000003194831100,peripheral,0.6386521352313167,9,0.2710241595710724,"Периферийный узел: входящих/исходящих связей 1/0, оборот 6.3 тыс. KZT; сильной структурной роли нет. Граница depth=4: исходящий поток может быть усечён."
100000003199390100,consolidator,0.5164546263345196,4,0.39905036205498834,"Получает от 1 отправителей (top 59.0%), вход 260.0 тыс. KZT; наблюдаемый остаток 100%. Граница depth=4: исходящий поток может быть усечён."
100000003200071100,distributor,0.7553202846975089,68,0.48116855756195165,"Отправляет 1 получателям (top 23.8%), 1 переводов на 30.0 тыс. KZT; выраженный fan-out."
100000003204491100,transit,0.8706971276054907,0,0.5917852560121873,"Получено 140.0 тыс., отправлено 100.0 тыс. KZT; совпадение потоков 71%, быстрое перенаправление 100%."
100000003205210100,terminal,0.7782250889679715,2,0.5319316936011994,"Получено 137.6 тыс. KZT от 1 отправителей, исходящий поток 0 KZT; средства преимущественно остаются."
100000003207060100,consolidator,0.511085409252669,0,0.40698966362338246,"Получает от 1 отправителей (top 59.0%), вход 53.0 тыс. KZT; наблюдаемый остаток 100%. Граница depth=4: исходящий поток может быть усечён."
100000003213473100,distributor,0.928117215302491,0,0.6909101351117678,"Отправляет 11 получателям (top 2.4%), 12 переводов на 240.0 тыс. KZT; выраженный fan-out. Паттерны: циклов 34."
100000003214786100,coordinator,0.42891503558718863,0,0.3661668560827457,"Betweenness top 63.3%, PageRank top 28.0%; межкластерных связей 0, близость к seed 0.29. Граница depth=4: исходящий поток может быть усечён."
100000003215448100,transit,0.9144631414303754,3,0.5978314765103356,"Получено 91.3 тыс., отправлено 124.0 тыс. KZT; совпадение потоков 74%, быстрое перенаправление 100%."
100000003216073100,transit,0.6329618352821555,3,0.4667348346610339,"Получено 37.0 тыс., отправлено 70.0 тыс. KZT; совпадение потоков 53%, быстрое перенаправление 0%."
100000003218308100,terminal,0.6286788256227758,0,0.38648159700501383,"Получено 11.2 тыс. KZT от 1 отправителей, исходящий поток 0 KZT; средства преимущественно остаются."
100000003219438100,terminal,0.6957606761565837,34,0.4018741227337313,"Получено 32.0 тыс. KZT от 1 отправителей, исходящий поток 0 KZT; средства преимущественно остаются."
100000003220685100,consolidator,0.5270151245551601,4,0.4182044690089174,"Получает от 1 отправителей (top 59.0%), вход 1.31 млн KZT; наблюдаемый остаток 100%. Граница depth=4: исходящий поток может быть усечён."
100000003221384100,terminal,0.8348976868327401,15,0.5009688974430078,"Получено 511.2 тыс. KZT от 1 отправителей, исходящий поток 0 KZT; средства преимущественно остаются."
100000003221510100,distributor,0.7054782028469752,0,0.5212216862943526,"Отправляет 2 получателям (top 13.6%), 3 переводов на 120.0 тыс. KZT; выраженный fan-out."
100000003230328100,consolidator,0.6197286476868327,0,0.46121540061482225,"Получает от 3 отправителей (top 6.4%), вход 26.6 тыс. KZT; наблюдаемый остаток 100%. Граница depth=4: исходящий поток может быть усечён."
100000003230329100,consolidator,0.5426512455516014,7,0.39526403203533983,"Получает от 1 отправителей (top 59.0%), вход 110.0 тыс. KZT; наблюдаемый остаток 100%. Граница depth=4: исходящий поток может быть усечён."
100000003232675100,consolidator,0.44847419928825627,13,0.38416303096730137,"Получает от 1 отправителей (top 59.0%), вход 44.0 тыс. KZT; наблюдаемый остаток 100%. Граница depth=4: исходящий поток может быть усечён."
100000003235780100,terminal,0.8200800711743771,0,0.5181729656841138,"Получено 65.0 тыс. KZT от 2 отправителей, исходящий поток 0 KZT; средства преимущественно остаются."
100000003237045100,distributor,0.7249228944246737,5,0.5768259018564126,"Отправляет 1 получателям (top 23.8%), 1 переводов на 150.0 тыс. KZT; выраженный fan-out. Паттерны: циклов 1."
100000003239379100,terminal,0.7578692170818505,11,0.4886611160749499,"Получено 92.5 тыс. KZT от 1 отправителей, исходящий поток 0 KZT; средства преимущественно остаются."
100000003239859100,terminal,0.654644128113879,11,0.4323107149651121,"Получено 18.6 тыс. KZT от 1 отправителей, исходящий поток 0 KZT; средства преимущественно остаются."
100000003241965100,terminal,0.6401290035587188,8,0.3584760731694189,"Получено 15.0 тыс. KZT от 1 отправителей, исходящий поток 0 KZT; средства преимущественно остаются."
100000003242289100,distributor,0.9261042864312438,16,0.7677056056152681,"Отправляет 23 получателям (top 1.0%), 26 переводов на 2.38 млн KZT; выраженный fan-out. Паттерны: циклов 104, повторных маршрутов 1, дроблений 2."
100000003242795100,terminal,0.7701868327402135,4,0.42983883439875825,"Получено 111.0 тыс. KZT от 1 отправителей, исходящий поток 0 KZT; средства преимущественно остаются."
100000003246024100,coordinator,0.7566859430604982,0,0.5993147583658927,"Betweenness top 1.2%, PageRank top 33.4%; межкластерных связей 1, близость к seed 0.36."
100000003247600100,coordinator,0.4654030249110321,2,0.4160087142582338,"Betweenness top 63.3%, PageRank top 6.6%; межкластерных связей 0, близость к seed 0.29. Граница depth=4: исходящий поток может быть усечён."
100000003249054100,coordinator,0.8163500889679716,2,0.6410755258460539,"Betweenness top 11.0%, PageRank top 26.9%; межкластерных связей 5, близость к seed 0.36. Паттерны: дроблений 1."
100000003252446100,consolidator,0.5376023131672597,10,0.3973510468731999,"Получает от 1 отправителей (top 59.0%), вход 108.6 тыс. KZT; наблюдаемый остаток 100%. Граница depth=4: исходящий поток может быть усечён."
100000003254277100,transit,0.9568207338772675,0,0.5811996609399246,"Получено 49.2 тыс., отправлено 45.0 тыс. KZT; совпадение потоков 91%, быстрое перенаправление 100%."
100000003254723100,terminal,0.8115346975088967,2,0.5292985622621744,"Получено 269.9 тыс. KZT от 1 отправителей, исходящий поток 0 KZT; средства преимущественно остаются. Паттерны: повторных маршрутов 1."
100000003265158100,transit,0.9777962938089368,11,0.7345124068440254,"Получено 146.1 тыс., отправлено 154.2 тыс. KZT; совпадение потоков 95%, быстрое перенаправление 100%."
100000003265658100,peripheral,0.6317148576512455,73,0.3180261249614364,"Периферийный узел: входящих/исходящих связей 0/0, оборот 0 KZT; сильной структурной роли нет."
100000003270419100,terminal,0.7831983985765124,13,0.4745591975366284,"Получено 150.0 тыс. KZT от 1 отправителей, исходящий поток 0 KZT; средства преимущественно остаются."
100000003271151100,terminal,0.7752179715302491,3,0.4506670518773271,"Получено 127.3 тыс. KZT от 1 отправителей, исходящий поток 0 KZT; средства преимущественно остаются."
100000003275398100,distributor,0.7000430011862396,24,0.5100356971246429,"Отправляет 1 получателям (top 23.8%), 1 переводов на 20.0 тыс. KZT; выраженный fan-out."
100000003278020100,terminal,0.7946485765124555,0,0.4756911272594547,"Получено 190.0 тыс. KZT от 1 отправителей, исходящий поток 0 KZT; средства преимущественно остаются."
100000003284932100,terminal,0.7422553380782918,2,0.509654686544079,"Получено 69.9 тыс. KZT от 1 отправителей, исходящий поток 0 KZT; средства преимущественно остаются."
100000003286537100,terminal,0.8650711743772243,7,0.4674854973024486,"Получено 153.0 тыс. KZT от 2 отправителей, исходящий поток 0 KZT; средства преимущественно остаются."
100000003289281100,coordinator,0.4562526690391459,0,0.3986515319507846,"Betweenness top 63.3%, PageRank top 12.0%; межкластерных связей 0, близость к seed 0.29. Граница depth=4: исходящий поток может быть усечён."
100000003289405100,terminal,0.8214813167259786,2,0.49711501324891,"Получено 355.0 тыс. KZT от 1 отправителей, исходящий поток 0 KZT; средства преимущественно остаются."
100000003292191100,terminal,0.7704181494661921,17,0.4164349568999935,"Получено 112.0 тыс. KZT от 1 отправителей, исходящий поток 0 KZT; средства преимущественно остаются."
100000003292979100,terminal,0.7199332740213523,2,0.44666134129808505,"Получено 49.0 тыс. KZT от 1 отправителей, исходящий поток 0 KZT; средства преимущественно остаются."
100000003293377100,terminal,0.7236343416370107,4,0.40721673549884885,"Получено 50.0 тыс. KZT от 1 отправителей, исходящий поток 0 KZT; средства преимущественно остаются."
100000003299365100,transit,0.9935542704626334,2,0.6996504174962203,"Получено 200.0 тыс., отправлено 200.0 тыс. KZT; совпадение потоков 100%, быстрое перенаправление 100%. Паттерны: циклов 1."
100000003321423100,terminal,0.7636521352313167,33,0.4324128875276563,"Получено 100.0 тыс. KZT от 1 отправителей, исходящий поток 0 KZT; средства преимущественно остаются."
100000003321895100,coordinator,0.7158785587188612,62,0.5137397211073603,"Betweenness top 11.0%, PageRank top 51.9%; межкластерных связей 1, близость к seed 0.32."
100000003336565100,terminal,0.6469528469750889,1,0.3802194367613406,"Получено 16.6 тыс. KZT от 1 отправителей, исходящий поток 0 KZT; средства преимущественно остаются."
100000003338583100,terminal,0.6662677935943061,24,0.3669720197495292,"Получено 21.8 тыс. KZT от 1 отправителей, исходящий поток 0 KZT; средства преимущественно остаются."
100000003345947100,consolidator,0.4588745551601423,3,0.38264687346413323,"Получает от 1 отправителей (top 59.0%), вход 79.5 тыс. KZT; наблюдаемый остаток 100%. Граница depth=4: исходящий поток может быть усечён."
100000003349739100,peripheral,0.6317148576512455,74,0.3180261249614364,"Периферийный узел: входящих/исходящих связей 0/0, оборот 0 KZT; сильной структурной роли нет."
100000003360542100,distributor,0.785574584816133,9,0.6888375887943363,"Отправляет 2 получателям (top 13.6%), 5 переводов на 51.8 тыс. KZT; выраженный fan-out. Паттерны: циклов 3, повторных маршрутов 1."
100000003366154100,distributor,0.8560920818505339,2,0.6808343501999087,"Отправляет 3 получателям (top 8.9%), 3 переводов на 289.2 тыс. KZT; выраженный fan-out."
100000003366471100,coordinator,0.7550400355871887,3,0.6071779001345021,"Betweenness top 19.0%, PageRank top 35.2%; межкластерных связей 1, близость к seed 0.32."
100000003370425100,coordinator,0.45920195729537366,13,0.3903877503575101,"Betweenness top 63.3%, PageRank top 10.2%; межкластерных связей 0, близость к seed 0.29. Граница depth=4: исходящий поток может быть усечён."
100000003377795100,terminal,0.6108096085409253,6,0.4257556173936444,"Получено 7.0 тыс. KZT от 1 отправителей, исходящий поток 0 KZT; средства преимущественно остаются."
100000003390036100,coordinator,0.719844306049822,9,0.6301638247747032,"Betweenness top 7.5%, PageRank top 3.2%; межкластерных связей 0, близость к seed 0.36. Паттерны: циклов 2."
100000003404627100,terminal,0.9448354092526691,10,0.607922419232421,"Получено 877.7 тыс. KZT от 4 отправителей, исходящий поток 0 KZT; средства преимущественно остаются. Паттерны: синхронных дней 1."
100000003406094100,distributor,0.8128514234875446,5,0.6375197809701851,"Отправляет 3 получателям (top 8.9%), 3 переводов на 47.0 тыс. KZT; выраженный fan-out. Паттерны: циклов 1."
100000003447411100,consolidator,0.6108407473309608,3,0.4172034258350095,"Получает от 1 отправителей (top 59.0%), вход 302.0 тыс. KZT; наблюдаемый остаток 100%. Граница depth=4: исходящий поток может быть усечён."
100000003448713100,consolidator,0.6065969750889679,3,0.4141066527273823,"Получает от 1 отправителей (top 59.0%), вход 266.8 тыс. KZT; наблюдаемый остаток 100%. Граница depth=4: исходящий поток может быть усечён."
100000003449074100,terminal,0.6222019572953736,0,0.4433061854199242,"Получено 10.0 тыс. KZT от 1 отправителей, исходящий поток 0 KZT; средства преимущественно остаются."
100000003457710100,transit,0.7685669044595707,4,0.5716339693459135,"Получено 326.6 тыс., отправлено 1.31 млн KZT; совпадение потоков 25%, быстрое перенаправление 100%."
100000003470579100,consolidator,0.5247019572953736,26,0.4020381909352549,"Получает от 1 отправителей (top 59.0%), вход 357.0 тыс. KZT; наблюдаемый остаток 100%. Граница depth=4: исходящий поток может быть усечён."
100000003476560100,terminal,0.7236343416370107,2,0.4985015979229318,"Получено 50.0 тыс. KZT от 1 отправителей, исходящий поток 0 KZT; средства преимущественно остаются."
100000003481025100,coordinator,0.4432455516014235,0,0.37680435608274576,"Betweenness top 63.3%, PageRank top 19.6%; межкластерных связей 0, близость к seed 0.29. Граница depth=4: исходящий поток может быть усечён."
100000003484058100,distributor,0.6105560498220641,14,0.49396120580931524,"Отправляет 1 получателям (top 23.8%), 1 переводов на 6.0 тыс. KZT; выраженный fan-out."
100000003486846100,coordinator,0.443396797153025,5,0.39336617220256903,"Betweenness top 63.3%, PageRank top 19.5%; межкластерных связей 0, близость к seed 0.29. Граница depth=4: исходящий поток может быть усечён."
100000003486970100,terminal,0.7831983985765124,4,0.4381661448597679,"Получено 150.0 тыс. KZT от 1 отправителей, исходящий поток 0 KZT; средства преимущественно остаются."
100000003497735100,terminal,0.7744661921708185,18,0.446688962529291,"Получено 125.0 тыс. KZT от 1 отправителей, исходящий поток 0 KZT; средства преимущественно остаются."
100000003500764100,coordinator,0.44226245551601423,16,0.35926966150685896,"Betweenness top 63.3%, PageRank top 20.2%; межкластерных связей 0, близость к seed 0.29. Граница depth=4: исходящий поток может быть усечён."
100000003509750100,transit,0.9127362745632255,6,0.6730444972422872,"Получено 82.3 тыс., отправлено 78.4 тыс. KZT; совпадение потоков 95%, быстрое перенаправление 60%. Паттерны: циклов 2."
100000003528285100,coordinator,0.8627357651245551,2,0.7180116412126127,"Betweenness top 6.5%, PageRank top 29.0%; межкластерных связей 4, близость к seed 0.56."
100000003557488100,distributor,0.7890191281138791,31,0.6602577660097521,"Отправляет 2 получателям (top 13.6%), 4 переводов на 138.0 тыс. KZT; выраженный fan-out. Паттерны: циклов 1, повторных маршрутов 1."
100000003561031100,distributor,0.6095774021352314,3,0.46010105244225685,"Отправляет 1 получателям (top 23.8%), 1 переводов на 5.0 тыс. KZT; выраженный fan-out."
100000003567087100,terminal,0.7376290035587189,1,0.4744812793259578,"Получено 62.1 тыс. KZT от 1 отправителей, исходящий поток 0 KZT; средства преимущественно остаются."
100000003568904100,coordinator,0.4436992882562278,13,0.3916530191850566,"Betweenness top 63.3%, PageRank top 19.4%; межкластерных связей 0, близость к seed 0.29. Граница depth=4: исходящий поток может быть усечён."
100000003574895100,transit,0.8710485496388347,0,0.5549998454829184,"Получено 28.0 тыс., отправлено 20.0 тыс. KZT; совпадение потоков 72%, быстрое перенаправление 100%."
100000003581109100,terminal,0.7106806049822064,0,0.4188588868308666,"Получено 42.8 тыс. KZT от 1 отправителей, исходящий поток 0 KZT; средства преимущественно остаются."
100000003582677100,distributor,0.8477646797153024,2,0.687254094043533,"Отправляет 4 получателям (top 6.5%), 5 переводов на 56.0 тыс. KZT; выраженный fan-out. Паттерны: циклов 31, дроблений 1."
100000003589877100,distributor,0.8848976868327403,10,0.7151569887456924,"Отправляет 6 получателям (top 4.3%), 6 переводов на 416.1 тыс. KZT; выраженный fan-out."
100000003594472100,terminal,0.6599644128113878,31,0.37226694661981186,"Получено 20.0 тыс. KZT от 1 отправителей, исходящий поток 0 KZT; средства преимущественно остаются."
100000003603979100,terminal,0.7878825622775799,24,0.5022945716798028,"Получено 165.0 тыс. KZT от 1 отправителей, исходящий поток 0 KZT; средства преимущественно остаются. Паттерны: повторных маршрутов 1."
100000003610172100,terminal,0.7431227758007117,4,0.4158530422117022,"Получено 70.0 тыс. KZT от 1 отправителей, исходящий поток 0 KZT; средства преимущественно остаются."
100000003616818100,distributor,0.8156472419928825,24,0.7174256315653693,"Отправляет 3 получателям (top 8.9%), 8 переводов на 240.1 тыс. KZT; выраженный fan-out. Паттерны: циклов 14, повторных маршрутов 1, дроблений 1."
100000003617552100,terminal,0.6769661921708184,29,0.41442937673240166,"Получено 25.0 тыс. KZT от 1 отправителей, исходящий поток 0 KZT; средства преимущественно остаются."
100000003622955100,coordinator,0.4713016014234876,9,0.389673376652923,"Betweenness top 63.3%, PageRank top 3.1%; межкластерных связей 0, близость к seed 0.29. Граница depth=4: исходящий поток может быть усечён."
100000003626268100,coordinator,0.4430943060498221,3,0.3569669641152826,"Betweenness top 63.3%, PageRank top 19.7%; межкластерных связей 0, близость к seed 0.29. Граница depth=4: исходящий поток может быть усечён."
100000003631015100,consolidator,0.5282517793594306,40,0.3715077137107386,"Получает от 1 отправителей (top 59.0%), вход 266.0 тыс. KZT; наблюдаемый остаток 100%. Граница depth=4: исходящий поток может быть усечён."
100000003632533100,coordinator,0.43069217081850536,4,0.3546519040863437,"Betweenness top 63.3%, PageRank top 27.0%; межкластерных связей 0, близость к seed 0.29. Граница depth=4: исходящий поток может быть усечён."
100000003635170100,transit,0.9611644863714983,33,0.7968578802716773,"Получено 268.5 тыс., отправлено 253.5 тыс. KZT; совпадение потоков 94%, быстрое перенаправление 80%. Паттерны: циклов 2, повторных маршрутов 1, дроблений 1."
100000003635660100,terminal,0.6550489323843416,0,0.40364778917583233,"Получено 19.0 тыс. KZT от 1 отправителей, исходящий поток 0 KZT; средства преимущественно остаются."
100000003636627100,distributor,0.7016859430604983,6,0.5909704717848913,"Отправляет 1 получателям (top 23.8%), 1 переводов на 10.0 тыс. KZT; выраженный fan-out. Паттерны: циклов 1, повторных маршрутов 1."
100000003646145100,coordinator,0.4597313167259787,32,0.3391178088221772,"Betweenness top 63.3%, PageRank top 9.9%; межкластерных связей 0, близость к seed 0.29. Граница depth=4: исходящий поток может быть усечён."
100000003647799100,terminal,0.7636521352313167,4,0.42643286880872805,"Получено 100.0 тыс. KZT от 1 отправителей, исходящий поток 0 KZT; средства преимущественно остаются."
100000003650146100,terminal,0.6372375444839857,5,0.40603682949494385,"Получено 14.4 тыс. KZT от 1 отправителей, исходящий поток 0 KZT; средства преимущественно остаются."
100000003664994100,consolidator,0.5766325622775801,41,0.39384008922692193,"Получает от 1 отправителей (top 59.0%), вход 338.3 тыс. KZT; наблюдаемый остаток 100%. Граница depth=4: исходящий поток может быть усечён."
100000003671721100,terminal,0.6005160142348754,8,0.38443025466408076,"Получено 5.0 тыс. KZT от 1 отправителей, исходящий поток 0 KZT; средства преимущественно остаются."
100000003677936100,distributor,0.6278380782918149,6,0.5393306845238405,"Отправляет 1 получателям (top 23.8%), 2 переводов на 13.0 тыс. KZT; выраженный fan-out."
100000003684369100,transit,0.9836120996441282,2,0.9714642255188362,"Seed с неполным входящим потоком; отправлено 8.59 млн KZT 62 получателям, быстрое перенаправление 99%. Паттерны: циклов 1, повторных маршрутов 3, цепочек A→B→C 1, дроблений 7, синхронных дней 9."
100000003692843100,consolidator,0.5176868327402135,62,0.375837257366083,"Получает от 1 отправителей (top 59.0%), вход 510.0 тыс. KZT; наблюдаемый остаток 100%. Граница depth=4: исходящий поток может быть усечён."
100000003696422100,consolidator,0.49569839857651243,31,0.3893569647626587,"Получает от 1 отправителей (top 59.0%), вход 118.0 тыс. KZT; наблюдаемый остаток 100%. Граница depth=4: исходящий поток может быть усечён."
100000003701161100,coordinator,0.8920462633451958,22,0.8020745726838426,"Betweenness top 4.2%, PageRank top 2.4%; межкластерных связей 1, близость к seed 0.68. Паттерны: циклов 4, повторных маршрутов 2."
100000003711830100,terminal,0.7236343416370107,3,0.42032485602600855,"Получено 50.0 тыс. KZT от 1 отправителей, исходящий поток 0 KZT; средства преимущественно остаются."
100000003713616100,terminal,0.6445240213523131,5,0.45098134673547696,"Получено 15.9 тыс. KZT от 1 отправителей, исходящий поток 0 KZT; средства преимущественно остаются."
100000003718221100,transit,0.8972335792644754,22,0.6754884171391751,"Получено 350.0 тыс., отправлено 423.5 тыс. KZT; совпадение потоков 83%, быстрое перенаправление 71%. Паттерны: циклов 4."
100000003718715100,consolidator,0.5248532028469751,13,0.4338029775865185,"Получает от 1 отправителей (top 59.0%), вход 915.0 тыс. KZT; наблюдаемый остаток 100%. Граница depth=4: исходящий поток может быть усечён."
100000003724440100,terminal,0.8039457295373665,2,0.5060487644621097,"Получено 50.0 тыс. KZT от 2 отправителей, исходящий поток 0 KZT; средства преимущественно остаются."
100000003736419100,transit,0.7481036266858094,0,0.5376327310845918,"Получено 23.3 тыс., отправлено 10.0 тыс. KZT; совпадение потоков 43%, быстрое перенаправление 100%."
100000003739818100,terminal,0.7339279359430605,2,0.5041279207560339,"Получено 57.3 тыс. KZT от 1 отправителей, исходящий поток 0 KZT; средства преимущественно остаются."
100000003741418100,coordinator,0.8685275800711744,4,0.6620684456657477,"Betweenness top 9.8%, PageRank top 10.5%; межкластерных связей 7, близость к seed 0.36. Паттерны: циклов 1."
100000003747133100,transit,0.9024620270462634,46,0.6375077178346374,"Получено 237.1 тыс., отправлено 250.0 тыс. KZT; совпадение потоков 95%, быстрое перенаправление 50%."
100000003760160100,terminal,0.7670062277580071,4,0.42836832812702363,"Получено 104.5 тыс. KZT от 1 отправителей, исходящий поток 0 KZT; средства преимущественно остаются."
100000003770083100,peripheral,0.6317148576512455,75,0.3180261249614364,"Периферийный узел: входящих/исходящих связей 0/0, оборот 0 KZT; сильной структурной роли нет."
100000003781406100,terminal,0.7136298932384341,11,0.4387831550876089,"Получено 45.0 тыс. KZT от 1 отправителей, исходящий поток 0 KZT; средства преимущественно остаются."
100000003782913100,consolidator,0.551832740213523,14,0.37890221102716654,"Получает от 1 отправителей (top 59.0%), вход 200.0 тыс. KZT; наблюдаемый остаток 100%. Граница depth=4: исходящий поток может быть усечён."
100000003786516100,consolidator,0.4496085409252669,0,0.35228830626068175,"Получает от 1 отправителей (top 59.0%), вход 5.0 тыс. KZT; наблюдаемый остаток 100%. Граница depth=4: исходящий поток может быть усечён."
100000003792647100,coordinator,0.4266841637010676,4,0.35101160159524036,"Betweenness top 63.3%, PageRank top 29.4%; межкластерных связей 0, близость к seed 0.29. Граница depth=4: исходящий поток может быть усечён."
100000003795588100,terminal,0.8258185053380783,0,0.49052601028999543,"Получено 400.0 тыс. KZT от 1 отправителей, исходящий поток 0 KZT; средства преимущественно остаются."
100000003796063100,distributor,0.9457173042704627,4,0.8170694284311485,"Отправляет 15 получателям (top 1.8%), 23 переводов на 959.1 тыс. KZT; выраженный fan-out. Паттерны: циклов 104, цепочек A→B→C 1, дроблений 2."
100000003798151100,terminal,0.8208451957295374,5,0.536024918468246,"Получено 350.0 тыс. KZT от 1 отправителей, исходящий поток 0 KZT; средства преимущественно остаются. Паттерны: повторных маршрутов 1."
100000003809101100,coordinator,0.8357384341637011,9,0.7228517655792965,"Betweenness top 5.6%, PageRank top 34.9%; межкластерных связей 2, близость к seed 0.68. Паттерны: циклов 1."
100000003814002100,terminal,0.6905560498220641,4,0.3938764610850903,"Получено 30.0 тыс. KZT от 1 отправителей, исходящий поток 0 KZT; средства преимущественно остаются."
100000003819173100,consolidator,0.5861788256227758,3,0.39699022731620587,"Получает от 1 отправителей (top 59.0%), вход 143.8 тыс. KZT; наблюдаемый остаток 100%. Граница depth=4: исходящий поток может быть усечён."
100000003823811100,distributor,0.8444813908659551,20,0.6618879502762955,"Отправляет 3 получателям (top 8.9%), 3 переводов на 66.1 тыс. KZT; выраженный fan-out."
100000003824464100,terminal,0.798291814946619,22,0.4503760398557552,"Получено 200.0 тыс. KZT от 1 отправителей, исходящий поток 0 KZT; средства преимущественно остаются."
100000003831201100,terminal,0.7086565836298931,0,0.44648069374279337,"Получено 40.5 тыс. KZT от 1 отправителей, исходящий поток 0 KZT; средства преимущественно остаются."
100000003831324100,terminal,0.8961254448398576,6,0.5832420625954057,"Получено 300.0 тыс. KZT от 2 отправителей, исходящий поток 0 KZT; средства преимущественно остаются."
100000003832231100,terminal,0.7000400355871886,2,0.4851070125287584,"Получено 35.0 тыс. KZT от 1 отправителей, исходящий поток 0 KZT; средства преимущественно остаются."
100000003834495100,consolidator,0.7307593543248645,0,0.6127855127463326,"Получает от 3 отправителей (top 6.4%), вход 602.4 тыс. KZT; наблюдаемый остаток 97%."
100000003835149100,distributor,0.8464190391459074,23,0.6952961342057574,"Отправляет 2 получателям (top 13.6%), 13 переводов на 4.60 млн KZT; выраженный fan-out. Паттерны: цепочек A→B→C 1."
100000003838587100,coordinator,0.4520177935943061,14,0.3583645746897615,"Betweenness top 63.3%, PageRank top 14.5%; межкластерных связей 0, близость к seed 0.29. Граница depth=4: исходящий поток может быть усечён."
100000003843844100,distributor,0.6292838078291815,13,0.49476744001325323,"Отправляет 1 получателям (top 23.8%), 1 переводов на 238.0 тыс. KZT; выраженный fan-out."
100000003854444100,distributor,0.9270376631079478,18,0.7260130990243446,"Отправляет 14 получателям (top 2.0%), 14 переводов на 2.32 млн KZT; выраженный fan-out. Паттерны: повторных маршрутов 1."
100000003865939100,terminal,0.7509297153024911,69,0.4683596222117349,"Получено 81.5 тыс. KZT от 1 отправителей, исходящий поток 0 KZT; средства преимущественно остаются."
100000003873332100,distributor,0.8723652135231317,18,0.6775927291583951,"Отправляет 4 получателям (top 6.5%), 8 переводов на 286.0 тыс. KZT; выраженный fan-out. Паттерны: повторных маршрутов 1."
100000003877908100,terminal,0.7072108540925267,2,0.48952292045444756,"Получено 40.0 тыс. KZT от 1 отправителей, исходящий поток 0 KZT; средства преимущественно остаются."
100000003880331100,distributor,0.949416213104459,3,0.7817765536111074,"Отправляет 16 получателям (top 1.6%), 31 переводов на 3.90 млн KZT; выраженный fan-out. Паттерны: циклов 21, повторных маршрутов 1, дроблений 3."
100000003886323100,coordinator,0.7367393238434164,5,0.6955996151641737,"Betweenness top 19.0%, PageRank top 2.0%; межкластерных связей 0, близость к seed 0.68. Паттерны: циклов 1, повторных маршрутов 1."
100000003888197100,terminal,0.7520862989323843,4,0.42035057039053125,"Получено 83.2 тыс. KZT от 1 отправителей, исходящий поток 0 KZT; средства преимущественно остаются."
100000003888271100,distributor,0.7962277580071175,43,0.5812263089537081,"Отправляет 2 получателям (top 13.6%), 3 переводов на 25.6 тыс. KZT; выраженный fan-out. Паттерны: циклов 1."
100000003888527100,terminal,0.6905560498220641,41,0.39616147535907253,"Получено 30.0 тыс. KZT от 1 отправителей, исходящий поток 0 KZT; средства преимущественно остаются."
100000003896956100,transit,0.7290915381573745,5,0.5168442056332604,"Получено 10.0 тыс., отправлено 27.0 тыс. KZT; совпадение потоков 37%, быстрое перенаправление 50%."
100000003899325100,terminal,0.7258318505338078,3,0.4153684794242468,"Получено 50.1 тыс. KZT от 1 отправителей, исходящий поток 0 KZT; средства преимущественно остаются."
100000003899899100,coordinator,0.6731828291814946,5,0.6306305977621319,"Betweenness top 17.0%, PageRank top 9.9%; межкластерных связей 0, близость к seed 0.32. Паттерны: повторных маршрутов 1."
100000003900547100,terminal,0.671935053380783,5,0.4620455816109218,"Получено 23.7 тыс. KZT от 1 отправителей, исходящий поток 0 KZT; средства преимущественно остаются."
100000003904497100,coordinator,0.41004715302491107,7,0.35563208964811277,"Betweenness top 63.3%, PageRank top 39.1%; межкластерных связей 0, близость к seed 0.29. Граница depth=4: исходящий поток может быть усечён."
100000003917461100,distributor,0.793454181494662,11,0.5935703691276808,"Отправляет 2 получателям (top 13.6%), 5 переводов на 140.0 тыс. KZT; выраженный fan-out. Паттерны: циклов 1."
100000003920950100,terminal,0.8181272241992882,6,0.4950565100146866,"Получено 323.3 тыс. KZT от 1 отправителей, исходящий поток 0 KZT; средства преимущественно остаются."
100000003922499100,terminal,0.7236343416370107,11,0.4410457134206245,"Получено 50.0 тыс. KZT от 1 отправителей, исходящий поток 0 KZT; средства преимущественно остаются."
100000003923946100,distributor,0.8816445729537367,6,0.7375357253836706,"Отправляет 4 получателям (top 6.5%), 4 переводов на 675.0 тыс. KZT; выраженный fan-out. Паттерны: циклов 1."
100000003927792100,terminal,0.6339991103202847,15,0.38796681073967554,"Получено 13.1 тыс. KZT от 1 отправителей, исходящий поток 0 KZT; средства преимущественно остаются."
100000003934614100,transit,0.8388627799874397,34,0.5463877569798988,"Получено 17.0 тыс., отправлено 11.5 тыс. KZT; совпадение потоков 68%, быстрое перенаправление 50%. Паттерны: циклов 4."
100000003942602100,transit,0.9935542704626334,1,0.6378504672580987,"Получено 30.0 тыс., отправлено 30.0 тыс. KZT; совпадение потоков 100%, быстрое перенаправление 100%. Паттерны: циклов 1."
100000003943247100,terminal,0.7072108540925267,0,0.4173315753550132,"Получено 40.0 тыс. KZT от 1 отправителей, исходящий поток 0 KZT; средства преимущественно остаются."
100000003943483100,terminal,0.6222019572953736,11,0.3887937318612586,"Получено 10.0 тыс. KZT от 1 отправителей, исходящий поток 0 KZT; средства преимущественно остаются."
100000003946524100,transit,0.7516027013073221,2,0.6731580522347871,"Получено 133.8 тыс., отправлено 144.8 тыс. KZT; совпадение потоков 92%, быстрое перенаправление 0%. Паттерны: циклов 1."
100000003950749100,coordinator,0.42540747330960854,5,0.37176261348370787,"Betweenness top 63.3%, PageRank top 31.8%; межкластерных связей 0, близость к seed 0.29. Граница depth=4: исходящий поток может быть усечён."
100000003951827100,distributor,0.7830004448398578,0,0.5298373397522637,"Отправляет 2 получателям (top 13.6%), 2 переводов на 17.0 тыс. KZT; выраженный fan-out."
100000003962994100,terminal,0.6222019572953736,38,0.35968109643796525,"Получено 10.0 тыс. KZT от 1 отправителей, исходящий поток 0 KZT; средства преимущественно остаются."
100000003964910100,terminal,0.9257918149466192,16,0.5053067261169342,"Получено 1.00 млн KZT от 2 отправителей, исходящий поток 0 KZT; средства преимущественно остаются."
100000003968044100,distributor,0.8457740213523132,3,0.6239358679395524,"Отправляет 3 получателям (top 8.9%), 4 переводов на 311.0 тыс. KZT; выраженный fan-out. Паттерны: циклов 43."
100000003970394100,terminal,0.7531272241992882,11,0.48551036663288455,"Получено 85.0 тыс. KZT от 1 отправителей, исходящий поток 0 KZT; средства преимущественно остаются."
100000003971049100,terminal,0.7330026690391459,0,0.43520947892558215,"Получено 55.9 тыс. KZT от 1 отправителей, исходящий поток 0 KZT; средства преимущественно остаются."
100000003975102100,transit,0.9649421708185053,5,0.7477083450382161,"Seed с неполным входящим потоком; отправлено 88.5 тыс. KZT 2 получателям, быстрое перенаправление 100%."
100000003977183100,transit,0.9790435943060498,6,0.7894842604056641,"Seed с неполным входящим потоком; отправлено 766.0 тыс. KZT 4 получателям, быстрое перенаправление 100%. Паттерны: циклов 1."
100000003980083100,terminal,0.6905560498220641,68,0.445030191129517,"Получено 30.0 тыс. KZT от 1 отправителей, исходящий поток 0 KZT; средства преимущественно остаются."
100000003985389100,consolidator,0.5286254448398576,3,0.44725676574075146,"Получает от 1 отправителей (top 59.0%), вход 422.7 тыс. KZT; наблюдаемый остаток 100%. Паттерны: повторных маршрутов 1. Граница depth=4: исходящий поток может быть усечён."
100000003986141100,terminal,0.604506227758007,16,0.35111247182414485,"Получено 5.3 тыс. KZT от 1 отправителей, исходящий поток 0 KZT; средства преимущественно остаются."
100000003988112100,transit,0.8626847052452422,20,0.6439827339100306,"Получено 92.0 тыс., отправлено 64.0 тыс. KZT; совпадение потоков 70%, быстрое перенаправление 100%. Паттерны: циклов 1, повторных маршрутов 1."
100000003989033100,consolidator,0.5096396797153024,9,0.46088544912575163,"Получает от 1 отправителей (top 59.0%), вход 373.4 тыс. KZT; наблюдаемый остаток 100%. Паттерны: повторных маршрутов 1. Граница depth=4: исходящий поток может быть усечён."
100000003996562100,terminal,0.6124866548042703,0,0.3984401379302807,"Получено 7.7 тыс. KZT от 1 отправителей, исходящий поток 0 KZT; средства преимущественно остаются."
100000004004621100,terminal,0.8419483985765125,13,0.5670075218202691,"Получено 75.4 тыс. KZT от 3 отправителей, исходящий поток 0 KZT; средства преимущественно остаются."
100000004005964100,transit,0.8193042295682644,24,0.6765925817028117,"Получено 97.9 тыс., отправлено 72.0 тыс. KZT; совпадение потоков 74%, быстрое перенаправление 60%. Паттерны: циклов 16."
100000004006327100,consolidator,0.5046752669039146,10,0.4278358958681022,"Получает от 1 отправителей (top 59.0%), вход 300.0 тыс. KZT; наблюдаемый остаток 100%. Граница depth=4: исходящий поток может быть усечён."
100000004007116100,transit,0.9321559905100831,24,0.8115681609496957,"Seed с неполным входящим потоком; отправлено 148.0 тыс. KZT 4 получателям, быстрое перенаправление 67%. Паттерны: циклов 16, повторных маршрутов 2."
100000004007197100,terminal,0.6263656583629893,24,0.3466259343402765,"Получено 10.0 тыс. KZT от 1 отправителей, исходящий поток 0 KZT; средства преимущественно остаются."
100000004013952100,coordinator,0.4449092526690392,0,0.3761778436272297,"Betweenness top 63.3%, PageRank top 18.6%; межкластерных связей 0, близость к seed 0.29. Граница depth=4: исходящий поток может быть усечён."
100000004015047100,coordinator,0.893220640569395,6,0.8043186282018943,"Betweenness top 13.7%, PageRank top 0.9%; межкластерных связей 4, близость к seed 0.75. Паттерны: циклов 1."
100000004017410100,distributor,0.8555220513472294,34,0.650646267525605,"Отправляет 5 получателям (top 5.3%), 11 переводов на 1.33 млн KZT; выраженный fan-out. Паттерны: циклов 7."
100000004019056100,coordinator,0.4483879003558719,13,0.3950142255426597,"Betweenness top 63.3%, PageRank top 16.6%; межкластерных связей 0, близость к seed 0.29. Граница depth=4: исходящий поток может быть усечён."
100000004019124100,terminal,0.8904092526690391,5,0.623842499677731,"Получено 193.0 тыс. KZT от 3 отправителей, исходящий поток 0 KZT; средства преимущественно остаются."
100000004021459100,peripheral,0.6317148576512455,76,0.3180261249614364,"Периферийный узел: входящих/исходящих связей 0/0, оборот 0 KZT; сильной структурной роли нет."
100000004030553100,consolidator,0.4543505338078292,3,0.3825275409643737,"Получает от 1 отправителей (top 59.0%), вход 70.0 тыс. KZT; наблюдаемый остаток 100%. Граница depth=4: исходящий поток может быть усечён."
100000004035925100,consolidator,0.5261343416370107,64,0.3813003945030635,"Получает от 1 отправителей (top 59.0%), вход 1.11 млн KZT; наблюдаемый остаток 100%. Граница depth=4: исходящий поток может быть усечён."
100000004041163100,transit,0.9649421708185053,20,0.8394143700204465,"Seed с неполным входящим потоком; отправлено 866.0 тыс. KZT 2 получателям, быстрое перенаправление 100%. Паттерны: циклов 1, повторных маршрутов 1."
100000004041294100,consolidator,0.446614768683274,25,0.3197925366388445,"Получает от 1 отправителей (top 59.0%), вход 17.8 тыс. KZT; наблюдаемый остаток 100%. Граница depth=4: исходящий поток может быть усечён."
100000004047887100,consolidator,0.4452179715302491,39,0.30476304033443713,"Получает от 1 отправителей (top 59.0%), вход 30.0 тыс. KZT; наблюдаемый остаток 100%. Граница depth=4: исходящий поток может быть усечён."
100000004049912100,coordinator,0.4018042704626335,18,0.34339824955582077,"Betweenness top 63.3%, PageRank top 44.0%; межкластерных связей 0, близость к seed 0.29. Граница depth=4: исходящий поток может быть усечён."
100000004058740100,terminal,0.6905560498220641,1,0.44842138427800554,"Получено 30.0 тыс. KZT от 1 отправителей, исходящий поток 0 KZT; средства преимущественно остаются."
100000004064431100,transit,0.6297707363810567,24,0.45088856684894946,"Получено 26.0 тыс., отправлено 10.0 тыс. KZT; совпадение потоков 38%, быстрое перенаправление 0%."
100000004066370100,consolidator,0.47637010676156577,37,0.3635116711207903,"Получает от 1 отправителей (top 59.0%), вход 65.0 тыс. KZT; наблюдаемый остаток 100%. Граница depth=4: исходящий поток может быть усечён."
100000004066647100,terminal,0.7269884341637011,18,0.41826078877450434,"Получено 51.0 тыс. KZT от 1 отправителей, исходящий поток 0 KZT; средства преимущественно остаются."
100000004070318100,distributor,0.9378226539532725,0,0.8483634260831671,"Отправляет 19 получателям (top 1.3%), 37 переводов на 551.9 тыс. KZT; выраженный fan-out. Паттерны: циклов 463, повторных маршрутов 1, дроблений 6."
100000004070530100,consolidator,0.42403914590747327,39,0.2944807449607717,"Получает от 1 отправителей (top 59.0%), вход 20.0 тыс. KZT; наблюдаемый остаток 100%. Граница depth=4: исходящий поток может быть усечён."
100000004071070100,distributor,0.6879255634638198,0,0.5647696394038373,"Отправляет 1 получателям (top 23.8%), 1 переводов на 6.0 тыс. KZT; выраженный fan-out. Паттерны: циклов 1."
100000004071080100,coordinator,0.896806049822064,0,0.7590617214143032,"Betweenness top 13.0%, PageRank top 3.1%; межкластерных связей 4, близость к seed 0.68. Паттерны: циклов 1."
100000004071444100,distributor,0.6251245551601424,0,0.5385829354993916,"Отправляет 1 получателям (top 23.8%), 1 переводов на 100.0 тыс. KZT; выраженный fan-out."
100000004076740100,coordinator,0.8949733096085409,34,0.7706081839328206,"Betweenness top 2.8%, PageRank top 8.1%; межкластерных связей 2, близость к seed 0.68. Паттерны: циклов 4, повторных маршрутов 1."
100000004077081100,distributor,0.8872362099644129,2,0.6857114507264348,"Отправляет 4 получателям (top 6.5%), 6 переводов на 615.0 тыс. KZT; выраженный fan-out."
100000004094958100,transit,0.9860542704626334,48,0.6364072412579729,"Получено 39.0 тыс., отправлено 40.0 тыс. KZT; совпадение потоков 98%, быстрое перенаправление 100%."
100000004096559100,terminal,0.7154225978647687,6,0.45728219774048934,"Получено 46.2 тыс. KZT от 1 отправителей, исходящий поток 0 KZT; средства преимущественно остаются."
100000004097972100,distributor,0.6841258896797153,0,0.568737041726473,"Отправляет 2 получателям (top 13.6%), 2 переводов на 10.0 тыс. KZT; выраженный fan-out."
100000004099450100,terminal,0.6938523131672597,0,0.4211543271377553,"Получено 31.0 тыс. KZT от 1 отправителей, исходящий поток 0 KZT; средства преимущественно остаются."
100000004105288100,terminal,0.8817838078291814,2,0.6033208357388434,"Получено 215.0 тыс. KZT от 2 отправителей, исходящий поток 0 KZT; средства преимущественно остаются."
100000004107228100,consolidator,0.44409252669039145,2,0.34673059244424903,"Получает от 1 отправителей (top 59.0%), вход 5.0 тыс. KZT; наблюдаемый остаток 100%. Граница depth=4: исходящий поток может быть усечён."
100000004114962100,terminal,0.868193950177936,4,0.5401788720156344,"Получено 165.0 тыс. KZT от 2 отправителей, исходящий поток 0 KZT; средства преимущественно остаются."
100000004130144100,terminal,0.798291814946619,6,0.5144616675926914,"Получено 200.0 тыс. KZT от 1 отправителей, исходящий поток 0 KZT; средства преимущественно остаются."
100000004134060100,terminal,0.7548620996441281,17,0.42573832090211106,"Получено 88.2 тыс. KZT от 1 отправителей, исходящий поток 0 KZT; средства преимущественно остаются."
100000004135268100,transit,0.9106777571454422,52,0.7670469267592145,"Получено 1.24 млн, отправлено 1.00 млн KZT; совпадение потоков 81%, быстрое перенаправление 100%. Паттерны: циклов 3, цепочек A→B→C 1."
100000004140487100,distributor,0.9273863636363635,2,0.7301673625158226,"Отправляет 10 получателям (top 2.7%), 19 переводов на 262.6 тыс. KZT; выраженный fan-out. Паттерны: циклов 35, дроблений 2."
100000004140994100,terminal,0.6548176156583629,1,0.3704560485321344,"Получено 18.6 тыс. KZT от 1 отправителей, исходящий поток 0 KZT; средства преимущественно остаются."
100000004144536100,terminal,0.8895507117437721,24,0.5853079760847,"Получено 168.0 тыс. KZT от 4 отправителей, исходящий поток 0 KZT; средства преимущественно остаются. Паттерны: повторных маршрутов 1."
100000004150593100,distributor,0.9197983392645315,5,0.7405723063161688,"Отправляет 11 получателям (top 2.4%), 16 переводов на 871.2 тыс. KZT; выраженный fan-out. Паттерны: циклов 4, повторных маршрутов 1."
100000004156082100,distributor,0.9382141832166228,15,0.8037261557086249,"Отправляет 26 получателям (top 0.9%), 29 переводов на 2.32 млн KZT; выраженный fan-out. Паттерны: циклов 11."
100000004158362100,terminal,0.6299510676156583,0,0.39514391761856166,"Получено 12.0 тыс. KZT от 1 отправителей, исходящий поток 0 KZT; средства преимущественно остаются."
100000004159526100,coordinator,0.8786476868327402,14,0.7388209699833255,"Betweenness top 6.8%, PageRank top 6.5%; межкластерных связей 2, близость к seed 0.68. Паттерны: циклов 1."
100000004160650100,distributor,0.906061684460261,24,0.736057660827884,"Отправляет 10 получателям (top 2.7%), 40 переводов на 1.49 млн KZT; выраженный fan-out. Паттерны: циклов 16, повторных маршрутов 1, дроблений 4."
100000004167082100,coordinator,0.4227517793594306,13,0.3654946898592895,"Betweenness top 63.3%, PageRank top 31.7%; межкластерных связей 0, близость к seed 0.29. Граница depth=4: исходящий поток может быть усечён."
100000004174835100,peripheral,0.6317148576512455,77,0.3180261249614364,"Периферийный узел: входящих/исходящих связей 0/0, оборот 0 KZT; сильной структурной роли нет."
100000004177936100,consolidator,0.4601379003558719,3,0.36123000681990897,"Получает от 1 отправителей (top 59.0%), вход 10.0 тыс. KZT; наблюдаемый остаток 100%. Граница depth=4: исходящий поток может быть усечён."
100000004180097100,coordinator,0.8898843416370107,0,0.8170484746421116,"Betweenness top 3.3%, PageRank top 6.4%; межкластерных связей 1, близость к seed 0.68. Паттерны: циклов 3, повторных маршрутов 2, дроблений 1."
100000004183610100,distributor,0.657664590747331,13,0.5171354338700654,"Отправляет 1 получателям (top 23.8%), 3 переводов на 915.0 тыс. KZT; выраженный fan-out."
100000004184158100,terminal,0.8000845195729537,0,0.4725264896345417,"Получено 203.8 тыс. KZT от 1 отправителей, исходящий поток 0 KZT; средства преимущественно остаются."
100000004185681100,terminal,0.6222019572953736,2,0.41840270881135694,"Получено 10.0 тыс. KZT от 1 отправителей, исходящий поток 0 KZT; средства преимущественно остаются."
100000004186824100,consolidator,0.7549434779931147,5,0.6771318998235167,"Получает от 2 отправителей (top 14.3%), вход 451.7 тыс. KZT; наблюдаемый остаток 98%. Паттерны: повторных маршрутов 1."
100000004188160100,distributor,0.8692297915607525,5,0.7435954731989907,"Отправляет 5 получателям (top 5.3%), 6 переводов на 133.8 тыс. KZT; выраженный fan-out. Паттерны: циклов 6."
100000004192107100,terminal,0.6769661921708184,2,0.41140906857081233,"Получено 25.0 тыс. KZT от 1 отправителей, исходящий поток 0 KZT; средства преимущественно остаются."
100000004192865100,terminal,0.7409830960854092,29,0.43909641814294836,"Получено 66.7 тыс. KZT от 1 отправителей, исходящий поток 0 KZT; средства преимущественно остаются."
100000004193835100,transit,0.9446129893238434,5,0.7564163521556538,"Seed с неполным входящим потоком; отправлено 5.0 тыс. KZT 1 получателям, быстрое перенаправление 100%."
100000004200745100,consolidator,0.49972864768683267,11,0.408590604392962,"Получает от 1 отправителей (top 59.0%), вход 130.0 тыс. KZT; наблюдаемый остаток 100%. Граница depth=4: исходящий поток может быть усечён."
100000004206046100,terminal,0.6285631672597864,5,0.4445767204009574,"Получено 11.1 тыс. KZT от 1 отправителей, исходящий поток 0 KZT; средства преимущественно остаются."
100000004209339100,distributor,0.8243557236061685,33,0.6708099448176554,"Отправляет 2 получателям (top 13.6%), 11 переводов на 238.5 тыс. KZT; выраженный fan-out. Паттерны: циклов 1, повторных маршрутов 1."
100000004213658100,terminal,0.6793371886120997,1,0.4427777899719557,"Получено 25.3 тыс. KZT от 1 отправителей, исходящий поток 0 KZT; средства преимущественно остаются."
100000004217419100,coordinator,0.7968616548042705,3,0.6202385311305375,"Betweenness top 17.0%, PageRank top 12.5%; межкластерных связей 1, близость к seed 0.32."
100000004218576100,terminal,0.6811298932384341,1,0.4437200497584326,"Получено 26.1 тыс. KZT от 1 отправителей, исходящий поток 0 KZT; средства преимущественно остаются."
100000004221668100,transit,0.8027353681080377,27,0.7095731149428512,"Получено 1.13 млн, отправлено 731.4 тыс. KZT; совпадение потоков 65%, быстрое перенаправление 50%. Паттерны: циклов 3, повторных маршрутов 1."
100000004222274100,coordinator,0.449144128113879,0,0.3842991959403969,"Betweenness top 63.3%, PageRank top 16.1%; межкластерных связей 0, близость к seed 0.29. Граница depth=4: исходящий поток может быть усечён."
100000004225615100,terminal,0.756076512455516,7,0.4300314538367919,"Получено 90.0 тыс. KZT от 1 отправителей, исходящий поток 0 KZT; средства преимущественно остаются."
100000004226848100,terminal,0.8167393238434163,2,0.5546487023170448,"Получено 301.9 тыс. KZT от 1 отправителей, исходящий поток 0 KZT; средства преимущественно остаются."
100000004232712100,coordinator,0.44150622775800713,4,0.36240341654185965,"Betweenness top 63.3%, PageRank top 20.6%; межкластерных связей 0, близость к seed 0.29. Граница depth=4: исходящий поток может быть усечён."
100000004235471100,consolidator,0.5038434163701068,4,0.3901630820703774,"Получает от 1 отправителей (top 59.0%), вход 180.0 тыс. KZT; наблюдаемый остаток 100%. Граница depth=4: исходящий поток может быть усечён."
100000004241142100,coordinator,0.44211120996441283,0,0.386756758217977,"Betweenness top 63.3%, PageRank top 20.3%; межкластерных связей 0, близость к seed 0.29. Граница depth=4: исходящий поток может быть усечён."
100000004254434100,terminal,0.7121841637010676,1,0.46123430499095563,"Получено 44.4 тыс. KZT от 1 отправителей, исходящий поток 0 KZT; средства преимущественно остаются."
100000004257714100,terminal,0.728376334519573,1,0.40878439920802034,"Получено 52.2 тыс. KZT от 1 отправителей, исходящий поток 0 KZT; средства преимущественно остаются."
100000004260869100,coordinator,0.46547864768683284,5,0.39649677718477544,"Betweenness top 63.3%, PageRank top 6.5%; межкластерных связей 0, близость к seed 0.29. Граница depth=4: исходящий поток может быть усечён."
100000004261340100,consolidator,0.5275400355871886,0,0.40843937387634005,"Получает от 1 отправителей (top 59.0%), вход 48.5 тыс. KZT; наблюдаемый остаток 100%. Граница depth=4: исходящий поток может быть усечён."
100000004263867100,consolidator,0.44728202846975096,19,0.306680356825775,"Получает от 1 отправителей (top 59.0%), вход 9.0 тыс. KZT; наблюдаемый остаток 100%. Граница depth=4: исходящий поток может быть усечён."
100000004265639100,coordinator,0.4514128113879004,3,0.36508885023627907,"Betweenness top 63.3%, PageRank top 14.8%; межкластерных связей 0, близость к seed 0.29. Граница depth=4: исходящий поток может быть усечён."
100000004268036100,consolidator,0.44015569395017795,19,0.29868729632755436,"Получает от 1 отправителей (top 59.0%), вход 5.5 тыс. KZT; наблюдаемый остаток 100%. Граница depth=4: исходящий поток может быть усечён."
100000004269433100,distributor,0.8250489323843417,15,0.5941763030530824,"Отправляет 1 получателям (top 23.8%), 67 переводов на 1.37 млн KZT; выраженный fan-out. Паттерны: повторных маршрутов 1."
100000004272302100,consolidator,0.38657918149466197,46,0.2797964962024126,"Получает от 1 отправителей (top 59.0%), вход 10.0 тыс. KZT; наблюдаемый остаток 100%. Граница depth=4: исходящий поток может быть усечён."
100000004278574100,distributor,0.6130693950177936,4,0.4695384331126129,"Отправляет 1 получателям (top 23.8%), 1 переводов на 12.5 тыс. KZT; выраженный fan-out."
100000004285800100,distributor,0.6167645314353499,0,0.4437923627010592,"Отправляет 1 получателям (top 23.8%), 1 переводов на 15.0 тыс. KZT; выраженный fan-out."
100000004286573100,terminal,0.6470685053380782,11,0.428750305712443,"Получено 16.6 тыс. KZT от 1 отправителей, исходящий поток 0 KZT; средства преимущественно остаются."
100000004291560100,terminal,0.717909252669039,0,0.42229228770769167,"Получено 47.2 тыс. KZT от 1 отправителей, исходящий поток 0 KZT; средства преимущественно остаются."
100000004291663100,consolidator,0.5047775800711743,0,0.3895135731645962,"Получает от 1 отправителей (top 59.0%), вход 25.0 тыс. KZT; наблюдаемый остаток 100%. Граница depth=4: исходящий поток может быть усечён."
100000004292885100,terminal,0.7705916370106761,1,0.4340137951730014,"Получено 112.7 тыс. KZT от 1 отправителей, исходящий поток 0 KZT; средства преимущественно остаются."
100000004299488100,coordinator,0.8731806049822064,0,0.8491255764094836,"Betweenness top 14.9%, PageRank top 2.6%; межкластерных связей 1, близость к seed 0.68. Паттерны: циклов 1, повторных маршрутов 3, цепочек A→B→C 1, дроблений 3, синхронных дней 3."
100000004315838100,coordinator,0.7488278469750889,2,0.6300672479922966,"Betweenness top 13.5%, PageRank top 78.2%; межкластерных связей 1, близость к seed 0.68."
100000004318918100,terminal,0.74769128113879,9,0.4910744527782068,"Получено 75.6 тыс. KZT от 1 отправителей, исходящий поток 0 KZT; средства преимущественно остаются."
100000004321983100,distributor,0.7745217971530249,27,0.5262170864482859,"Отправляет 2 получателям (top 13.6%), 3 переводов на 36.2 тыс. KZT; выраженный fan-out. Паттерны: циклов 1."
100000004325327100,transit,0.8894253065027462,0,0.6376769839856775,"Получено 70.8 тыс., отправлено 70.0 тыс. KZT; совпадение потоков 99%, быстрое перенаправление 0%."
100000004326224100,consolidator,0.449306049822064,4,0.38293571720551256,"Получает от 1 отправителей (top 59.0%), вход 60.0 тыс. KZT; наблюдаемый остаток 100%. Граница depth=4: исходящий поток может быть усечён."
100000004330371100,distributor,0.800520462633452,5,0.8051463868711864,"Отправляет 2 получателям (top 13.6%), 6 переводов на 90.7 тыс. KZT; выраженный fan-out. Паттерны: циклов 2, повторных маршрутов 3, цепочек A→B→C 1, дроблений 2."
100000004331458100,terminal,0.8887811387900356,48,0.4805678508028153,"Получено 250.0 тыс. KZT от 2 отправителей, исходящий поток 0 KZT; средства преимущественно остаются."
100000004336228100,terminal,0.7275667259786477,3,0.4221577207270355,"Получено 51.4 тыс. KZT от 1 отправителей, исходящий поток 0 KZT; средства преимущественно остаются."
100000004336312100,transit,0.8084883383225197,34,0.6392604427548143,"Получено 90.4 тыс., отправлено 72.7 тыс. KZT; совпадение потоков 80%, быстрое перенаправление 33%. Паттерны: циклов 8, дроблений 1, синхронных дней 1."
100000004340038100,distributor,0.6200533807829182,13,0.47811977313910736,"Отправляет 1 получателям (top 23.8%), 1 переводов на 49.0 тыс. KZT; выраженный fan-out."
100000004350094100,coordinator,0.48181761565836306,18,0.3955997620113368,"Betweenness top 63.3%, PageRank top 5.5%; межкластерных связей 0, близость к seed 0.29. Граница depth=4: исходящий поток может быть усечён."
100000004351795100,distributor,0.9375446802386435,0,0.8432601757924556,"Отправляет 14 получателям (top 2.0%), 37 переводов на 1.72 млн KZT; выраженный fan-out. Паттерны: циклов 206, повторных маршрутов 1, цепочек A→B→C 1, дроблений 2."
100000004356593100,distributor,0.6149629300118624,2,0.5102557342938794,"Отправляет 1 получателям (top 23.8%), 1 переводов на 10.0 тыс. KZT; выраженный fan-out."
100000004358004100,distributor,0.9811343416370106,2,0.6982891182739273,"Отправляет 11 получателям (top 2.4%), 17 переводов на 980.9 тыс. KZT; выраженный fan-out. Паттерны: повторных маршрутов 1, дроблений 1."
100000004360785100,terminal,0.759488434163701,5,0.5097628165165253,"Получено 94.7 тыс. KZT от 1 отправителей, исходящий поток 0 KZT; средства преимущественно остаются."
100000004368189100,distributor,0.6890413701067616,12,0.5257328156270106,"Отправляет 2 получателям (top 13.6%), 2 переводов на 28.2 тыс. KZT; выраженный fan-out."
100000004377043100,coordinator,0.41768505338078293,28,0.3261803757925733,"Betweenness top 63.3%, PageRank top 34.7%; межкластерных связей 0, близость к seed 0.29. Граница depth=4: исходящий поток может быть усечён."
100000004379306100,coordinator,0.4441530249110321,3,0.3636703448982008,"Betweenness top 63.3%, PageRank top 19.1%; межкластерных связей 0, близость к seed 0.29. Граница depth=4: исходящий поток может быть усечён."
100000004386258100,transit,0.791232646198746,11,0.6301191354941522,"Получено 61.7 тыс., отправлено 40.0 тыс. KZT; совпадение потоков 65%, быстрое перенаправление 67%. Паттерны: циклов 2."
100000004386286100,coordinator,0.45632829181494666,11,0.3755788144535564,"Betweenness top 63.3%, PageRank top 11.9%; межкластерных связей 0, близость к seed 0.29. Граница depth=4: исходящий поток может быть усечён."
100000004386331100,distributor,0.7642504448398577,11,0.5667940729680174,"Отправляет 2 получателям (top 13.6%), 2 переводов на 17.5 тыс. KZT; выраженный fan-out. Паттерны: циклов 1."
100000004388209100,terminal,0.6292571174377224,1,0.4181669358794291,"Получено 11.8 тыс. KZT от 1 отправителей, исходящий поток 0 KZT; средства преимущественно остаются."
100000004388353100,terminal,0.8182873665480427,9,0.5562698995783757,"Получено 63.0 тыс. KZT от 2 отправителей, исходящий поток 0 KZT; средства преимущественно остаются."
100000004388983100,distributor,0.8459096975088969,65,0.571989085419152,"Отправляет 2 получателям (top 13.6%), 23 переводов на 450.8 тыс. KZT; выраженный fan-out. Паттерны: повторных маршрутов 1, дроблений 2."
100000004390333100,distributor,0.9247493731802005,0,0.7681860243130644,"Отправляет 9 получателям (top 2.9%), 14 переводов на 506.5 тыс. KZT; выраженный fan-out. Паттерны: циклов 170, дроблений 1."
100000004394765100,coordinator,0.8342081850533808,5,0.7673593682536627,"Betweenness top 8.4%, PageRank top 32.2%; межкластерных связей 1, близость к seed 0.75. Паттерны: повторных маршрутов 1."
100000004398811100,distributor,0.8489486951364176,2,0.6557531461347076,"Отправляет 3 получателям (top 8.9%), 4 переводов на 1.04 млн KZT; выраженный fan-out."
100000004399686100,terminal,0.8434564056939501,23,0.48636062462259333,"Получено 806.0 тыс. KZT от 1 отправителей, исходящий поток 0 KZT; средства преимущественно остаются."
100000004400305100,distributor,0.9398047369613606,0,0.7878780009329478,"Отправляет 82 получателям (top 0.1%), 101 переводов на 5.83 млн KZT; выраженный fan-out. Паттерны: циклов 545, повторных маршрутов 1, дроблений 7."
100000004400361100,terminal,0.6222019572953736,5,0.3808562675462142,"Получено 10.0 тыс. KZT от 1 отправителей, исходящий поток 0 KZT; средства преимущественно остаются."
100000004400480100,coordinator,0.4366663701067616,12,0.35983116086159683,"Betweenness top 63.3%, PageRank top 23.5%; межкластерных связей 0, близость к seed 0.29. Граница depth=4: исходящий поток может быть усечён."
100000004403548100,coordinator,0.4192731316725979,3,0.3432627826206207,"Betweenness top 63.3%, PageRank top 33.7%; межкластерных связей 0, близость к seed 0.29. Граница depth=4: исходящий поток может быть усечён."
100000004403641100,consolidator,0.5476112099644128,12,0.3796528538980496,"Получает от 1 отправителей (top 59.0%), вход 171.5 тыс. KZT; наблюдаемый остаток 100%. Граница depth=4: исходящий поток может быть усечён."
100000004403675100,coordinator,0.926970640569395,20,0.8481949268934394,"Betweenness top 0.4%, PageRank top 8.1%; межкластерных связей 4, близость к seed 0.75. Паттерны: циклов 10, повторных маршрутов 1, дроблений 1."
100000004407753100,transit,0.7355542704626336,28,0.5637080020309831,"Получено 250.0 тыс., отправлено 100.0 тыс. KZT; совпадение потоков 40%, быстрое перенаправление 100%. Паттерны: циклов 1."
100000004408683100,terminal,0.85125,5,0.5592694800667998,"Получено 112.9 тыс. KZT от 2 отправителей, исходящий поток 0 KZT; средства преимущественно остаются."
100000004410489100,terminal,0.7309208185053381,2,0.4593776790528569,"Получено 54.0 тыс. KZT от 1 отправителей, исходящий поток 0 KZT; средства преимущественно остаются."
100000004417753100,terminal,0.8755382562277579,2,0.540759572538134,"Получено 192.1 тыс. KZT от 2 отправителей, исходящий поток 0 KZT; средства преимущественно остаются."
100000004418967100,consolidator,0.4845062277580071,10,0.40715467652598436,"Получает от 1 отправителей (top 59.0%), вход 100.0 тыс. KZT; наблюдаемый остаток 100%. Граница depth=4: исходящий поток может быть усечён."
100000004420041100,distributor,0.8932962633451956,11,0.654506836467255,"Отправляет 7 получателям (top 3.7%), 11 переводов на 651.8 тыс. KZT; выраженный fan-out. Паттерны: повторных маршрутов 1."
100000004424023100,coordinator,0.6462299822064057,6,0.5523100290649445,"Betweenness top 15.1%, PageRank top 5.1%; межкластерных связей 0, близость к seed 0.36."
100000004433250100,coordinator,0.38267170818505336,0,0.34156512120730087,"Betweenness top 63.3%, PageRank top 55.2%; межкластерных связей 0, близость к seed 0.29. Граница depth=4: исходящий поток может быть усечён."
100000004435304100,terminal,0.682517793594306,1,0.3976527997506645,"Получено 26.2 тыс. KZT от 1 отправителей, исходящий поток 0 KZT; средства преимущественно остаются."
100000004441291100,terminal,0.6599644128113878,2,0.43795800095515397,"Получено 20.0 тыс. KZT от 1 отправителей, исходящий поток 0 KZT; средства преимущественно остаются."
100000004445291100,terminal,0.6563790035587188,25,0.3744520195539951,"Получено 19.5 тыс. KZT от 1 отправителей, исходящий поток 0 KZT; средства преимущественно остаются."
100000004449824100,consolidator,0.44728202846975096,19,0.306680356825775,"Получает от 1 отправителей (top 59.0%), вход 9.0 тыс. KZT; наблюдаемый остаток 100%. Граница depth=4: исходящий поток может быть усечён."
100000004450649100,coordinator,0.7978380782918149,4,0.6331093287460783,"Betweenness top 5.4%, PageRank top 64.0%; межкластерных связей 2, близость к seed 0.56."
100000004451012100,distributor,0.803705516014235,18,0.564004062122696,"Отправляет 3 получателям (top 8.9%), 3 переводов на 65.7 тыс. KZT; выраженный fan-out. Паттерны: дроблений 1."
100000004456564100,terminal,0.6222019572953736,14,0.38607602234657395,"Получено 10.0 тыс. KZT от 1 отправителей, исходящий поток 0 KZT; средства преимущественно остаются."
100000004463277100,terminal,0.7000400355871886,29,0.4271171962082994,"Получено 35.0 тыс. KZT от 1 отправителей, исходящий поток 0 KZT; средства преимущественно остаются."
100000004467157100,distributor,0.7138374851720047,34,0.4846597950074463,"Отправляет 1 получателям (top 23.8%), 1 переводов на 7.0 тыс. KZT; выраженный fan-out. Паттерны: циклов 1."
100000004472936100,coordinator,0.44392615658362994,13,0.37245376459238555,"Betweenness top 63.3%, PageRank top 19.2%; межкластерных связей 0, близость к seed 0.29. Граница depth=4: исходящий поток может быть усечён."
100000004475818100,distributor,0.8259964412811388,4,0.6240781951866371,"Отправляет 3 получателям (top 8.9%), 3 переводов на 54.0 тыс. KZT; выраженный fan-out. Паттерны: циклов 1."
100000004479404100,coordinator,0.8220240213523132,44,0.6895180146296029,"Betweenness top 7.0%, PageRank top 6.2%; межкластерных связей 1, близость к seed 0.36. Паттерны: циклов 1, повторных маршрутов 1."
100000004480280100,distributor,0.8383552046263344,2,0.7227588789712458,"Отправляет 2 получателям (top 13.6%), 7 переводов на 295.9 тыс. KZT; выраженный fan-out. Паттерны: повторных маршрутов 1."
100000004486525100,transit,0.8864736385290407,0,0.7508847497058873,"Получено 360.9 тыс., отправлено 271.0 тыс. KZT; совпадение потоков 75%, быстрое перенаправление 100%. Паттерны: повторных маршрутов 2, дроблений 3, синхронных дней 4."
100000004488265100,terminal,0.7047820284697509,3,0.4101853319200859,"Получено 38.7 тыс. KZT от 1 отправителей, исходящий поток 0 KZT; средства преимущественно остаются."
100000004491749100,terminal,0.7236343416370107,6,0.4385973561237755,"Получено 50.0 тыс. KZT от 1 отправителей, исходящий поток 0 KZT; средства преимущественно остаются."
100000004491881100,terminal,0.6483985765124555,1,0.42818926684028313,"Получено 17.1 тыс. KZT от 1 отправителей, исходящий поток 0 KZT; средства преимущественно остаются."
100000004493586100,terminal,0.612024021352313,0,0.38315971088401735,"Получено 7.5 тыс. KZT от 1 отправителей, исходящий поток 0 KZT; средства преимущественно остаются."
100000004494983100,terminal,0.7000400355871886,1,0.45342601061252513,"Получено 35.0 тыс. KZT от 1 отправителей, исходящий поток 0 KZT; средства преимущественно остаются."
100000004497606100,terminal,0.6430782918149466,1,0.4255163131036283,"Получено 15.5 тыс. KZT от 1 отправителей, исходящий поток 0 KZT; средства преимущественно остаются."
100000004500444100,transit,0.7319646105179912,14,0.6048642844732396,"Получено 180.0 тыс., отправлено 74.0 тыс. KZT; совпадение потоков 41%, быстрое перенаправление 80%. Паттерны: повторных маршрутов 1."
100000004500781100,coordinator,0.4607900355871886,14,0.38655787684422915,"Betweenness top 63.3%, PageRank top 9.3%; межкластерных связей 0, близость к seed 0.29. Граница depth=4: исходящий поток может быть усечён."
100000004502048100,coordinator,0.40929092526690397,18,0.3497159541821553,"Betweenness top 63.3%, PageRank top 39.6%; межкластерных связей 0, близость к seed 0.29. Граница depth=4: исходящий поток может быть усечён."
100000004508696100,distributor,0.8148576512455517,38,0.5619526908141168,"Отправляет 3 получателям (top 8.9%), 4 переводов на 111.0 тыс. KZT; выраженный fan-out. Паттерны: циклов 1."
100000004509286100,terminal,0.7072108540925267,2,0.48952292045444756,"Получено 40.0 тыс. KZT от 1 отправителей, исходящий поток 0 KZT; средства преимущественно остаются."
100000004526651100,consolidator,0.49216637010676156,7,0.35788329961252563,"Получает от 1 отправителей (top 59.0%), вход 33.0 тыс. KZT; наблюдаемый остаток 100%. Граница depth=4: исходящий поток может быть усечён."
100000004527381100,transit,0.8242749025262357,15,0.6598351027453625,"Получено 119.3 тыс., отправлено 273.9 тыс. KZT; совпадение потоков 44%, быстрое перенаправление 100%. Паттерны: циклов 3."
100000004539443100,terminal,0.8177090747330961,2,0.4883543244426575,"Получено 62.0 тыс. KZT от 2 отправителей, исходящий поток 0 KZT; средства преимущественно остаются."
100000004544958100,distributor,0.7832792111506526,9,0.6286244954421033,"Отправляет 2 получателям (top 13.6%), 2 переводов на 23.2 тыс. KZT; выраженный fan-out. Паттерны: циклов 1."
100000004549591100,consolidator,0.4578158362989324,38,0.3443206901795425,"Получает от 1 отправителей (top 59.0%), вход 49.0 тыс. KZT; наблюдаемый остаток 100%. Граница depth=4: исходящий поток может быть усечён."
100000004552204100,distributor,0.7653580960854093,32,0.5446969909933234,"Отправляет 2 получателям (top 13.6%), 2 переводов на 10.0 тыс. KZT; выраженный fan-out. Паттерны: циклов 1."
100000004553349100,terminal,0.612717971530249,4,0.37938910942142307,"Получено 7.8 тыс. KZT от 1 отправителей, исходящий поток 0 KZT; средства преимущественно остаются."
100000004559194100,terminal,0.8135008896797152,5,0.581488676037606,"Получено 282.1 тыс. KZT от 1 отправителей, исходящий поток 0 KZT; средства преимущественно остаются. Паттерны: повторных маршрутов 1."
100000004564736100,terminal,0.6401290035587188,22,0.37879996155860973,"Получено 15.0 тыс. KZT от 1 отправителей, исходящий поток 0 KZT; средства преимущественно остаются."
100000004569484100,distributor,0.8252935943060498,8,0.6449412879775583,"Отправляет 4 получателям (top 6.5%), 4 переводов на 156.0 тыс. KZT; выраженный fan-out. Паттерны: циклов 4."
100000004569637100,coordinator,0.45163967971530256,3,0.36269267585905485,"Betweenness top 63.3%, PageRank top 14.7%; межкластерных связей 0, близость к seed 0.29. Граница depth=4: исходящий поток может быть усечён."
100000004571634100,coordinator,0.42040747330960854,9,0.36344588554972007,"Betweenness top 63.3%, PageRank top 33.1%; межкластерных связей 0, близость к seed 0.29. Граница depth=4: исходящий поток может быть усечён."
100000004573782100,terminal,0.6401290035587188,6,0.40360482646060936,"Получено 15.0 тыс. KZT от 1 отправителей, исходящий поток 0 KZT; средства преимущественно остаются."
100000004580202100,distributor,0.8094246737841044,22,0.5366018021495113,"Отправляет 3 получателям (top 8.9%), 4 переводов на 45.0 тыс. KZT; выраженный fan-out."
100000004580254100,terminal,0.765547153024911,16,0.4577945801282733,"Получено 27.9 тыс. KZT от 2 отправителей, исходящий поток 0 KZT; средства преимущественно остаются."
100000004584730100,consolidator,0.5041548042704626,44,0.3456435084824764,"Получает от 1 отправителей (top 59.0%), вход 47.0 тыс. KZT; наблюдаемый остаток 100%. Граница depth=4: исходящий поток может быть усечён."
100000004586598100,consolidator,0.5230916370106762,67,0.4181200078319296,"Получает от 1 отправителей (top 59.0%), вход 761.3 тыс. KZT; наблюдаемый остаток 100%. Паттерны: повторных маршрутов 1. Граница depth=4: исходящий поток может быть усечён."
100000004587414100,terminal,0.9161343416370106,4,0.5322919800762003,"Получено 533.6 тыс. KZT от 2 отправителей, исходящий поток 0 KZT; средства преимущественно остаются."
100000004588479100,terminal,0.7910631672597864,5,0.5293664159495429,"Получено 177.6 тыс. KZT от 1 отправителей, исходящий поток 0 KZT; средства преимущественно остаются."
100000004591973100,distributor,0.6251245551601424,11,0.4963713618417326,"Отправляет 1 получателям (top 23.8%), 1 переводов на 100.0 тыс. KZT; выраженный fan-out."
100000004592467100,terminal,0.6108096085409253,2,0.38275764508326793,"Получено 7.0 тыс. KZT от 1 отправителей, исходящий поток 0 KZT; средства преимущественно остаются."
100000004596284100,coordinator,0.45587455516014236,5,0.40148761348370776,"Betweenness top 63.3%, PageRank top 12.2%; межкластерных связей 0, близость к seed 0.29. Граница depth=4: исходящий поток может быть усечён."
100000004601193100,consolidator,0.46079626334519574,9,0.4390241429797479,"Получает от 1 отправителей (top 59.0%), вход 84.0 тыс. KZT; наблюдаемый остаток 100%. Паттерны: повторных маршрутов 1. Граница depth=4: исходящий поток может быть усечён."
100000004603109100,distributor,0.7369710854092527,23,0.6857461424733595,"Отправляет 2 получателям (top 13.6%), 2 переводов на 400.0 тыс. KZT; выраженный fan-out. Паттерны: циклов 6, повторных маршрутов 1."
100000004610802100,consolidator,0.5144928825622775,60,0.40460079090862006,"Получает от 1 отправителей (top 59.0%), вход 241.0 тыс. KZT; наблюдаемый остаток 100%. Паттерны: повторных маршрутов 1. Граница depth=4: исходящий поток может быть усечён."
100000004611571100,terminal,0.6680026690391458,0,0.4008951201366864,"Получено 22.6 тыс. KZT от 1 отправителей, исходящий поток 0 KZT; средства преимущественно остаются."
100000004613582100,distributor,0.6925978647686832,6,0.5347627880920313,"Отправляет 1 получателям (top 23.8%), 1 переводов на 9.5 тыс. KZT; выраженный fan-out."
100000004616845100,consolidator,0.41512455516014235,57,0.2883355668292946,"Получает от 1 отправителей (top 59.0%), вход 20.2 тыс. KZT; наблюдаемый остаток 100%. Граница depth=4: исходящий поток может быть усечён."
100000004622227100,distributor,0.846127669039146,0,0.6415674353445276,"Отправляет 3 получателям (top 8.9%), 3 переводов на 19.0 тыс. KZT; выраженный fan-out."
100000004629688100,distributor,0.718803380782918,15,0.5020109689106943,"Отправляет 1 получателям (top 23.8%), 2 переводов на 15.0 тыс. KZT; выраженный fan-out. Паттерны: циклов 1."
100000004634420100,terminal,0.6815925266903914,1,0.3833211923693264,"Получено 26.1 тыс. KZT от 1 отправителей, исходящий поток 0 KZT; средства преимущественно остаются."
100000004635886100,terminal,0.6687544483985765,5,0.4095561355447659,"Получено 23.0 тыс. KZT от 1 отправителей, исходящий поток 0 KZT; средства преимущественно остаются."
100000004644615100,distributor,0.7337032918149466,9,0.591956719999991,"Отправляет 2 получателям (top 13.6%), 14 переводов на 379.7 тыс. KZT; выраженный fan-out. Паттерны: повторных маршрутов 1."
100000004652395100,consolidator,0.7240701910470124,0,0.5060491265703027,"Получает от 3 отправителей (top 6.4%), вход 101.5 тыс. KZT; наблюдаемый остаток 100%. Паттерны: дроблений 1, синхронных дней 1. Граница depth=4: исходящий поток может быть усечён."
100000004655046100,coordinator,0.45254715302491105,8,0.36844358313683045,"Betweenness top 63.3%, PageRank top 14.1%; межкластерных связей 0, близость к seed 0.29. Граница depth=4: исходящий поток может быть усечён."
100000004657034100,terminal,0.7807117437722418,4,0.4366050401008271,"Получено 141.2 тыс. KZT от 1 отправителей, исходящий поток 0 KZT; средства преимущественно остаются."
100000004659919100,coordinator,0.6408696619217082,50,0.4942681024664719,"Betweenness top 13.3%, PageRank top 8.3%; межкластерных связей 0, близость к seed 0.32."
100000004662806100,transit,0.7846328722068181,11,0.6595661708820572,"Получено 106.6 тыс., отправлено 59.9 тыс. KZT; совпадение потоков 56%, быстрое перенаправление 33%."
100000004664515100,terminal,0.7039724199288256,0,0.4833978525892347,"Получено 37.7 тыс. KZT от 1 отправителей, исходящий поток 0 KZT; средства преимущественно остаются."
100000004664905100,terminal,0.8989012455516013,5,0.6171778603973384,"Получено 329.0 тыс. KZT от 2 отправителей, исходящий поток 0 KZT; средства преимущественно остаются. Паттерны: повторных маршрутов 1."
100000004666651100,terminal,0.827726868327402,66,0.4360188622468872,"Получено 429.2 тыс. KZT от 1 отправителей, исходящий поток 0 KZT; средства преимущественно остаются."
100000004670388100,distributor,0.7199799822064058,49,0.571410515624651,"Отправляет 2 получателям (top 13.6%), 4 переводов на 720.0 тыс. KZT; выраженный fan-out. Паттерны: циклов 1."
100000004671609100,terminal,0.7636521352313167,12,0.4193472679327357,"Получено 100.0 тыс. KZT от 1 отправителей, исходящий поток 0 KZT; средства преимущественно остаются."
100000004673335100,consolidator,0.5578336298932384,30,0.4038554366644225,"Получает от 1 отправителей (top 59.0%), вход 80.0 тыс. KZT; наблюдаемый остаток 100%. Граница depth=4: исходящий поток может быть усечён."
100000004674178100,consolidator,0.45225978647686826,25,0.3234680704466737,"Получает от 1 отправителей (top 59.0%), вход 20.0 тыс. KZT; наблюдаемый остаток 100%. Граница depth=4: исходящий поток может быть усечён."
100000004674389100,coordinator,0.4137526690391459,9,0.35656581437534285,"Betweenness top 63.3%, PageRank top 37.0%; межкластерных связей 0, близость к seed 0.29. Граница depth=4: исходящий поток может быть усечён."
100000004674412100,consolidator,0.4509564056939501,9,0.3848640835876156,"Получает от 1 отправителей (top 59.0%), вход 46.0 тыс. KZT; наблюдаемый остаток 100%. Граница depth=4: исходящий поток может быть усечён."
100000004674799100,terminal,0.7795551601423486,0,0.49686625666741324,"Получено 140.0 тыс. KZT от 1 отправителей, исходящий поток 0 KZT; средства преимущественно остаются."
100000004676985100,transit,0.705634106117334,0,0.5079581661664834,"Получено 32.3 тыс., отправлено 27.1 тыс. KZT; совпадение потоков 84%, быстрое перенаправление 0%."
100000004677680100,transit,0.7549644128113879,9,0.6906436016452775,"Получено 63.0 тыс., отправлено 168.0 тыс. KZT; совпадение потоков 38%, быстрое перенаправление 67%. Паттерны: циклов 1."
100000004679953100,coordinator,0.8766992882562278,3,0.7387837687854967,"Betweenness top 2.9%, PageRank top 41.1%; межкластерных связей 5, близость к seed 0.68. Паттерны: циклов 6."
100000004687099100,terminal,0.6905560498220641,6,0.4285869438983318,"Получено 30.0 тыс. KZT от 1 отправителей, исходящий поток 0 KZT; средства преимущественно остаются."
100000004687282100,terminal,0.6599644128113878,5,0.41930208605155234,"Получено 20.0 тыс. KZT от 1 отправителей, исходящий поток 0 KZT; средства преимущественно остаются."
100000004689658100,coordinator,0.626797153024911,3,0.5294718090421242,"Betweenness top 19.0%, PageRank top 31.5%; межкластерных связей 0, близость к seed 0.32."
100000004691350100,coordinator,0.46668861209964413,49,0.3483427198542056,"Betweenness top 63.3%, PageRank top 5.8%; межкластерных связей 0, близость к seed 0.29. Граница depth=4: исходящий поток может быть усечён."
100000004692798100,consolidator,0.7056336740270489,11,0.6597956351222667,"Получает от 2 отправителей (top 14.3%), вход 240.3 тыс. KZT; наблюдаемый остаток 94%. Паттерны: циклов 1."
100000004697956100,transit,0.7743861209964413,6,0.5311815927813326,"Получено 10.0 тыс., отправлено 10.0 тыс. KZT; совпадение потоков 100%, быстрое перенаправление 0%. Паттерны: циклов 1."
100000004698193100,distributor,0.7854273428232504,6,0.6884297964444818,"Отправляет 3 получателям (top 8.9%), 5 переводов на 38.0 тыс. KZT; выраженный fan-out. Паттерны: циклов 1, повторных маршрутов 1."
100000004707703100,transit,0.9487180693095074,5,0.7639254480410334,"Получено 239.3 тыс., отправлено 231.7 тыс. KZT; совпадение потоков 97%, быстрое перенаправление 67%."
100000004713684100,terminal,0.7036832740213522,0,0.41582488178371024,"Получено 37.5 тыс. KZT от 1 отправителей, исходящий поток 0 KZT; средства преимущественно остаются."
100000004714705100,distributor,0.7562322064056939,20,0.5203056325108594,"Отправляет 1 получателям (top 23.8%), 1 переводов на 36.5 тыс. KZT; выраженный fan-out."
100000004715209100,distributor,0.8726801601423488,51,0.5956989321562124,"Отправляет 5 получателям (top 5.3%), 17 переводов на 350.4 тыс. KZT; выраженный fan-out. Паттерны: циклов 1, повторных маршрутов 1."
100000004717647100,distributor,0.88130115658363,44,0.700075507410886,"Отправляет 5 получателям (top 5.3%), 10 переводов на 2.24 млн KZT; выраженный fan-out. Паттерны: циклов 1, повторных маршрутов 1."
100000004722630100,consolidator,0.5073976868327402,49,0.3770069864695754,"Получает от 1 отправителей (top 59.0%), вход 340.0 тыс. KZT; наблюдаемый остаток 100%. Граница depth=4: исходящий поток может быть усечён."
100000004722765100,distributor,0.837290925266904,46,0.6435478389710196,"Отправляет 3 получателям (top 8.9%), 9 переводов на 2.28 млн KZT; выраженный fan-out. Паттерны: повторных маршрутов 1."
100000004723755100,distributor,0.7942215302491102,2,0.5960827430379031,"Отправляет 1 получателям (top 23.8%), 5 переводов на 95.0 тыс. KZT; выраженный fan-out. Паттерны: повторных маршрутов 1, цепочек A→B→C 1."
100000004726132100,distributor,0.6305071174377225,0,0.5424606278799445,"Отправляет 1 получателям (top 23.8%), 2 переводов на 24.0 тыс. KZT; выраженный fan-out."
100000004732589100,terminal,0.8033229537366547,9,0.4796810795669337,"Получено 227.5 тыс. KZT от 1 отправителей, исходящий поток 0 KZT; средства преимущественно остаются."
100000004737477100,transit,0.8391034562006647,0,0.6288228577049323,"Получено 49.6 тыс., отправлено 40.5 тыс. KZT; совпадение потоков 82%, быстрое перенаправление 50%."
100000004737764100,terminal,0.8386565836298933,2,0.5029655915766033,"Получено 600.0 тыс. KZT от 1 отправителей, исходящий поток 0 KZT; средства преимущественно остаются."
100000004739664100,transit,0.7027194543297746,1,0.5197267412054439,"Получено 12.0 тыс., отправлено 10.0 тыс. KZT; совпадение потоков 83%, быстрое перенаправление 0%."
100000004741837100,terminal,0.679799822064057,5,0.4654185353475766,"Получено 25.6 тыс. KZT от 1 отправителей, исходящий поток 0 KZT; средства преимущественно остаются."
100000004744306100,distributor,0.8101479092526691,20,0.649686018912778,"Отправляет 2 получателям (top 13.6%), 3 переводов на 92.0 тыс. KZT; выраженный fan-out."
100000004746397100,coordinator,0.7435542704626334,4,0.5955484730504914,"Betweenness top 2.2%, PageRank top 74.9%; межкластерных связей 1, близость к seed 0.32. Паттерны: циклов 4."
100000004747154100,consolidator,0.5080871886120997,51,0.34513183769198,"Получает от 1 отправителей (top 59.0%), вход 67.0 тыс. KZT; наблюдаемый остаток 100%. Граница depth=4: исходящий поток может быть усечён."
100000004750321100,terminal,0.806258896797153,8,0.47091023348767386,"Получено 50.2 тыс. KZT от 2 отправителей, исходящий поток 0 KZT; средства преимущественно остаются."
100000004750897100,terminal,0.6222019572953736,15,0.4054560915496152,"Получено 10.0 тыс. KZT от 1 отправителей, исходящий поток 0 KZT; средства преимущественно остаются."
100000004756901100,terminal,0.7849332740213523,5,0.46837506405219925,"Получено 153.2 тыс. KZT от 1 отправителей, исходящий поток 0 KZT; средства преимущественно остаются."
100000004759121100,coordinator,0.8936254448398575,0,0.8261628650674919,"Betweenness top 7.9%, PageRank top 2.8%; межкластерных связей 1, близость к seed 0.68. Паттерны: циклов 1, повторных маршрутов 1."
100000004765639100,transit,0.8299179068262699,0,0.5519301531619881,"Получено 5.0 тыс., отправлено 11.0 тыс. KZT; совпадение потоков 45%, быстрое перенаправление 100%. Паттерны: циклов 2."
100000004770073100,transit,0.99330349169487,0,0.5599137239032544,"Получено 5.5 тыс., отправлено 5.5 тыс. KZT; совпадение потоков 100%, быстрое перенаправление 100%."
100000004777215100,consolidator,0.47763345195729534,21,0.3628648302632733,"Получает от 1 отправителей (top 59.0%), вход 60.0 тыс. KZT; наблюдаемый остаток 100%. Граница depth=4: исходящий поток может быть усечён."
100000004779204100,transit,0.8459844839273296,0,0.5520392033345628,"Получено 30.4 тыс., отправлено 20.0 тыс. KZT; совпадение потоков 66%, быстрое перенаправление 100%."
100000004780083100,consolidator,0.38369661921708187,60,0.27751843902827,"Получает от 1 отправителей (top 59.0%), вход 10.0 тыс. KZT; наблюдаемый остаток 100%. Граница depth=4: исходящий поток может быть усечён."
100000004780327100,consolidator,0.4568905693950177,19,0.3138184351175899,"Получает от 1 отправителей (top 59.0%), вход 12.0 тыс. KZT; наблюдаемый остаток 100%. Граница depth=4: исходящий поток может быть усечён."
100000004783447100,terminal,0.682517793594306,1,0.4442282348118134,"Получено 26.2 тыс. KZT от 1 отправителей, исходящий поток 0 KZT; средства преимущественно остаются."
100000004784224100,distributor,0.6509230427046264,23,0.5385111449120727,"Отправляет 1 получателям (top 23.8%), 1 переводов на 100.0 тыс. KZT; выраженный fan-out."
100000004788983100,consolidator,0.4363122775800712,0,0.3766859041254504,"Получает от 1 отправителей (top 59.0%), вход 27.0 тыс. KZT; наблюдаемый остаток 100%. Граница depth=4: исходящий поток может быть усечён."
100000004790991100,terminal,0.8065613879003558,5,0.5763306161425582,"Получено 239.4 тыс. KZT от 1 отправителей, исходящий поток 0 KZT; средства преимущественно остаются. Паттерны: цепочек A→B→C 1."
100000004791226100,coordinator,0.4485391459074733,0,0.38660239878737207,"Betweenness top 63.3%, PageRank top 16.5%; межкластерных связей 0, близость к seed 0.29. Граница depth=4: исходящий поток может быть усечён."
100000004792397100,terminal,0.7461877224199288,1,0.48061500346492875,"Получено 73.5 тыс. KZT от 1 отправителей, исходящий поток 0 KZT; средства преимущественно остаются."
100000004797167100,coordinator,0.4509590747330961,3,0.37585094988040707,"Betweenness top 63.3%, PageRank top 15.1%; межкластерных связей 0, близость к seed 0.29. Граница depth=4: исходящий поток может быть усечён."
100000004798515100,consolidator,0.5670640569395017,11,0.4165864685845557,"Получает от 1 отправителей (top 59.0%), вход 200.0 тыс. KZT; наблюдаемый остаток 100%. Граница depth=4: исходящий поток может быть усечён."
100000004800452100,coordinator,0.4571601423487545,4,0.3679036834457742,"Betweenness top 63.3%, PageRank top 11.4%; межкластерных связей 0, близость к seed 0.29. Граница depth=4: исходящий поток может быть усечён."
100000004800648100,consolidator,0.5519306049822064,11,0.40578363964351505,"Получает от 1 отправителей (top 59.0%), вход 131.0 тыс. KZT; наблюдаемый остаток 100%. Граница depth=4: исходящий поток может быть усечён."
100000004806903100,terminal,0.6531405693950177,2,0.4335574671473248,"Получено 18.0 тыс. KZT от 1 отправителей, исходящий поток 0 KZT; средства преимущественно остаются."
100000004813068100,distributor,0.9144128113879004,23,0.5779515848483597,"Отправляет 3 получателям (top 8.9%), 5 переводов на 297.0 тыс. KZT; выраженный fan-out."
100000004816564100,coordinator,0.6220596085409252,15,0.562021127708294,"Betweenness top 19.0%, PageRank top 32.7%; межкластерных связей 0, близость к seed 0.36."
100000004820260100,transit,0.9589449621791151,15,0.7549660864659566,"Получено 234.2 тыс., отправлено 215.3 тыс. KZT; совпадение потоков 92%, быстрое перенаправление 100%. Паттерны: циклов 2, повторных маршрутов 2, дроблений 1."
100000004825069100,terminal,0.6905560498220641,1,0.44006080686810223,"Получено 30.0 тыс. KZT от 1 отправителей, исходящий поток 0 KZT; средства преимущественно остаются. Паттерны: повторных маршрутов 1."
100000004840086100,consolidator,0.4685631672597864,0,0.40815858134003147,"Получает от 1 отправителей (top 59.0%), вход 100.0 тыс. KZT; наблюдаемый остаток 100%. Граница depth=4: исходящий поток может быть усечён."
100000004841728100,terminal,0.7282606761565836,1,0.46918957445835424,"Получено 52.2 тыс. KZT от 1 отправителей, исходящий поток 0 KZT; средства преимущественно остаются."
100000004847758100,distributor,0.9279026386027347,2,0.7917383999441542,"Отправляет 15 получателям (top 1.8%), 23 переводов на 488.8 тыс. KZT; выраженный fan-out. Паттерны: циклов 71, дроблений 2."
100000004848236100,consolidator,0.3861877224199288,0,0.34301295038879553,"Получает от 1 отправителей (top 59.0%), вход 7.5 тыс. KZT; наблюдаемый остаток 100%. Граница depth=4: исходящий поток может быть усечён."
100000004850609100,consolidator,0.45611654804270463,0,0.3699602813496496,"Получает от 1 отправителей (top 59.0%), вход 10.0 тыс. KZT; наблюдаемый остаток 100%. Граница depth=4: исходящий поток может быть усечён."
100000004856746100,consolidator,0.45685053380782914,34,0.3246059668918655,"Получает от 1 отправителей (top 59.0%), вход 20.0 тыс. KZT; наблюдаемый остаток 100%. Граница depth=4: исходящий поток может быть усечён."
100000004877085100,distributor,0.8238122775800713,13,0.625256444840462,"Отправляет 3 получателям (top 8.9%), 9 переводов на 95.6 тыс. KZT; выраженный fan-out. Паттерны: повторных маршрутов 1, дроблений 1."
100000004889043100,terminal,0.8919617437722419,0,0.5287223280984741,"Получено 272.0 тыс. KZT от 2 отправителей, исходящий поток 0 KZT; средства преимущественно остаются."
100000004890713100,consolidator,0.5074154804270462,8,0.3607250145593562,"Получает от 1 отправителей (top 59.0%), вход 40.5 тыс. KZT; наблюдаемый остаток 100%. Граница depth=4: исходящий поток может быть усечён."
100000004891562100,consolidator,0.5515346975088967,19,0.37983788904660787,"Получает от 1 отправителей (top 59.0%), вход 103.4 тыс. KZT; наблюдаемый остаток 100%. Граница depth=4: исходящий поток может быть усечён."
100000004892144100,distributor,0.6785142348754448,23,0.61123931386999,"Отправляет 1 получателям (top 23.8%), 1 переводов на 180.3 тыс. KZT; выраженный fan-out. Паттерны: циклов 4, повторных маршрутов 1."
100000004904960100,terminal,0.7760720640569395,0,0.46861846469070667,"Получено 32.0 тыс. KZT от 2 отправителей, исходящий поток 0 KZT; средства преимущественно остаются."
100000004905207100,terminal,0.8236788256227757,14,0.46317548853874474,"Получено 380.0 тыс. KZT от 1 отправителей, исходящий поток 0 KZT; средства преимущественно остаются."
100000004906181100,distributor,0.8901290035587189,36,0.6443192179611472,"Отправляет 7 получателям (top 3.7%), 33 переводов на 2.47 млн KZT; выраженный fan-out. Паттерны: повторных маршрутов 3, дроблений 6."
100000004908173100,consolidator,0.4161254448398577,10,0.36380993525446376,"Получает от 1 отправителей (top 59.0%), вход 21.0 тыс. KZT; наблюдаемый остаток 100%. Граница depth=4: исходящий поток может быть усечён."
100000004911971100,consolidator,0.4548087188612099,36,0.310810619161064,"Получает от 1 отправителей (top 59.0%), вход 35.0 тыс. KZT; наблюдаемый остаток 100%. Граница depth=4: исходящий поток может быть усечён."
100000004917367100,terminal,0.8537944839857651,4,0.49320661818290773,"Получено 120.0 тыс. KZT от 2 отправителей, исходящий поток 0 KZT; средства преимущественно остаются."
100000004921657100,transit,0.8057669788898529,2,0.5061755713624227,"Получено 8.3 тыс., отправлено 22.2 тыс. KZT; совпадение потоков 37%, быстрое перенаправление 100%."
100000004931931100,transit,0.6339727876631079,0,0.501336916620591,"Получено 23.9 тыс., отправлено 45.0 тыс. KZT; совпадение потоков 53%, быстрое перенаправление 0%."
100000004948177100,terminal,0.9230249110320284,5,0.6347364767191913,"Получено 437.2 тыс. KZT от 3 отправителей, исходящий поток 0 KZT; средства преимущественно остаются. Паттерны: повторных маршрутов 1, цепочек A→B→C 1."
100000004950490100,terminal,0.6222019572953736,6,0.4046747552862322,"Получено 10.0 тыс. KZT от 1 отправителей, исходящий поток 0 KZT; средства преимущественно остаются."
100000004959752100,terminal,0.6674822064056939,2,0.44057415009249573,"Получено 22.2 тыс. KZT от 1 отправителей, исходящий поток 0 KZT; средства преимущественно остаются."
100000004962193100,terminal,0.9498576512455515,0,0.602178921351633,"Получено 900.5 тыс. KZT от 8 отправителей, исходящий поток 0 KZT; средства преимущественно остаются. Паттерны: дроблений 1, синхронных дней 1."
100000004970752100,terminal,0.6222019572953736,0,0.41812109878437326,"Получено 10.0 тыс. KZT от 1 отправителей, исходящий поток 0 KZT; средства преимущественно остаются."
100000004971871100,transit,0.8234074733096085,59,0.5989783443342604,"Seed с неполным входящим потоком; отправлено 5.7 тыс. KZT 1 получателям, быстрое перенаправление 0%. Паттерны: циклов 1."
100000004975919100,distributor,0.6859274911032028,3,0.4957996703941668,"Отправляет 2 получателям (top 13.6%), 2 переводов на 15.0 тыс. KZT; выраженный fan-out."
100000004976946100,consolidator,0.5262900355871886,40,0.36975715826205147,"Получает от 1 отправителей (top 59.0%), вход 246.0 тыс. KZT; наблюдаемый остаток 100%. Граница depth=4: исходящий поток может быть усечён."
100000004979264100,consolidator,0.42876779359430606,10,0.38403936802353167,"Получает от 1 отправителей (top 59.0%), вход 39.8 тыс. KZT; наблюдаемый остаток 100%. Граница depth=4: исходящий поток может быть усечён."
100000004979283100,terminal,0.7082517793594306,8,0.39473928508233175,"Получено 40.1 тыс. KZT от 1 отправителей, исходящий поток 0 KZT; средства преимущественно остаются."
100000004979498100,distributor,0.7242623072360617,52,0.6681906856895345,"Отправляет 1 получателям (top 23.8%), 1 переводов на 200.0 тыс. KZT; выраженный fan-out. Паттерны: циклов 1, цепочек A→B→C 1."
100000004981068100,consolidator,0.4301023131672598,3,0.3519225335103004,"Получает от 1 отправителей (top 59.0%), вход 10.0 тыс. KZT; наблюдаемый остаток 100%. Граница depth=4: исходящий поток может быть усечён."
100000004984689100,terminal,0.7296485765124555,3,0.4232448267985076,"Получено 53.0 тыс. KZT от 1 отправителей, исходящий поток 0 KZT; средства преимущественно остаются."
100000004988240100,coordinator,0.4418843416370107,0,0.3827739290364824,"Betweenness top 63.3%, PageRank top 20.4%; межкластерных связей 0, близость к seed 0.29. Граница depth=4: исходящий поток может быть усечён."
100000004991593100,consolidator,0.529661921708185,3,0.39310639544162673,"Получает от 1 отправителей (top 59.0%), вход 45.0 тыс. KZT; наблюдаемый остаток 100%. Граница depth=4: исходящий поток может быть усечён."
100000004991812100,terminal,0.6222019572953736,22,0.3691681110248019,"Получено 10.0 тыс. KZT от 1 отправителей, исходящий поток 0 KZT; средства преимущественно остаются."
100000004993576100,terminal,0.78875,15,0.47395977418192725,"Получено 167.0 тыс. KZT от 1 отправителей, исходящий поток 0 KZT; средства преимущественно остаются."
100000004997515100,coordinator,0.7823576512455516,7,0.6169812531411831,"Betweenness top 7.3%, PageRank top 36.2%; межкластерных связей 2, близость к seed 0.32."
100000005008589100,terminal,0.7109119217081851,0,0.43831650086547963,"Получено 42.8 тыс. KZT от 1 отправителей, исходящий поток 0 KZT; средства преимущественно остаются."
100000005010159100,coordinator,0.4576138790035588,3,0.36701927728254236,"Betweenness top 63.3%, PageRank top 11.2%; межкластерных связей 0, близость к seed 0.29. Граница depth=4: исходящий поток может быть усечён."
100000005017150100,peripheral,0.6317148576512455,78,0.3180261249614364,"Периферийный узел: входящих/исходящих связей 0/0, оборот 0 KZT; сильной структурной роли нет."
100000005022552100,distributor,0.70105871886121,5,0.518999542358427,"Отправляет 1 получателям (top 23.8%), 1 переводов на 5.0 тыс. KZT; выраженный fan-out."
100000005022964100,terminal,0.6599644128113878,2,0.41930462017223585,"Получено 20.0 тыс. KZT от 1 отправителей, исходящий поток 0 KZT; средства преимущественно остаются."
100000005025629100,consolidator,0.44666814946619215,4,0.3512711745489771,"Получает от 1 отправителей (top 59.0%), вход 5.2 тыс. KZT; наблюдаемый остаток 100%. Граница depth=4: исходящий поток может быть усечён."
100000005030592100,terminal,0.6222019572953736,15,0.38105399935177525,"Получено 10.0 тыс. KZT от 1 отправителей, исходящий поток 0 KZT; средства преимущественно остаются."
100000005031696100,coordinator,0.7645596085409253,50,0.5283275875296116,"Betweenness top 7.1%, PageRank top 16.8%; межкластерных связей 1, близость к seed 0.36."
100000005032294100,terminal,0.6222019572953736,14,0.38607602234657395,"Получено 10.0 тыс. KZT от 1 отправителей, исходящий поток 0 KZT; средства преимущественно остаются."
100000005034574100,terminal,0.8096841637010675,65,0.5295888609663754,"Получено 258.8 тыс. KZT от 1 отправителей, исходящий поток 0 KZT; средства преимущественно остаются. Паттерны: повторных маршрутов 1."
100000005037490100,transit,0.8435542704626335,13,0.6079073758129251,"Получено 15.0 тыс., отправлено 30.0 тыс. KZT; совпадение потоков 50%, быстрое перенаправление 100%. Паттерны: циклов 1."
100000005041147100,coordinator,0.44528736654804274,0,0.37892206070908024,"Betweenness top 63.3%, PageRank top 18.4%; межкластерных связей 0, близость к seed 0.29. Граница depth=4: исходящий поток может быть усечён."
100000005041905100,distributor,0.7501779359430605,1,0.5144246013360237,"Отправляет 1 получателям (top 23.8%), 5 переводов на 1.08 млн KZT; выраженный fan-out. Паттерны: циклов 1, повторных маршрутов 1."
100000005042822100,consolidator,0.5252135231316726,31,0.3969319539422297,"Получает от 1 отправителей (top 59.0%), вход 1.00 млн KZT; наблюдаемый остаток 100%. Граница depth=4: исходящий поток может быть усечён."
100000005048668100,distributor,0.8810151245551602,3,0.6282449273580784,"Отправляет 8 получателям (top 3.2%), 11 переводов на 159.4 тыс. KZT; выраженный fan-out. Паттерны: циклов 45."
100000005049404100,consolidator,0.4942215302491103,4,0.37387177448164993,"Получает от 1 отправителей (top 59.0%), вход 98.0 тыс. KZT; наблюдаемый остаток 100%. Граница depth=4: исходящий поток может быть усечён."
100000005052998100,distributor,0.7145729537366549,0,0.5146811722269472,"Отправляет 1 получателям (top 23.8%), 1 переводов на 28.4 тыс. KZT; выраженный fan-out. Паттерны: циклов 13."
100000005053653100,coordinator,0.7242126334519573,13,0.5726717210651152,"Betweenness top 19.0%, PageRank top 49.8%; межкластерных связей 1, близость к seed 0.36."
100000005055454100,terminal,0.60913256227758,29,0.3819950810298858,"Получено 6.5 тыс. KZT от 1 отправителей, исходящий поток 0 KZT; средства преимущественно остаются."
100000005056870100,terminal,0.6599644128113878,45,0.41995929538824767,"Получено 20.0 тыс. KZT от 1 отправителей, исходящий поток 0 KZT; средства преимущественно остаются."
100000005059998100,terminal,0.6531405693950177,0,0.40873350836589273,"Получено 18.0 тыс. KZT от 1 отправителей, исходящий поток 0 KZT; средства преимущественно остаются."
100000005061890100,terminal,0.756076512455516,2,0.4660175157204134,"Получено 90.0 тыс. KZT от 1 отправителей, исходящий поток 0 KZT; средства преимущественно остаются."
100000005074393100,coordinator,0.8889012455516014,13,0.8097614690483931,"Betweenness top 4.2%, PageRank top 4.5%; межкластерных связей 1, близость к seed 0.68. Паттерны: циклов 3, повторных маршрутов 1."
100000005075949100,consolidator,0.5448798932384341,46,0.44362773237630887,"Получает от 1 отправителей (top 59.0%), вход 2.23 млн KZT; наблюдаемый остаток 100%. Паттерны: повторных маршрутов 1. Граница depth=4: исходящий поток может быть усечён."
100000005077484100,distributor,0.7675496737841044,29,0.592460196514709,"Отправляет 2 получателям (top 13.6%), 2 переводов на 13.6 тыс. KZT; выраженный fan-out. Паттерны: циклов 1."
100000005079473100,consolidator,0.4999599644128113,3,0.37371906496168056,"Получает от 1 отправителей (top 59.0%), вход 39.3 тыс. KZT; наблюдаемый остаток 100%. Граница depth=4: исходящий поток может быть усечён."
100000005079754100,transit,0.8656854180036171,2,0.6648377928451077,"Получено 70.0 тыс., отправлено 122.0 тыс. KZT; совпадение потоков 57%, быстрое перенаправление 100%."
100000005082652100,terminal,0.6905560498220641,6,0.4336047685427572,"Получено 30.0 тыс. KZT от 1 отправителей, исходящий поток 0 KZT; средства преимущественно остаются."
100000005087431100,peripheral,0.6317148576512455,79,0.3180261249614364,"Периферийный узел: входящих/исходящих связей 0/0, оборот 0 KZT; сильной структурной роли нет."
100000005087923100,coordinator,0.43386832740213527,27,0.3482695060573263,"Betweenness top 63.3%, PageRank top 25.1%; межкластерных связей 0, близость к seed 0.29. Граница depth=4: исходящий поток может быть усечён."
100000005089460100,terminal,0.6315702846975089,1,0.36009430475989235,"Получено 12.3 тыс. KZT от 1 отправителей, исходящий поток 0 KZT; средства преимущественно остаются."
100000005092518100,terminal,0.6811298932384341,1,0.4437200497584326,"Получено 26.1 тыс. KZT от 1 отправителей, исходящий поток 0 KZT; средства преимущественно остаются."
100000005093521100,terminal,0.642153024911032,2,0.4564549662654132,"Получено 15.2 тыс. KZT от 1 отправителей, исходящий поток 0 KZT; средства преимущественно остаются."
100000005100475100,terminal,0.7072108540925267,6,0.43046953046040604,"Получено 40.0 тыс. KZT от 1 отправителей, исходящий поток 0 KZT; средства преимущественно остаются."
100000005105153100,terminal,0.6905560498220641,0,0.43224151548333034,"Получено 30.0 тыс. KZT от 1 отправителей, исходящий поток 0 KZT; средства преимущественно остаются."
100000005124479100,coordinator,0.7806850533807829,0,0.6498097874918223,"Betweenness top 10.1%, PageRank top 57.8%; межкластерных связей 1, близость к seed 0.68."
100000005127767100,terminal,0.6108096085409253,38,0.3530827868294243,"Получено 7.0 тыс. KZT от 1 отправителей, исходящий поток 0 KZT; средства преимущественно остаются."
100000005133757100,terminal,0.8200800711743771,3,0.5350111964924514,"Получено 65.0 тыс. KZT от 2 отправителей, исходящий поток 0 KZT; средства преимущественно остаются."
100000005140601100,coordinator,0.8460253558718861,3,0.6803823152007762,"Betweenness top 16.4%, PageRank top 0.5%; межкластерных связей 2, близость к seed 0.36. Паттерны: циклов 2."
100000005142492100,transit,0.7461858494100019,6,0.5671960358243825,"Получено 10.0 тыс., отправлено 57.0 тыс. KZT; совпадение потоков 18%, быстрое перенаправление 100%. Паттерны: циклов 1."
100000005142589100,terminal,0.7236343416370107,0,0.44453237604625495,"Получено 50.0 тыс. KZT от 1 отправителей, исходящий поток 0 KZT; средства преимущественно остаются."
100000005146665100,peripheral,0.6247909252669039,57,0.22134654547698146,"Периферийный узел: входящих/исходящих связей 1/0, оборот 5.5 тыс. KZT; сильной структурной роли нет. Граница depth=4: исходящий поток может быть усечён."
100000005168487100,distributor,0.7649051008303678,9,0.5749552628403253,"Отправляет 1 получателям (top 23.8%), 14 переводов на 103.5 тыс. KZT; выраженный fan-out. Паттерны: циклов 1."
100000005171642100,transit,0.9098346176317972,27,0.6552179118603393,"Получено 696.8 тыс., отправлено 683.6 тыс. KZT; совпадение потоков 98%, быстрое перенаправление 50%. Паттерны: циклов 2."
100000005172860100,terminal,0.642326512455516,0,0.40098853650679317,"Получено 15.2 тыс. KZT от 1 отправителей, исходящий поток 0 KZT; средства преимущественно остаются."
100000005175148100,distributor,0.6830501186239623,15,0.57171851625506,"Отправляет 1 получателям (top 23.8%), 1 переводов на 15.0 тыс. KZT; выраженный fan-out. Паттерны: циклов 2."
100000005182219100,terminal,0.8123887900355872,4,0.5007123831721504,"Получено 55.0 тыс. KZT от 2 отправителей, исходящий поток 0 KZT; средства преимущественно остаются."
100000005183943100,terminal,0.8401023131672597,43,0.5637118806957563,"Получено 680.9 тыс. KZT от 1 отправителей, исходящий поток 0 KZT; средства преимущественно остаются. Паттерны: повторных маршрутов 1."
100000005186109100,terminal,0.6005160142348754,15,0.4058689919054871,"Получено 5.0 тыс. KZT от 1 отправителей, исходящий поток 0 KZT; средства преимущественно остаются."
100000005186131100,transit,0.9935542704626334,0,0.563704594295381,"Получено 10.0 тыс., отправлено 10.0 тыс. KZT; совпадение потоков 100%, быстрое перенаправление 100%."
100000005187208100,terminal,0.6368905693950178,4,0.3946932019481134,"Получено 14.2 тыс. KZT от 1 отправителей, исходящий поток 0 KZT; средства преимущественно остаются."
100000005189258100,consolidator,0.5402891459074732,4,0.39181393087291655,"Получает от 1 отправителей (top 59.0%), вход 50.0 тыс. KZT; наблюдаемый остаток 100%. Граница depth=4: исходящий поток может быть усечён."
100000005198498100,terminal,0.6868549822064057,1,0.3864469751521633,"Получено 28.8 тыс. KZT от 1 отправителей, исходящий поток 0 KZT; средства преимущественно остаются."
100000005198906100,distributor,0.6218104982206406,4,0.5103410490416009,"Отправляет 1 получателям (top 23.8%), 1 переводов на 60.0 тыс. KZT; выраженный fan-out."
100000005203590100,terminal,0.756076512455516,6,0.4552622269782412,"Получено 90.0 тыс. KZT от 1 отправителей, исходящий поток 0 KZT; средства преимущественно остаются."
100000005205745100,terminal,0.6075711743772242,6,0.39677858090900797,"Получено 6.0 тыс. KZT от 1 отправителей, исходящий поток 0 KZT; средства преимущественно остаются."
100000005209352100,coordinator,0.42891503558718863,0,0.3661668560827457,"Betweenness top 63.3%, PageRank top 28.0%; межкластерных связей 0, близость к seed 0.29. Граница depth=4: исходящий поток может быть усечён."
100000005222360100,coordinator,0.8463656583629894,14,0.5986092836951926,"Betweenness top 1.1%, PageRank top 11.7%; межкластерных связей 1, близость к seed 0.32."
100000005226217100,coordinator,0.4222980427046264,7,0.36697710744170703,"Betweenness top 63.3%, PageRank top 31.9%; межкластерных связей 0, близость к seed 0.29. Граница depth=4: исходящий поток может быть усечён."
100000005228059100,terminal,0.6805516014234875,1,0.4434223629256924,"Получено 26.0 тыс. KZT от 1 отправителей, исходящий поток 0 KZT; средства преимущественно остаются."
100000005233755100,transit,0.6495542704626335,16,0.4935841638900962,"Получено 25.0 тыс., отправлено 5.0 тыс. KZT; совпадение потоков 20%, быстрое перенаправление 100%."
100000005235389100,peripheral,0.6317148576512455,80,0.3180261249614364,"Периферийный узел: входящих/исходящих связей 0/0, оборот 0 KZT; сильной структурной роли нет."
100000005237935150,terminal,0.6987677935943061,12,0.39203771527997516,"Получено 34.5 тыс. KZT от 1 отправителей, исходящий поток 0 KZT; средства преимущественно остаются."
100000005241556100,terminal,0.7636521352313167,17,0.43974148403691626,"Получено 100.0 тыс. KZT от 1 отправителей, исходящий поток 0 KZT; средства преимущественно остаются."
100000005242320100,distributor,0.9173890479137657,12,0.6659592838591601,"Отправляет 21 получателям (top 1.2%), 29 переводов на 8.94 млн KZT; выраженный fan-out."
100000005264874100,distributor,0.7817637900355873,37,0.5426311972395212,"Отправляет 2 получателям (top 13.6%), 3 переводов на 78.0 тыс. KZT; выраженный fan-out. Паттерны: циклов 1."
100000005264990100,distributor,0.8309408362989323,20,0.6750483354896388,"Отправляет 2 получателям (top 13.6%), 2 переводов на 122.0 тыс. KZT; выраженный fan-out."
100000005265073100,transit,0.6410527876631079,20,0.4759606959674123,"Получено 5.0 тыс., отправлено 9.0 тыс. KZT; совпадение потоков 56%, быстрое перенаправление 0%."
100000005268319100,distributor,0.8735920818505339,0,0.6403234389560377,"Отправляет 5 получателям (top 5.3%), 10 переводов на 91.0 тыс. KZT; выраженный fan-out. Паттерны: циклов 1."
100000005272139100,consolidator,0.48533807829181497,5,0.4279337594873627,"Получает от 1 отправителей (top 59.0%), вход 165.0 тыс. KZT; наблюдаемый остаток 100%. Граница depth=4: исходящий поток может быть усечён."
100000005287097100,distributor,0.9239308678421224,5,0.8404722220719133,"Отправляет 9 получателям (top 2.9%), 42 переводов на 697.3 тыс. KZT; выраженный fan-out. Паттерны: циклов 10, повторных маршрутов 3, цепочек A→B→C 4, дроблений 6."
100000005293969100,coordinator,0.4424893238434164,0,0.37471449843150023,"Betweenness top 63.3%, PageRank top 20.1%; межкластерных связей 0, близость к seed 0.29. Граница depth=4: исходящий поток может быть усечён."
100000005308954100,distributor,0.6174288256227758,5,0.5332275060405509,"Отправляет 1 получателям (top 23.8%), 1 переводов на 30.0 тыс. KZT; выраженный fan-out."
100000005314565100,terminal,0.8021085409252667,0,0.48918816947162547,"Получено 218.5 тыс. KZT от 1 отправителей, исходящий поток 0 KZT; средства преимущественно остаются."
100000005316708100,distributor,0.8314690836298932,6,0.6356880620525504,"Отправляет 2 получателям (top 13.6%), 4 переводов на 257.5 тыс. KZT; выраженный fan-out."
100000005317181100,coordinator,0.6191459074733096,0,0.5342204475083764,"Betweenness top 19.0%, PageRank top 44.7%; межкластерных связей 0, близость к seed 0.32."
100000005326681100,terminal,0.6944884341637011,15,0.41876608281990846,"Получено 31.2 тыс. KZT от 1 отправителей, исходящий поток 0 KZT; средства преимущественно остаются."
100000005328215100,terminal,0.6844261565836299,9,0.41128649043720217,"Получено 27.0 тыс. KZT от 1 отправителей, исходящий поток 0 KZT; средства преимущественно остаются."
100000005339662100,coordinator,0.91951512455516,15,0.8370257524327297,"Betweenness top 5.3%, PageRank top 2.3%; межкластерных связей 3, близость к seed 0.74. Паттерны: циклов 3, повторных маршрутов 2."
100000005342513100,distributor,0.7002624555160142,1,0.583663066367341,"Отправляет 1 получателям (top 23.8%), 1 переводов на 30.0 тыс. KZT; выраженный fan-out. Паттерны: циклов 1."
100000005357034100,terminal,0.61769128113879,0,0.38260419486978253,"Получено 9.8 тыс. KZT от 1 отправителей, исходящий поток 0 KZT; средства преимущественно остаются."
100000005357705100,distributor,0.8419848754448399,3,0.5822204835377469,"Отправляет 4 получателям (top 6.5%), 5 переводов на 387.1 тыс. KZT; выраженный fan-out."
100000005360814100,consolidator,0.5525667259786476,3,0.4091600419261896,"Получает от 1 отправителей (top 59.0%), вход 144.0 тыс. KZT; наблюдаемый остаток 100%. Граница depth=4: исходящий поток может быть усечён."
100000005362848100,terminal,0.6873754448398576,8,0.3829124955744633,"Получено 29.0 тыс. KZT от 1 отправителей, исходящий поток 0 KZT; средства преимущественно остаются."
100000005363908100,transit,0.9935542704626334,48,0.5826144612350524,"Получено 19.5 тыс., отправлено 19.5 тыс. KZT; совпадение потоков 100%, быстрое перенаправление 100%."
100000005367180100,coordinator,0.4638905693950179,3,0.37077256909748896,"Betweenness top 63.3%, PageRank top 7.5%; межкластерных связей 0, близость к seed 0.29. Граница depth=4: исходящий поток может быть усечён."
100000005367284100,distributor,0.7089701957295373,0,0.5301973914416402,"Отправляет 2 получателям (top 13.6%), 5 переводов на 48.3 тыс. KZT; выраженный fan-out."
100000005367445100,transit,0.9935542704626334,10,0.592246536170451,"Получено 5.0 тыс., отправлено 5.0 тыс. KZT; совпадение потоков 100%, быстрое перенаправление 100%. Паттерны: циклов 1."
100000005370558100,consolidator,0.44110320284697513,0,0.35519275465925826,"Получает от 1 отправителей (top 59.0%), вход 5.0 тыс. KZT; наблюдаемый остаток 100%. Граница depth=4: исходящий поток может быть усечён."
100000005370580100,terminal,0.6741325622775801,13,0.5286601039299438,"Получено 24.1 тыс. KZT от 1 отправителей, исходящий поток 0 KZT; средства преимущественно остаются."
100000005375968100,transit,0.7654049634463528,0,0.5803634882840369,"Получено 170.1 тыс., отправлено 86.0 тыс. KZT; совпадение потоков 51%, быстрое перенаправление 50%."
100000005382566100,transit,0.9446129893238434,20,0.8569412202247433,"Seed с неполным входящим потоком; отправлено 50.0 тыс. KZT 1 получателям, быстрое перенаправление 100%. Паттерны: циклов 1, повторных маршрутов 1."
100000005386383100,coordinator,0.8939101423487544,20,0.7280510786687611,"Betweenness top 12.9%, PageRank top 21.1%; межкластерных связей 2, близость к seed 1.00."
100000005392290100,distributor,0.7616147686832739,69,0.48632017227450947,"Отправляет 1 получателям (top 23.8%), 1 переводов на 81.5 тыс. KZT; выраженный fan-out."
100000005394708100,transit,0.8135542704626335,20,0.6337672500636314,"Получено 26.0 тыс., отправлено 65.0 тыс. KZT; совпадение потоков 40%, быстрое перенаправление 100%."
100000005395727100,terminal,0.6476467971530249,15,0.5206842047269984,"Получено 17.0 тыс. KZT от 1 отправителей, исходящий поток 0 KZT; средства преимущественно остаются."
100000005402643100,transit,0.6472030224048919,7,0.5051098868214681,"Получено 127.8 тыс., отправлено 90.0 тыс. KZT; совпадение потоков 70%, быстрое перенаправление 0%."
100000005409156100,terminal,0.890226868327402,4,0.5056567541719744,"Получено 260.1 тыс. KZT от 2 отправителей, исходящий поток 0 KZT; средства преимущественно остаются."
100000005409680100,terminal,0.8129670818505338,18,0.6192593898687315,"Получено 55.1 тыс. KZT от 2 отправителей, исходящий поток 0 KZT; средства преимущественно остаются."
100000005413948100,coordinator,0.6799510676156584,10,0.5699033807484585,"Betweenness top 14.2%, PageRank top 1.7%; межкластерных связей 0, близость к seed 0.36. Паттерны: циклов 1."
100000005417257100,distributor,0.8053847864768684,20,0.5355082043442586,"Отправляет 2 получателям (top 13.6%), 2 переводов на 106.0 тыс. KZT; выраженный fan-out."
100000005432267100,terminal,0.9014457295373665,2,0.6064553243991968,"Получено 350.0 тыс. KZT от 2 отправителей, исходящий поток 0 KZT; средства преимущественно остаются."
100000005454368100,terminal,0.7999555160142348,13,0.6054924783862506,"Получено 48.6 тыс. KZT от 2 отправителей, исходящий поток 0 KZT; средства преимущественно остаются."
100000005456919100,distributor,0.6870084519572954,42,0.6327207618797024,"Отправляет 1 получателям (top 23.8%), 1 переводов на 5.0 тыс. KZT; выраженный fan-out. Паттерны: циклов 4, повторных маршрутов 1."
100000005473151100,coordinator,0.8572464412811388,8,0.7537252708879218,"Betweenness top 4.0%, PageRank top 24.6%; межкластерных связей 2, близость к seed 0.68. Паттерны: циклов 1, дроблений 2."
100000005474472100,terminal,0.7636521352313167,23,0.4597946129197019,"Получено 100.0 тыс. KZT от 1 отправителей, исходящий поток 0 KZT; средства преимущественно остаются."
100000005475379100,distributor,0.8051734875444841,9,0.5861358707956286,"Отправляет 3 получателям (top 8.9%), 3 переводов на 81.0 тыс. KZT; выраженный fan-out."
100000005480435100,peripheral,0.6317148576512455,81,0.3180261249614364,"Периферийный узел: входящих/исходящих связей 0/0, оборот 0 KZT; сильной структурной роли нет."
100000005481280100,transit,0.8897542704626336,15,0.6639706767215584,"Получено 32.7 тыс., отправлено 50.0 тыс. KZT; совпадение потоков 65%, быстрое перенаправление 100%."
100000005485830100,distributor,0.9365903024911031,45,0.5753886698579695,"Отправляет 5 получателям (top 5.3%), 9 переводов на 275.9 тыс. KZT; выраженный fan-out. Паттерны: дроблений 1."
100000005493505100,terminal,0.83211743772242,2,0.6263549586699053,"Получено 62.0 тыс. KZT от 3 отправителей, исходящий поток 0 KZT; средства преимущественно остаются."
100000005495211100,coordinator,0.453076512455516,0,0.38573407138523674,"Betweenness top 63.3%, PageRank top 13.8%; межкластерных связей 0, близость к seed 0.29. Граница depth=4: исходящий поток может быть усечён."
100000005495722100,peripheral,0.6317148576512455,82,0.3180261249614364,"Периферийный узел: входящих/исходящих связей 0/0, оборот 0 KZT; сильной структурной роли нет."
100000005496254100,terminal,0.6324955516014235,0,0.44775903239501313,"Получено 12.7 тыс. KZT от 1 отправителей, исходящий поток 0 KZT; средства преимущественно остаются."
100000005497148100,coordinator,0.4374225978647687,4,0.3663441638728204,"Betweenness top 63.3%, PageRank top 23.0%; межкластерных связей 0, близость к seed 0.29. Граница depth=4: исходящий поток может быть усечён."
100000005498992100,distributor,0.9832851423487543,7,0.6435856602694459,"Отправляет 16 получателям (top 1.6%), 19 переводов на 2.26 млн KZT; выраженный fan-out."
100000005505655100,transit,0.8236087004596095,25,0.6737629452827659,"Получено 33.1 тыс., отправлено 20.0 тыс. KZT; совпадение потоков 60%, быстрое перенаправление 100%. Паттерны: циклов 1."
100000005507142100,coordinator,0.7735787366548043,37,0.5889836024588917,"Betweenness top 21.6%, PageRank top 13.9%; межкластерных связей 1, близость к seed 0.36. Паттерны: циклов 2."
100000005514161100,coordinator,0.8463923487544485,6,0.7012459247855258,"Betweenness top 10.8%, PageRank top 7.1%; межкластерных связей 2, близость к seed 0.68."
100000005519347100,coordinator,0.7486788256227759,5,0.6859916091742382,"Betweenness top 23.4%, PageRank top 14.2%; межкластерных связей 0, близость к seed 1.00."
100000005519998100,transit,0.92348869917468,34,0.6665976836061794,"Получено 182.0 тыс., отправлено 188.0 тыс. KZT; совпадение потоков 97%, быстрое перенаправление 60%. Паттерны: циклов 8."
100000005523088100,terminal,0.8405071174377224,20,0.6072786332028325,"Получено 700.0 тыс. KZT от 1 отправителей, исходящий поток 0 KZT; средства преимущественно остаются."
100000005527892100,distributor,0.8816586460692333,17,0.7038304933542089,"Отправляет 8 получателям (top 3.2%), 8 переводов на 552.4 тыс. KZT; выраженный fan-out."
100000005530114100,coordinator,0.7745440391459074,16,0.5841177568768491,"Betweenness top 21.7%, PageRank top 22.7%; межкластерных связей 1, близость к seed 0.32."
100000005532138100,terminal,0.6788745551601424,6,0.4151078584037913,"Получено 25.0 тыс. KZT от 1 отправителей, исходящий поток 0 KZT; средства преимущественно остаются."
100000005539201100,distributor,0.6420929715302491,5,0.5742233041816439,"Отправляет 1 получателям (top 23.8%), 1 переводов на 25.0 тыс. KZT; выраженный fan-out."
100000005539910100,distributor,0.6905567912218269,2,0.5597277215148433,"Отправляет 2 получателям (top 13.6%), 2 переводов на 22.0 тыс. KZT; выраженный fan-out."
100000005543136100,distributor,0.8338923487544485,2,0.5681752623142969,"Отправляет 1 получателям (top 23.8%), 1 переводов на 10.0 тыс. KZT; выраженный fan-out."
100000005546031100,coordinator,0.6637121886120997,48,0.5845088767286051,"Betweenness top 25.2%, PageRank top 8.6%; межкластерных связей 0, близость к seed 0.68. Паттерны: циклов 1, дроблений 1."
100000005547096100,distributor,0.7900941577698696,48,0.5597890924201123,"Отправляет 2 получателям (top 13.6%), 3 переводов на 226.3 тыс. KZT; выраженный fan-out. Паттерны: циклов 1."
100000005550592100,peripheral,0.6317148576512455,83,0.3180261249614364,"Периферийный узел: входящих/исходящих связей 0/0, оборот 0 KZT; сильной структурной роли нет."
100000005553088100,consolidator,0.44410142348754444,3,0.3308117683857452,"Получает от 1 отправителей (top 59.0%), вход 17.5 тыс. KZT; наблюдаемый остаток 100%. Граница depth=4: исходящий поток может быть усечён."
100000005560900100,peripheral,0.6317148576512455,84,0.3180261249614364,"Периферийный узел: входящих/исходящих связей 0/0, оборот 0 KZT; сильной структурной роли нет."
100000005561741100,terminal,0.6769661921708184,8,0.39600592047335825,"Получено 25.0 тыс. KZT от 1 отправителей, исходящий поток 0 KZT; средства преимущественно остаются."
100000005567828100,consolidator,0.5422064056939502,8,0.38684165157003236,"Получает от 1 отправителей (top 59.0%), вход 94.0 тыс. KZT; наблюдаемый остаток 100%. Граница depth=4: исходящий поток может быть усечён."
100000005568407100,peripheral,0.6317148576512455,85,0.3180261249614364,"Периферийный узел: входящих/исходящих связей 0/0, оборот 0 KZT; сильной структурной роли нет."
100000005572303100,distributor,0.6180100830367735,5,0.5274785722210767,"Отправляет 1 получателям (top 23.8%), 1 переводов на 20.0 тыс. KZT; выраженный fan-out."
100000005578559100,distributor,0.9133499020062922,8,0.7034816058655078,"Отправляет 21 получателям (top 1.2%), 23 переводов на 893.2 тыс. KZT; выраженный fan-out. Паттерны: циклов 1, дроблений 1."
100000005584222100,transit,0.7902652799653105,0,0.7199214818060867,"Получено 192.7 тыс., отправлено 108.6 тыс. KZT; совпадение потоков 56%, быстрое перенаправление 50%. Паттерны: циклов 1."
100000005588444100,terminal,0.6315702846975089,6,0.43325446081001445,"Получено 12.3 тыс. KZT от 1 отправителей, исходящий поток 0 KZT; средства преимущественно остаются."
100000005589319100,consolidator,0.5108185053380783,2,0.39868326148339495,"Получает от 1 отправителей (top 59.0%), вход 26.0 тыс. KZT; наблюдаемый остаток 100%. Граница depth=4: исходящий поток может быть усечён."
100000005602999100,distributor,0.7894357947805457,33,0.5263888727475626,"Отправляет 2 получателям (top 13.6%), 3 переводов на 16.0 тыс. KZT; выраженный fan-out. Паттерны: циклов 1."
100000005608515100,terminal,0.738612099644128,6,0.42478497042696334,"Получено 64.0 тыс. KZT от 1 отправителей, исходящий поток 0 KZT; средства преимущественно остаются."
100000005610717100,transit,0.7989226915152651,0,0.6845269850243023,"Получено 484.5 тыс., отправлено 265.2 тыс. KZT; совпадение потоков 55%, быстрое перенаправление 100%. Паттерны: повторных маршрутов 2."
100000005612411100,distributor,0.8750438773859595,2,0.7194107304715011,"Отправляет 8 получателям (top 3.2%), 8 переводов на 507.0 тыс. KZT; выраженный fan-out."
100000005614315100,terminal,0.8299243772241992,5,0.5019074483938363,"Получено 455.0 тыс. KZT от 1 отправителей, исходящий поток 0 KZT; средства преимущественно остаются."
100000005616568100,consolidator,0.5456672597864768,4,0.4131300605257011,"Получает от 1 отправителей (top 59.0%), вход 530.0 тыс. KZT; наблюдаемый остаток 100%. Граница depth=4: исходящий поток может быть усечён."
100000005619339100,transit,0.7499896928187321,5,0.5218979560096519,"Получено 5.0 тыс., отправлено 5.4 тыс. KZT; совпадение потоков 92%, быстрое перенаправление 0%."
100000005620225100,terminal,0.8016325622775801,0,0.5154956947389422,"Получено 49.8 тыс. KZT от 2 отправителей, исходящий поток 0 KZT; средства преимущественно остаются."
100000005621418100,consolidator,0.47475533807829184,26,0.3426888605995812,"Получает от 1 отправителей (top 59.0%), вход 30.0 тыс. KZT; наблюдаемый остаток 100%. Граница depth=4: исходящий поток может быть усечён."
100000005628518100,terminal,0.7489635231316726,18,0.4454855773487165,"Получено 77.0 тыс. KZT от 1 отправителей, исходящий поток 0 KZT; средства преимущественно остаются."
100000005634552100,distributor,0.8773821174377225,0,0.6478823551979568,"Отправляет 3 получателям (top 8.9%), 4 переводов на 1.20 млн KZT; выраженный fan-out."
100000005636951100,coordinator,0.45889946619217087,27,0.3702813616406677,"Betweenness top 63.3%, PageRank top 10.4%; межкластерных связей 0, близость к seed 0.29. Граница depth=4: исходящий поток может быть усечён."
100000005660203100,distributor,0.8072471826809016,5,0.72573474972538,"Отправляет 2 получателям (top 13.6%), 5 переводов на 41.0 тыс. KZT; выраженный fan-out. Паттерны: циклов 1, повторных маршрутов 1, цепочек A→B→C 1."
100000005661528100,terminal,0.6769661921708184,3,0.38868866229909627,"Получено 25.0 тыс. KZT от 1 отправителей, исходящий поток 0 KZT; средства преимущественно остаются."
100000005661829100,transit,0.9744372792332592,18,0.6083232705511792,"Получено 37.8 тыс., отправлено 40.4 тыс. KZT; совпадение потоков 94%, быстрое перенаправление 100%."
100000005664632100,terminal,0.7968460854092526,66,0.4558548376593751,"Получено 198.6 тыс. KZT от 1 отправителей, исходящий поток 0 KZT; средства преимущественно остаются. Паттерны: повторных маршрутов 1."
100000005664922100,distributor,0.803185349940688,23,0.6248170402295469,"Отправляет 3 получателям (top 8.9%), 4 переводов на 537.0 тыс. KZT; выраженный fan-out. Паттерны: циклов 1."
100000005665181100,distributor,0.877696915776987,4,0.6901303725364502,"Отправляет 11 получателям (top 2.4%), 11 переводов на 181.9 тыс. KZT; выраженный fan-out. Паттерны: циклов 1, дроблений 3."
100000005667841100,terminal,0.8738033807829181,10,0.47999509946807317,"Получено 186.0 тыс. KZT от 2 отправителей, исходящий поток 0 KZT; средства преимущественно остаются."
100000005668605100,terminal,0.8536877224199287,20,0.6029255390944893,"Получено 94.5 тыс. KZT от 3 отправителей, исходящий поток 0 KZT; средства преимущественно остаются."
100000005669845100,terminal,0.6599644128113878,29,0.43950036339497406,"Получено 20.0 тыс. KZT от 1 отправителей, исходящий поток 0 KZT; средства преимущественно остаются."
100000005674387100,terminal,0.682517793594306,1,0.38386769589421715,"Получено 26.2 тыс. KZT от 1 отправителей, исходящий поток 0 KZT; средства преимущественно остаются."
100000005685783100,coordinator,0.44422864768683273,1,0.3838401065422506,"Betweenness top 63.3%, PageRank top 19.0%; межкластерных связей 0, близость к seed 0.29. Граница depth=4: исходящий поток может быть усечён."
100000005704413100,distributor,0.9194201830198272,8,0.7123462253155541,"Отправляет 32 получателям (top 0.6%), 35 переводов на 1.36 млн KZT; выраженный fan-out. Паттерны: циклов 3, дроблений 1."
100000005709551100,terminal,0.6745951957295374,13,0.4103652581836928,"Получено 24.6 тыс. KZT от 1 отправителей, исходящий поток 0 KZT; средства преимущественно остаются."
100000005711521100,consolidator,0.49794928825622775,13,0.4181285691033022,"Получает от 1 отправителей (top 59.0%), вход 238.0 тыс. KZT; наблюдаемый остаток 100%. Граница depth=4: исходящий поток может быть усечён."
100000005723580100,consolidator,0.44046708185053385,10,0.3781910872694681,"Получает от 1 отправителей (top 59.0%), вход 35.0 тыс. KZT; наблюдаемый остаток 100%. Граница depth=4: исходящий поток может быть усечён."
100000005730108100,terminal,0.6135275800711742,0,0.401935910501124,"Получено 8.0 тыс. KZT от 1 отправителей, исходящий поток 0 KZT; средства преимущественно остаются."
100000005744674100,distributor,0.8579359430604983,20,0.5635283259338196,"Отправляет 1 получателям (top 23.8%), 2 переводов на 50.1 тыс. KZT; выраженный fan-out."
100000005745873100,consolidator,0.5231272241992881,40,0.36697426896706253,"Получает от 1 отправителей (top 59.0%), вход 223.0 тыс. KZT; наблюдаемый остаток 100%. Граница depth=4: исходящий поток может быть усечён."
100000005754335100,terminal,0.7117215302491103,41,0.4074139353403994,"Получено 44.0 тыс. KZT от 1 отправителей, исходящий поток 0 KZT; средства преимущественно остаются."
100000005756189100,transit,0.8880388858472488,4,0.5555499864397911,"Получено 65.0 тыс., отправлено 49.0 тыс. KZT; совпадение потоков 75%, быстрое перенаправление 100%."
100000005756535100,terminal,0.6599644128113878,1,0.42146823714423404,"Получено 20.0 тыс. KZT от 1 отправителей, исходящий поток 0 KZT; средства преимущественно остаются."
100000005767403100,consolidator,0.5860453736654804,34,0.42024829761226556,"Получает от 1 отправителей (top 59.0%), вход 1.10 млн KZT; наблюдаемый остаток 100%. Граница depth=4: исходящий поток может быть усечён."
100000005778283100,terminal,0.9340124555160142,6,0.5969815636207992,"Получено 615.8 тыс. KZT от 3 отправителей, исходящий поток 0 KZT; средства преимущественно остаются."
100000005782781100,distributor,0.8648672894424674,6,0.7475141787702364,"Отправляет 10 получателям (top 2.7%), 10 переводов на 1.26 млн KZT; выраженный fan-out. Паттерны: циклов 23, дроблений 1, синхронных дней 1."
100000005782886100,coordinator,0.4176094306049822,7,0.3621089579755149,"Betweenness top 63.3%, PageRank top 34.7%; межкластерных связей 0, близость к seed 0.29. Граница depth=4: исходящий поток может быть усечён."
100000005783452100,consolidator,0.6638567615658363,12,0.4526497231872677,"Получает от 2 отправителей (top 14.3%), вход 286.5 тыс. KZT; наблюдаемый остаток 100%. Граница depth=4: исходящий поток может быть усечён."
100000005799271100,terminal,0.7136298932384341,9,0.4416378734847596,"Получено 45.0 тыс. KZT от 1 отправителей, исходящий поток 0 KZT; средства преимущественно остаются."
100000005807278100,terminal,0.6143371886120995,45,0.3935915907619131,"Получено 8.4 тыс. KZT от 1 отправителей, исходящий поток 0 KZT; средства преимущественно остаются."
100000005809252100,terminal,0.6769661921708184,4,0.4221278535225155,"Получено 25.0 тыс. KZT от 1 отправителей, исходящий поток 0 KZT; средства преимущественно остаются."
100000005815602100,distributor,0.6276601423487544,5,0.5290095832228033,"Отправляет 1 получателям (top 23.8%), 1 переводов на 165.0 тыс. KZT; выраженный fan-out."
100000005820746100,distributor,0.7020818505338079,23,0.5688665435341123,"Отправляет 1 получателям (top 23.8%), 1 переводов на 60.0 тыс. KZT; выраженный fan-out. Паттерны: циклов 1."
100000005830339100,coordinator,0.7883051601423487,2,0.6719479957922644,"Betweenness top 22.0%, PageRank top 34.6%; межкластерных связей 5, близость к seed 0.32. Паттерны: повторных маршрутов 1."
100000005834479100,distributor,0.792024762752076,3,0.5269131355669835,"Отправляет 2 получателям (top 13.6%), 2 переводов на 14.5 тыс. KZT; выраженный fan-out."
100000005844459100,terminal,0.8875667259786476,0,0.5694679261763027,"Получено 243.4 тыс. KZT от 2 отправителей, исходящий поток 0 KZT; средства преимущественно остаются."
100000005847078100,terminal,0.6459697508896797,1,0.36632143999120914,"Получено 16.3 тыс. KZT от 1 отправителей, исходящий поток 0 KZT; средства преимущественно остаются."
100000005849100100,terminal,0.6970329181494662,2,0.4459630397775416,"Получено 33.3 тыс. KZT от 1 отправителей, исходящий поток 0 KZT; средства преимущественно остаются."
100000005849862100,coordinator,0.450202846975089,6,0.38780280940877915,"Betweenness top 63.3%, PageRank top 15.5%; межкластерных связей 0, близость к seed 0.29. Граница depth=4: исходящий поток может быть усечён."
100000005852946100,terminal,0.6721663701067616,2,0.4712876175109648,"Получено 23.7 тыс. KZT от 1 отправителей, исходящий поток 0 KZT; средства преимущественно остаются."
100000005857058100,terminal,0.8449555160142349,0,0.524014604799014,"Получено 80.2 тыс. KZT от 3 отправителей, исходящий поток 0 KZT; средства преимущественно остаются."
100000005873152100,transit,0.7743861209964413,9,0.5565338192781454,"Получено 10.0 тыс., отправлено 10.0 тыс. KZT; совпадение потоков 100%, быстрое перенаправление 0%. Паттерны: циклов 2."
100000005877725100,terminal,0.7431227758007117,1,0.47860669928494204,"Получено 70.0 тыс. KZT от 1 отправителей, исходящий поток 0 KZT; средства преимущественно остаются."
100000005878334100,consolidator,0.4579937722419929,3,0.3776180983366927,"Получает от 1 отправителей (top 59.0%), вход 76.4 тыс. KZT; наблюдаемый остаток 100%. Граница depth=4: исходящий поток может быть усечён."
100000005882013100,distributor,0.683170225385528,13,0.56499591928162,"Отправляет 1 получателям (top 23.8%), 1 переводов на 10.0 тыс. KZT; выраженный fan-out. Паттерны: циклов 2."
100000005888829100,consolidator,0.5611076512455516,7,0.41038517635581695,"Получает от 1 отправителей (top 59.0%), вход 197.0 тыс. KZT; наблюдаемый остаток 100%. Граница depth=4: исходящий поток может быть усечён."
100000005893892100,terminal,0.7665435943060498,4,0.42806769080512874,"Получено 102.8 тыс. KZT от 1 отправителей, исходящий поток 0 KZT; средства преимущественно остаются."
100000005895525100,terminal,0.7734830960854092,45,0.4797816161705626,"Получено 120.0 тыс. KZT от 1 отправителей, исходящий поток 0 KZT; средства преимущественно остаются."
100000005897462100,terminal,0.7615702846975089,9,0.4998199508480541,"Получено 98.4 тыс. KZT от 1 отправителей, исходящий поток 0 KZT; средства преимущественно остаются."
100000005901606100,terminal,0.7013122775800712,1,0.4541420286172299,"Получено 35.7 тыс. KZT от 1 отправителей, исходящий поток 0 KZT; средства преимущественно остаются."
100000005904580100,terminal,0.8255738434163701,11,0.4778059770893401,"Получено 72.0 тыс. KZT от 2 отправителей, исходящий поток 0 KZT; средства преимущественно остаются."
100000005910114100,distributor,0.9394169564865739,0,0.8334200439489242,"Отправляет 19 получателям (top 1.3%), 56 переводов на 1.47 млн KZT; выраженный fan-out. Паттерны: циклов 255, повторных маршрутов 3, дроблений 3."
100000005910895100,coordinator,0.4564039145907474,33,0.3415856278359036,"Betweenness top 63.3%, PageRank top 11.9%; межкластерных связей 0, близость к seed 0.29. Граница depth=4: исходящий поток может быть усечён."
100000005911352100,distributor,0.7732832147093714,38,0.5490899563585508,"Отправляет 3 получателям (top 8.9%), 3 переводов на 24.0 тыс. KZT; выраженный fan-out. Паттерны: циклов 1."
100000005931985100,terminal,0.7480960854092527,12,0.4206361057684902,"Получено 76.0 тыс. KZT от 1 отправителей, исходящий поток 0 KZT; средства преимущественно остаются."
100000005932987100,terminal,0.6769661921708184,34,0.4308266138369342,"Получено 25.0 тыс. KZT от 1 отправителей, исходящий поток 0 KZT; средства преимущественно остаются. Паттерны: повторных маршрутов 1."
100000005933757100,distributor,0.9270676078541549,14,0.7933817186946847,"Отправляет 34 получателям (top 0.6%), 46 переводов на 3.00 млн KZT; выраженный fan-out. Паттерны: циклов 3, повторных маршрутов 2, цепочек A→B→C 1, дроблений 2."
100000005939154100,terminal,0.6668460854092527,5,0.40842779779532457,"Получено 22.0 тыс. KZT от 1 отправителей, исходящий поток 0 KZT; средства преимущественно остаются."
100000005940652100,terminal,0.6145106761565836,10,0.4197023695738485,"Получено 8.4 тыс. KZT от 1 отправителей, исходящий поток 0 KZT; средства преимущественно остаются."
100000005941908100,terminal,0.6222019572953736,14,0.39528487611025026,"Получено 10.0 тыс. KZT от 1 отправителей, исходящий поток 0 KZT; средства преимущественно остаются."
100000005942793100,terminal,0.8326467971530248,0,0.5094715623937154,"Получено 55.0 тыс. KZT от 4 отправителей, исходящий поток 0 KZT; средства преимущественно остаются."
100000005958064100,distributor,0.8171040925266905,14,0.585135812993102,"Отправляет 2 получателям (top 13.6%), 3 переводов на 164.0 тыс. KZT; выраженный fan-out."
100000005961971100,terminal,0.7181983985765125,1,0.4641966278089785,"Получено 47.4 тыс. KZT от 1 отправителей, исходящий поток 0 KZT; средства преимущественно остаются."
100000005974542100,terminal,0.7590836298932384,22,0.43604095008410937,"Получено 94.5 тыс. KZT от 1 отправителей, исходящий поток 0 KZT; средства преимущественно остаются."
100000005979037100,consolidator,0.4724243772241993,3,0.3684676054060395,"Получает от 1 отправителей (top 59.0%), вход 60.3 тыс. KZT; наблюдаемый остаток 100%. Граница depth=4: исходящий поток может быть усечён."
100000005995391100,terminal,0.6491503558718861,1,0.3677868314502839,"Получено 17.2 тыс. KZT от 1 отправителей, исходящий поток 0 KZT; средства преимущественно остаются."
100000005996909100,terminal,0.6057784697508896,15,0.3906801129019283,"Получено 5.5 тыс. KZT от 1 отправителей, исходящий поток 0 KZT; средства преимущественно остаются."
100000006008169100,terminal,0.7431227758007117,11,0.4791783253457141,"Получено 70.0 тыс. KZT от 1 отправителей, исходящий поток 0 KZT; средства преимущественно остаются."
100000006020215100,distributor,0.7836076512455517,13,0.6113416291530717,"Отправляет 2 получателям (top 13.6%), 2 переводов на 33.8 тыс. KZT; выраженный fan-out."
100000006030946100,terminal,0.7458407473309608,1,0.48044702816485035,"Получено 73.3 тыс. KZT от 1 отправителей, исходящий поток 0 KZT; средства преимущественно остаются."
100000006048193100,terminal,0.7098709964412812,0,0.43278697161768176,"Получено 41.6 тыс. KZT от 1 отправителей, исходящий поток 0 KZT; средства преимущественно остаются."
100000006069103100,transit,0.9477964926848557,54,0.7349002591649322,"Получено 228.8 тыс., отправлено 270.0 тыс. KZT; совпадение потоков 85%, быстрое перенаправление 100%. Паттерны: циклов 1."
100000006100920100,terminal,0.7636521352313167,0,0.46761485817167825,"Получено 100.0 тыс. KZT от 1 отправителей, исходящий поток 0 KZT; средства преимущественно остаются."
100000006111439100,distributor,0.8014959328927301,4,0.5954635662602347,"Отправляет 4 получателям (top 6.5%), 4 переводов на 24.0 тыс. KZT; выраженный fan-out. Паттерны: циклов 1."
100000006111442100,terminal,0.738612099644128,10,0.42659310191722954,"Получено 64.0 тыс. KZT от 1 отправителей, исходящий поток 0 KZT; средства преимущественно остаются."
100000006122699100,terminal,0.7952713523131673,11,0.49112493535527346,"Получено 45.9 тыс. KZT от 2 отправителей, исходящий поток 0 KZT; средства преимущественно остаются."
100000006126743100,terminal,0.7320774021352313,4,0.4108165169691545,"Получено 55.0 тыс. KZT от 1 отправителей, исходящий поток 0 KZT; средства преимущественно остаются."
100000006161893100,terminal,0.6360231316725978,5,0.4263755735960363,"Получено 14.0 тыс. KZT от 1 отправителей, исходящий поток 0 KZT; средства преимущественно остаются."
100000006165886100,transit,0.7383690210331529,0,0.570349938355221,"Получено 184.5 тыс., отправлено 75.0 тыс. KZT; совпадение потоков 41%, быстрое перенаправление 100%."
100000006169033100,distributor,0.8555427046263345,41,0.6395893120337826,"Отправляет 3 получателям (top 8.9%), 10 переводов на 1.14 млн KZT; выраженный fan-out. Паттерны: циклов 1, повторных маршрутов 1."
100000006171671100,coordinator,0.44135498220640573,0,0.3766597831290091,"Betweenness top 63.3%, PageRank top 20.7%; межкластерных связей 0, близость к seed 0.29. Граница depth=4: исходящий поток может быть усечён."
100000006177176100,terminal,0.6154937722419928,5,0.4398847275183951,"Получено 8.9 тыс. KZT от 1 отправителей, исходящий поток 0 KZT; средства преимущественно остаются."
100000006209210100,terminal,0.803785587188612,6,0.4864842829061795,"Получено 229.1 тыс. KZT от 1 отправителей, исходящий поток 0 KZT; средства преимущественно остаются."
100000006225798100,coordinator,0.7964079181494662,16,0.6055852788313029,"Betweenness top 12.1%, PageRank top 35.3%; межкластерных связей 2, близость к seed 0.32."
100000006232642100,consolidator,0.5839991103202847,41,0.39962021330117414,"Получает от 1 отправителей (top 59.0%), вход 456.0 тыс. KZT; наблюдаемый остаток 100%. Граница depth=4: исходящий поток может быть усечён."
100000006232815100,distributor,0.8990947508896798,29,0.743997584086209,"Отправляет 5 получателям (top 5.3%), 5 переводов на 296.5 тыс. KZT; выраженный fan-out. Паттерны: циклов 1."
100000006240939100,distributor,0.8711573250296561,27,0.6152685103301208,"Отправляет 5 получателям (top 5.3%), 5 переводов на 778.0 тыс. KZT; выраженный fan-out."
100000006248077100,terminal,0.7236343416370107,5,0.4315239074685694,"Получено 50.0 тыс. KZT от 1 отправителей, исходящий поток 0 KZT; средства преимущественно остаются."
100000006249740100,distributor,0.9104804270462632,53,0.5520414162835648,"Отправляет 3 получателям (top 8.9%), 5 переводов на 93.0 тыс. KZT; выраженный fan-out."
100000006257675100,consolidator,0.4846352313167259,21,0.36070529506081106,"Получает от 1 отправителей (top 59.0%), вход 70.0 тыс. KZT; наблюдаемый остаток 100%. Граница depth=4: исходящий поток может быть усечён."
100000006274203100,coordinator,0.8490258007117438,18,0.7606972841010248,"Betweenness top 12.5%, PageRank top 10.6%; межкластерных связей 1, близость к seed 0.56. Паттерны: циклов 1, повторных маршрутов 1."
100000006288612100,consolidator,0.49447953736654804,11,0.40069016676672375,"Получает от 1 отправителей (top 59.0%), вход 30.8 тыс. KZT; наблюдаемый остаток 100%. Паттерны: повторных маршрутов 1. Граница depth=4: исходящий поток может быть усечён."
100000006308406100,consolidator,0.519105871886121,21,0.386353121356858,"Получает от 1 отправителей (top 59.0%), вход 183.0 тыс. KZT; наблюдаемый остаток 100%. Граница depth=4: исходящий поток может быть усечён."
100000006326645100,terminal,0.679105871886121,1,0.442610886057365,"Получено 25.3 тыс. KZT от 1 отправителей, исходящий поток 0 KZT; средства преимущественно остаются."
100000006351075100,consolidator,0.4567482206405694,40,0.3158298282630133,"Получает от 1 отправителей (top 59.0%), вход 40.0 тыс. KZT; наблюдаемый остаток 100%. Граница depth=4: исходящий поток может быть усечён."
100000006369769100,terminal,0.7072108540925267,1,0.45806611782647044,"Получено 40.0 тыс. KZT от 1 отправителей, исходящий поток 0 KZT; средства преимущественно остаются."
100000006381453100,coordinator,0.4547402135231317,7,0.39608356723780214,"Betweenness top 63.3%, PageRank top 12.9%; межкластерных связей 0, близость к seed 0.29. Граница depth=4: исходящий поток может быть усечён."
100000006385877100,transit,0.8566142302962629,7,0.6103320249358828,"Получено 53.7 тыс., отправлено 36.6 тыс. KZT; совпадение потоков 68%, быстрое перенаправление 100%. Паттерны: циклов 1."
100000006412162100,consolidator,0.46393683274021347,19,0.3194924564699031,"Получает от 1 отправителей (top 59.0%), вход 15.0 тыс. KZT; наблюдаемый остаток 100%. Граница depth=4: исходящий поток может быть усечён."
100000006416061100,consolidator,0.4339012455516015,3,0.364680540627738,"Получает от 1 отправителей (top 59.0%), вход 30.0 тыс. KZT; наблюдаемый остаток 100%. Граница depth=4: исходящий поток может быть усечён."
100000006424479100,distributor,0.7115754744958482,13,0.5942396051318288,"Отправляет 2 получателям (top 13.6%), 3 переводов на 220.0 тыс. KZT; выраженный fan-out. Паттерны: дроблений 1."
100000006443391100,transit,0.8333115221520219,7,0.698527528342363,"Получено 86.8 тыс., отправлено 60.0 тыс. KZT; совпадение потоков 69%, быстрое перенаправление 83%. Паттерны: циклов 2."
100000006444163100,terminal,0.6082072953736654,0,0.3945602446918466,"Получено 6.0 тыс. KZT от 1 отправителей, исходящий поток 0 KZT; средства преимущественно остаются."
100000006445501100,terminal,0.7571174377224199,9,0.49680327236925564,"Получено 91.0 тыс. KZT от 1 отправителей, исходящий поток 0 KZT; средства преимущественно остаются."
100000006446271100,terminal,0.8303158362989324,2,0.5423358294809268,"Получено 80.0 тыс. KZT от 2 отправителей, исходящий поток 0 KZT; средства преимущественно остаются."
100000006471232100,terminal,0.7101023131672598,1,0.3992846955424046,"Получено 41.8 тыс. KZT от 1 отправителей, исходящий поток 0 KZT; средства преимущественно остаются."
100000006476758100,terminal,0.6042170818505338,9,0.401389051738892,"Получено 5.2 тыс. KZT от 1 отправителей, исходящий поток 0 KZT; средства преимущественно остаются."
100000006490557100,terminal,0.6005160142348754,6,0.36024779799085854,"Получено 5.0 тыс. KZT от 1 отправителей, исходящий поток 0 KZT; средства преимущественно остаются."
100000006490615100,consolidator,0.4473532028469751,13,0.4207785618896829,"Получает от 1 отправителей (top 59.0%), вход 41.6 тыс. KZT; наблюдаемый остаток 100%. Паттерны: повторных маршрутов 1. Граница depth=4: исходящий поток может быть усечён."
100000006491272100,terminal,0.682517793594306,1,0.38386769589421715,"Получено 26.2 тыс. KZT от 1 отправителей, исходящий поток 0 KZT; средства преимущественно остаются."
100000006491963100,consolidator,0.4674999999999999,19,0.32176265219944045,"Получает от 1 отправителей (top 59.0%), вход 16.0 тыс. KZT; наблюдаемый остаток 100%. Граница depth=4: исходящий поток может быть усечён."
100000006492770100,distributor,0.6150934163701068,0,0.5521728797506399,"Отправляет 1 получателям (top 23.8%), 1 переводов на 20.0 тыс. KZT; выраженный fan-out."
100000006512787100,coordinator,0.4420355871886121,0,0.38286093971263896,"Betweenness top 63.3%, PageRank top 20.3%; межкластерных связей 0, близость к seed 0.29. Граница depth=4: исходящий поток может быть усечён."
100000006518161100,transit,0.9857727675870984,5,0.845058463583235,"Получено 594.2 тыс., отправлено 595.9 тыс. KZT; совпадение потоков 100%, быстрое перенаправление 91%. Паттерны: циклов 1, повторных маршрутов 2, цепочек A→B→C 2."
100000006522972100,terminal,0.6174599644128113,4,0.383841956396512,"Получено 9.5 тыс. KZT от 1 отправителей, исходящий поток 0 KZT; средства преимущественно остаются."
100000006523053100,terminal,0.6005160142348754,2,0.4168857589622714,"Получено 5.0 тыс. KZT от 1 отправителей, исходящий поток 0 KZT; средства преимущественно остаются."
100000006527156100,consolidator,0.4538389679715302,46,0.3244949837468966,"Получает от 1 отправителей (top 59.0%), вход 48.5 тыс. KZT; наблюдаемый остаток 100%. Граница depth=4: исходящий поток может быть усечён."
100000006530134100,terminal,0.8620062277580071,4,0.5015021623421435,"Получено 144.7 тыс. KZT от 2 отправителей, исходящий поток 0 KZT; средства преимущественно остаются."
100000006532229100,terminal,0.7673532028469751,10,0.4391074074934578,"Получено 105.0 тыс. KZT от 1 отправителей, исходящий поток 0 KZT; средства преимущественно остаются."
100000006534886100,transit,0.7698325011950922,5,0.6522959943125626,"Получено 71.7 тыс., отправлено 167.5 тыс. KZT; совпадение потоков 43%, быстрое перенаправление 25%. Паттерны: циклов 1, повторных маршрутов 2."
100000006557763100,terminal,0.6222019572953736,2,0.41025506501209347,"Получено 10.0 тыс. KZT от 1 отправителей, исходящий поток 0 KZT; средства преимущественно остаются."
100000006562026100,terminal,0.8270774021352313,53,0.5172381029945535,"Получено 75.0 тыс. KZT от 2 отправителей, исходящий поток 0 KZT; средства преимущественно остаются."
100000006564102100,terminal,0.804826512455516,2,0.5020185234397868,"Получено 233.2 тыс. KZT от 1 отправителей, исходящий поток 0 KZT; средства преимущественно остаются."
100000006567935100,terminal,0.798291814946619,30,0.43271978863366767,"Получено 200.0 тыс. KZT от 1 отправителей, исходящий поток 0 KZT; средства преимущественно остаются."
100000006573438100,terminal,0.6005160142348754,41,0.3453681628413128,"Получено 5.0 тыс. KZT от 1 отправителей, исходящий поток 0 KZT; средства преимущественно остаются."
100000006579678100,distributor,0.8945062277580073,5,0.7824242554913218,"Отправляет 6 получателям (top 4.3%), 15 переводов на 1.67 млн KZT; выраженный fan-out. Паттерны: циклов 2, дроблений 1."
100000006595426100,terminal,0.7526645907473309,0,0.463338854532182,"Получено 84.8 тыс. KZT от 1 отправителей, исходящий поток 0 KZT; средства преимущественно остаются."
100000006612238100,distributor,0.7023650652431791,1,0.5616853492438552,"Отправляет 1 получателям (top 23.8%), 1 переводов на 25.0 тыс. KZT; выраженный fan-out. Паттерны: циклов 1."
100000006638021100,consolidator,0.620911921708185,47,0.40945594875212316,"Получает от 2 отправителей (top 14.3%), вход 388.5 тыс. KZT; наблюдаемый остаток 100%. Граница depth=4: исходящий поток может быть усечён."
100000006641671100,transit,0.9575542704626334,3,0.5951313365308595,"Получено 22.0 тыс., отправлено 25.0 тыс. KZT; совпадение потоков 88%, быстрое перенаправление 100%."
100000006656003100,transit,0.7570542704626334,1,0.5699055234358943,"Получено 20.0 тыс., отправлено 9.0 тыс. KZT; совпадение потоков 45%, быстрое перенаправление 100%. Паттерны: циклов 1."
100000006658598100,terminal,0.6160720640569394,5,0.44010768125504995,"Получено 9.0 тыс. KZT от 1 отправителей, исходящий поток 0 KZT; средства преимущественно остаются."
100000006664478100,transit,0.8929804270462632,27,0.5637133541369493,"Получено 55.0 тыс., отправлено 60.0 тыс. KZT; совпадение потоков 92%, быстрое перенаправление 50%."
100000006679055100,terminal,0.6769661921708184,2,0.4312394956170757,"Получено 25.0 тыс. KZT от 1 отправителей, исходящий поток 0 KZT; средства преимущественно остаются."
100000006684930100,terminal,0.6222019572953736,13,0.38526067488265,"Получено 10.0 тыс. KZT от 1 отправителей, исходящий поток 0 KZT; средства преимущественно остаются."
100000006687202100,terminal,0.7236343416370107,0,0.49444970319843917,"Получено 50.0 тыс. KZT от 1 отправителей, исходящий поток 0 KZT; средства преимущественно остаются."
100000006689603100,consolidator,0.6170462633451957,3,0.42331384470583755,"Получает от 1 отправителей (top 59.0%), вход 400.0 тыс. KZT; наблюдаемый остаток 100%. Граница depth=4: исходящий поток может быть усечён."
100000006693788100,coordinator,0.4443042704626335,0,0.3791394094635286,"Betweenness top 63.3%, PageRank top 19.0%; межкластерных связей 0, близость к seed 0.29. Граница depth=4: исходящий поток может быть усечён."
100000006701983100,terminal,0.6844261565836299,1,0.38495001630069586,"Получено 27.0 тыс. KZT от 1 отправителей, исходящий поток 0 KZT; средства преимущественно остаются."
100000006704530100,distributor,0.8234564056939503,26,0.5838775568078324,"Отправляет 3 получателям (top 8.9%), 5 переводов на 428.0 тыс. KZT; выраженный fan-out."
100000006706519100,consolidator,0.4258451957295374,0,0.3794087316237672,"Получает от 1 отправителей (top 59.0%), вход 36.0 тыс. KZT; наблюдаемый остаток 100%. Граница depth=4: исходящий поток может быть усечён."
100000006707582100,distributor,0.9338589857651245,9,0.7716825187269858,"Отправляет 14 получателям (top 2.0%), 15 переводов на 961.1 тыс. KZT; выраженный fan-out. Паттерны: циклов 1, дроблений 1."
100000006710485100,terminal,0.6599644128113878,1,0.3729664577848035,"Получено 20.0 тыс. KZT от 1 отправителей, исходящий поток 0 KZT; средства преимущественно остаются."
100000006714366100,transit,0.7683161752245382,13,0.521425836879029,"Получено 10.5 тыс., отправлено 5.0 тыс. KZT; совпадение потоков 48%, быстрое перенаправление 100%."
100000006734214100,coordinator,0.8495640569395018,4,0.7021223392125006,"Betweenness top 8.8%, PageRank top 11.5%; межкластерных связей 3, близость к seed 0.32. Паттерны: повторных маршрутов 1."
100000006734554100,transit,0.6723861209964413,29,0.525656920485269,"Получено 16.5 тыс., отправлено 25.0 тыс. KZT; совпадение потоков 66%, быстрое перенаправление 0%."
100000006735545100,consolidator,0.45135231316725977,3,0.33600358333236446,"Получает от 1 отправителей (top 59.0%), вход 5.0 тыс. KZT; наблюдаемый остаток 100%. Граница depth=4: исходящий поток может быть усечён."
100000006745291100,terminal,0.7517393238434164,9,0.4935451310458949,"Получено 82.5 тыс. KZT от 1 отправителей, исходящий поток 0 KZT; средства преимущественно остаются."
100000006746688100,terminal,0.7092348754448398,1,0.39856656874105684,"Получено 41.0 тыс. KZT от 1 отправителей, исходящий поток 0 KZT; средства преимущественно остаются."
100000006755850100,terminal,0.828767793594306,4,0.4815865157677435,"Получено 443.5 тыс. KZT от 1 отправителей, исходящий поток 0 KZT; средства преимущественно остаются."
100000006756956100,consolidator,0.5791681494661921,0,0.422875246002915,"Получает от 1 отправителей (top 59.0%), вход 121.2 тыс. KZT; наблюдаемый остаток 100%. Граница depth=4: исходящий поток может быть усечён."
100000006787636100,terminal,0.6599644128113878,54,0.36690426038966967,"Получено 20.0 тыс. KZT от 1 отправителей, исходящий поток 0 KZT; средства преимущественно остаются."
100000006788200100,coordinator,0.8501245551601423,6,0.7007215309740774,"Betweenness top 6.9%, PageRank top 40.5%; межкластерных связей 3, близость к seed 0.68."
100000006789108100,terminal,0.7036832740213522,9,0.46580663618794194,"Получено 37.5 тыс. KZT от 1 отправителей, исходящий поток 0 KZT; средства преимущественно остаются."
100000006831291100,distributor,0.8492793594306052,53,0.5317149433693696,"Отправляет 1 получателям (top 23.8%), 3 переводов на 15.0 тыс. KZT; выраженный fan-out."
100000006844004100,terminal,0.6640702846975088,0,0.42665810946052984,"Получено 20.6 тыс. KZT от 1 отправителей, исходящий поток 0 KZT; средства преимущественно остаются."
100000006844768100,distributor,0.8249740510083038,0,0.72128897426551,"Отправляет 2 получателям (top 13.6%), 5 переводов на 188.0 тыс. KZT; выраженный fan-out. Паттерны: циклов 1, повторных маршрутов 1."
100000006852430100,terminal,0.702873665480427,9,0.43770307083189647,"Получено 37.0 тыс. KZT от 1 отправителей, исходящий поток 0 KZT; средства преимущественно остаются."
100000006866783100,transit,0.9828692170818506,0,0.9526438062810966,"Seed с неполным входящим потоком; отправлено 3.95 млн KZT 67 получателям, быстрое перенаправление 89%. Паттерны: циклов 886, повторных маршрутов 5, дроблений 7, синхронных дней 4."
100000006866831100,coordinator,0.4191218861209965,3,0.35026651927542496,"Betweenness top 63.3%, PageRank top 33.8%; межкластерных связей 0, близость к seed 0.29. Граница depth=4: исходящий поток может быть усечён."
100000006882208100,terminal,0.6531405693950177,5,0.440435850847257,"Получено 18.0 тыс. KZT от 1 отправителей, исходящий поток 0 KZT; средства преимущественно остаются."
100000006888238100,transit,0.6543861209964413,59,0.47838748563862,"Получено 18.0 тыс., отправлено 30.0 тыс. KZT; совпадение потоков 60%, быстрое перенаправление 0%."
100000006889963100,consolidator,0.885964238518063,4,0.7602477163888265,"Получает от 4 отправителей (top 3.1%), вход 1.43 млн KZT; наблюдаемый остаток 69%. Паттерны: дроблений 1, синхронных дней 1."
100000006894637100,terminal,0.7289546263345196,0,0.42952442679541475,"Получено 52.8 тыс. KZT от 1 отправителей, исходящий поток 0 KZT; средства преимущественно остаются."
100000006901046100,distributor,0.7092155990510083,5,0.5781816430329375,"Отправляет 1 получателям (top 23.8%), 1 переводов на 5.5 тыс. KZT; выраженный fan-out. Паттерны: циклов 1."
100000006903193100,consolidator,0.4618016014234876,0,0.3669503169368383,"Получает от 1 отправителей (top 59.0%), вход 9.0 тыс. KZT; наблюдаемый остаток 100%. Граница depth=4: исходящий поток может быть усечён."
100000006912294100,distributor,0.7811840154211152,7,0.5698254722074105,"Отправляет 2 получателям (top 13.6%), 2 переводов на 30.0 тыс. KZT; выраженный fan-out. Паттерны: циклов 1."
100000006918814100,consolidator,0.49656583629893236,2,0.3900807703801921,"Получает от 1 отправителей (top 59.0%), вход 20.0 тыс. KZT; наблюдаемый остаток 100%. Граница depth=4: исходящий поток может быть усечён."
100000006919124100,terminal,0.6769661921708184,0,0.404289577398232,"Получено 25.0 тыс. KZT от 1 отправителей, исходящий поток 0 KZT; средства преимущественно остаются."
100000006952718100,terminal,0.7449154804270463,5,0.5005173033673607,"Получено 71.5 тыс. KZT от 1 отправителей, исходящий поток 0 KZT; средства преимущественно остаются."
100000006965162100,terminal,0.6222019572953736,28,0.35323252774686986,"Получено 10.0 тыс. KZT от 1 отправителей, исходящий поток 0 KZT; средства преимущественно остаются."
100000006967370100,transit,0.7386120913806168,16,0.5182064874097682,"Получено 33.2 тыс., отправлено 13.5 тыс. KZT; совпадение потоков 41%, быстрое перенаправление 100%."
100000006972210100,terminal,0.9268416370106761,7,0.6137646129354691,"Получено 488.8 тыс. KZT от 3 отправителей, исходящий поток 0 KZT; средства преимущественно остаются."
100000006977207100,distributor,0.9296938018979835,3,0.6502171896756862,"Отправляет 15 получателям (top 1.8%), 15 переводов на 4.16 млн KZT; выраженный fan-out."
100000006989106100,terminal,0.738612099644128,6,0.4593116608184224,"Получено 64.0 тыс. KZT от 1 отправителей, исходящий поток 0 KZT; средства преимущественно остаются."
100000006989232100,terminal,0.66730871886121,0,0.39910899914024517,"Получено 22.2 тыс. KZT от 1 отправителей, исходящий поток 0 KZT; средства преимущественно остаются."
100000006994985100,transit,0.6539872601533551,6,0.5572104073580936,"Получено 48.5 тыс., отправлено 10.2 тыс. KZT; совпадение потоков 21%, быстрое перенаправление 100%."
100000007005380100,terminal,0.616997330960854,4,0.3833586823751597,"Получено 9.4 тыс. KZT от 1 отправителей, исходящий поток 0 KZT; средства преимущественно остаются."
100000007018630100,distributor,0.7982250889679714,61,0.546015815079872,"Отправляет 1 получателям (top 23.8%), 5 переводов на 200.0 тыс. KZT; выраженный fan-out. Паттерны: повторных маршрутов 1."
100000007020162100,terminal,0.7539368327402135,14,0.42566341081114195,"Получено 86.4 тыс. KZT от 1 отправителей, исходящий поток 0 KZT; средства преимущественно остаются."
100000007022818100,terminal,0.6491503558718861,1,0.3677868314502839,"Получено 17.2 тыс. KZT от 1 отправителей, исходящий поток 0 KZT; средства преимущественно остаются."
100000007034089100,consolidator,0.6518638790035587,7,0.4377416253314829,"Получает от 2 отправителей (top 14.3%), вход 198.0 тыс. KZT; наблюдаемый остаток 100%. Граница depth=4: исходящий поток может быть усечён."
100000007042175100,consolidator,0.449306049822064,0,0.39868977062540223,"Получает от 1 отправителей (top 59.0%), вход 60.0 тыс. KZT; наблюдаемый остаток 100%. Граница depth=4: исходящий поток может быть усечён."
100000007055802100,consolidator,0.9037039480165208,0,0.8551319707407071,"Получает от 6 отправителей (top 1.2%), вход 2.02 млн KZT; наблюдаемый остаток 70%. Паттерны: циклов 1, повторных маршрутов 4, цепочек A→B→C 2, дроблений 6, синхронных дней 3."
100000007071852100,consolidator,0.584826512455516,3,0.42511464060850185,"Получает от 1 отправителей (top 59.0%), вход 195.0 тыс. KZT; наблюдаемый остаток 100%. Граница depth=4: исходящий поток может быть усечён."
100000007129492100,transit,0.8755762355538278,9,0.6708350652949113,"Получено 51.0 тыс., отправлено 37.0 тыс. KZT; совпадение потоков 73%, быстрое перенаправление 100%."
100000007131370100,transit,0.7743861209964413,15,0.5608382342106069,"Получено 30.0 тыс., отправлено 30.0 тыс. KZT; совпадение потоков 100%, быстрое перенаправление 0%. Паттерны: циклов 1."
100000007138613100,coordinator,0.780278024911032,0,0.6283375420444575,"Betweenness top 11.5%, PageRank top 36.7%; межкластерных связей 1, близость к seed 0.32."
100000007140834100,terminal,0.6265391459074733,6,0.4234475770214387,"Получено 10.2 тыс. KZT от 1 отправителей, исходящий поток 0 KZT; средства преимущественно остаются."
100000007153161100,coordinator,0.44316992882562284,0,0.3922393361250656,"Betweenness top 63.3%, PageRank top 19.7%; межкластерных связей 0, близость к seed 0.29. Граница depth=4: исходящий поток может быть усечён."
100000007170072100,transit,0.8922361209964412,3,0.5786765630658486,"Получено 100.0 тыс., отправлено 99.5 тыс. KZT; совпадение потоков 100%, быстрое перенаправление 0%. Паттерны: дроблений 1."
100000007173936100,terminal,0.6222019572953736,30,0.3396051412703548,"Получено 10.0 тыс. KZT от 1 отправителей, исходящий поток 0 KZT; средства преимущественно остаются."
100000007175718100,terminal,0.6599644128113878,45,0.41995929538824767,"Получено 20.0 тыс. KZT от 1 отправителей, исходящий поток 0 KZT; средства преимущественно остаются."
100000007181706100,terminal,0.8710275800711743,2,0.5959830115335234,"Получено 176.3 тыс. KZT от 2 отправителей, исходящий поток 0 KZT; средства преимущественно остаются."
100000007197866100,transit,0.8860542704626335,3,0.5407669174950964,"Получено 20.0 тыс., отправлено 15.0 тыс. KZT; совпадение потоков 75%, быстрое перенаправление 100%."
100000007229557100,terminal,0.9389857651245551,17,0.5352550579690906,"Получено 878.0 тыс. KZT от 3 отправителей, исходящий поток 0 KZT; средства преимущественно остаются. Паттерны: дроблений 1, синхронных дней 1."
100000007242833100,transit,0.7435542704626334,11,0.5672888285128277,"Получено 107.5 тыс., отправлено 45.0 тыс. KZT; совпадение потоков 42%, быстрое перенаправление 100%."
100000007267915100,coordinator,0.6928069395017794,16,0.5146155054459194,"Betweenness top 23.0%, PageRank top 78.1%; межкластерных связей 2, близость к seed 0.32."
100000007274584100,terminal,0.7043772241992882,2,0.487734007522425,"Получено 38.0 тыс. KZT от 1 отправителей, исходящий поток 0 KZT; средства преимущественно остаются."
100000007281639100,terminal,0.8821307829181494,5,0.5928704406193058,"Получено 216.8 тыс. KZT от 2 отправителей, исходящий поток 0 KZT; средства преимущественно остаются."
100000007283257100,terminal,0.7951112099644128,65,0.4838629358502647,"Получено 192.0 тыс. KZT от 1 отправителей, исходящий поток 0 KZT; средства преимущественно остаются."
100000007289427100,terminal,0.6315702846975089,2,0.41655132835728914,"Получено 12.3 тыс. KZT от 1 отправителей, исходящий поток 0 KZT; средства преимущественно остаются."
100000007303047100,terminal,0.7284919928825623,1,0.408955892246192,"Получено 52.2 тыс. KZT от 1 отправителей, исходящий поток 0 KZT; средства преимущественно остаются."
100000007311010100,coordinator,0.6713523131672599,2,0.6027603737085642,"Betweenness top 13.4%, PageRank top 53.2%; межкластерных связей 0, близость к seed 0.68."
100000007322059100,transit,0.8216011167014359,32,0.562227250534336,"Получено 29.0 тыс., отправлено 22.5 тыс. KZT; совпадение потоков 78%, быстрое перенаправление 50%. Паттерны: циклов 1."
100000007330432100,consolidator,0.5753870106761565,70,0.3885052251177696,"Получает от 1 отправителей (top 59.0%), вход 584.9 тыс. KZT; наблюдаемый остаток 100%. Граница depth=4: исходящий поток может быть усечён."
100000007333038100,distributor,0.6900645017793595,12,0.47396748302887526,"Отправляет 2 получателям (top 13.6%), 2 переводов на 35.0 тыс. KZT; выраженный fan-out."
100000007334196100,terminal,0.7840080071174377,9,0.5132594367941306,"Получено 150.0 тыс. KZT от 1 отправителей, исходящий поток 0 KZT; средства преимущественно остаются."
100000007337374100,terminal,0.6599644128113878,1,0.38680529085386733,"Получено 20.0 тыс. KZT от 1 отправителей, исходящий поток 0 KZT; средства преимущественно остаются."
100000007347733100,terminal,0.6690435943060498,53,0.4404070105734183,"Получено 23.0 тыс. KZT от 1 отправителей, исходящий поток 0 KZT; средства преимущественно остаются."
100000007357489100,consolidator,0.6454581850533808,7,0.43124059859300073,"Получает от 2 отправителей (top 14.3%), вход 164.5 тыс. KZT; наблюдаемый остаток 100%. Граница depth=4: исходящий поток может быть усечён."
100000007381662100,consolidator,0.47090747330960847,0,0.36599560163434713,"Получает от 1 отправителей (top 59.0%), вход 11.0 тыс. KZT; наблюдаемый остаток 100%. Граница depth=4: исходящий поток может быть усечён."
100000007382152100,terminal,0.6068193950177935,0,0.37389854395308125,"Получено 5.9 тыс. KZT от 1 отправителей, исходящий поток 0 KZT; средства преимущественно остаются."
100000007382543100,coordinator,0.8456450177935942,28,0.6829074123994072,"Betweenness top 4.0%, PageRank top 3.7%; межкластерных связей 1, близость к seed 0.36. Паттерны: циклов 2."
100000007390016100,transit,0.8108750374327083,71,0.6180715111767684,"Получено 511.0 тыс., отправлено 346.5 тыс. KZT; совпадение потоков 68%, быстрое перенаправление 71%. Паттерны: циклов 1, повторных маршрутов 1."
100000007392365100,distributor,0.8737496822572446,40,0.542620387437431,"Отправляет 6 получателям (top 4.3%), 9 переводов на 1.77 млн KZT; выраженный fan-out."
100000007442518100,coordinator,0.910302491103203,30,0.8035060337072547,"Betweenness top 3.9%, PageRank top 10.2%; межкластерных связей 5, близость к seed 0.68. Паттерны: циклов 1, повторных маршрутов 1."
100000007472293100,distributor,0.8157695729537368,47,0.5069963490316532,"Отправляет 3 получателям (top 8.9%), 3 переводов на 345.9 тыс. KZT; выраженный fan-out."
100000007484343100,terminal,0.7641592526690392,0,0.435599619277452,"Получено 26.8 тыс. KZT от 2 отправителей, исходящий поток 0 KZT; средства преимущественно остаются."
100000007487729100,terminal,0.6769661921708184,0,0.4121477624516128,"Получено 25.0 тыс. KZT от 1 отправителей, исходящий поток 0 KZT; средства преимущественно остаются."
100000007507343100,terminal,0.8228692170818505,52,0.5214311279859534,"Получено 370.0 тыс. KZT от 1 отправителей, исходящий поток 0 KZT; средства преимущественно остаются."
100000007510567100,consolidator,0.5209074733096085,8,0.36980819480365734,"Получает от 1 отправителей (top 59.0%), вход 52.0 тыс. KZT; наблюдаемый остаток 100%. Граница depth=4: исходящий поток может быть усечён."
100000007510875100,terminal,0.6005160142348754,7,0.39145719533906415,"Получено 5.0 тыс. KZT от 1 отправителей, исходящий поток 0 KZT; средства преимущественно остаются."
100000007511163100,transit,0.926331046165846,5,0.7695875327967439,"Получено 63.7 тыс., отправлено 82.1 тыс. KZT; совпадение потоков 78%, быстрое перенаправление 100%. Паттерны: циклов 1."
100000007511780100,consolidator,0.5562188612099644,0,0.43658136074755294,"Получает от 1 отправителей (top 59.0%), вход 155.0 тыс. KZT; наблюдаемый остаток 100%. Граница depth=4: исходящий поток может быть усечён."
100000007534354100,distributor,0.8270180901542112,9,0.5880234141673867,"Отправляет 3 получателям (top 8.9%), 3 переводов на 147.8 тыс. KZT; выраженный fan-out."
100000007536804100,distributor,0.795111209964413,6,0.5997216063706636,"Отправляет 2 получателям (top 13.6%), 2 переводов на 55.0 тыс. KZT; выраженный fan-out."
100000007539296100,coordinator,0.4524715302491104,4,0.3822442480317124,"Betweenness top 63.3%, PageRank top 14.2%; межкластерных связей 0, близость к seed 0.29. Граница depth=4: исходящий поток может быть усечён."
100000007544358100,transit,0.8694045500762584,5,0.7173375889803996,"Получено 322.5 тыс., отправлено 350.0 тыс. KZT; совпадение потоков 92%, быстрое перенаправление 33%. Паттерны: повторных маршрутов 1."
100000007591246100,distributor,0.7111165480427046,13,0.5427457101781992,"Отправляет 1 получателям (top 23.8%), 1 переводов на 120.0 тыс. KZT; выраженный fan-out."
100000007593823100,distributor,0.891345640569395,0,0.7035204336630351,"Отправляет 13 получателям (top 2.1%), 21 переводов на 162.9 тыс. KZT; выраженный fan-out. Паттерны: циклов 50, повторных маршрутов 1, дроблений 2."
100000007594394100,coordinator,0.8255115658362989,18,0.7214206893073374,"Betweenness top 12.6%, PageRank top 28.9%; межкластерных связей 4, близость к seed 0.36. Паттерны: циклов 1, повторных маршрутов 1."
100000007597382100,terminal,0.6442927046263345,4,0.3765903549730245,"Получено 15.7 тыс. KZT от 1 отправителей, исходящий поток 0 KZT; средства преимущественно остаются."
100000007617808100,terminal,0.8294039145907474,5,0.4964385467438849,"Получено 450.0 тыс. KZT от 1 отправителей, исходящий поток 0 KZT; средства преимущественно остаются."
100000007618425100,terminal,0.7055916370106762,16,0.4035182929680768,"Получено 39.3 тыс. KZT от 1 отправителей, исходящий поток 0 KZT; средства преимущественно остаются."
100000007629096100,transit,0.83722043672842,0,0.7528850021233343,"Получено 1.08 млн, отправлено 765.2 тыс. KZT; совпадение потоков 71%, быстрое перенаправление 80%. Паттерны: циклов 1, повторных маршрутов 1."
100000007629121100,terminal,0.6873754448398576,2,0.4375301297160727,"Получено 29.0 тыс. KZT от 1 отправителей, исходящий поток 0 KZT; средства преимущественно остаются."
100000007631637100,terminal,0.6425578291814946,1,0.4251183593669735,"Получено 15.3 тыс. KZT от 1 отправителей, исходящий поток 0 KZT; средства преимущественно остаются."
100000007639767100,distributor,0.907117914336553,0,0.7580176352990806,"Отправляет 10 получателям (top 2.7%), 13 переводов на 822.2 тыс. KZT; выраженный fan-out. Паттерны: циклов 590, дроблений 1."
100000007641183100,terminal,0.6856983985765125,5,0.4681051901518471,"Получено 28.0 тыс. KZT от 1 отправителей, исходящий поток 0 KZT; средства преимущественно остаются."
100000007641801100,terminal,0.798291814946619,6,0.5144616675926914,"Получено 200.0 тыс. KZT от 1 отправителей, исходящий поток 0 KZT; средства преимущественно остаются."
100000007647294100,terminal,0.8240258007117437,35,0.4502003848190968,"Получено 385.0 тыс. KZT от 1 отправителей, исходящий поток 0 KZT; средства преимущественно остаются."
100000007648946100,distributor,0.7353358540925267,13,0.5944822488846278,"Отправляет 1 получателям (top 23.8%), 1 переводов на 25.0 тыс. KZT; выраженный fan-out."
100000007653003100,terminal,0.7636521352313167,16,0.4280108575459694,"Получено 100.0 тыс. KZT от 1 отправителей, исходящий поток 0 KZT; средства преимущественно остаются."
100000007653094100,coordinator,0.4545889679715303,13,0.38547413825786603,"Betweenness top 63.3%, PageRank top 12.9%; межкластерных связей 0, близость к seed 0.29. Граница depth=4: исходящий поток может быть усечён."
100000007689942100,distributor,0.7820974199288256,18,0.5772855995280034,"Отправляет 2 получателям (top 13.6%), 2 переводов на 25.0 тыс. KZT; выраженный fan-out. Паттерны: циклов 1."
100000007731977100,consolidator,0.5370862989323844,0,0.4111242120508134,"Получает от 1 отправителей (top 59.0%), вход 50.0 тыс. KZT; наблюдаемый остаток 100%. Граница depth=4: исходящий поток может быть усечён."
100000007737775100,terminal,0.6075711743772242,33,0.3439177619966059,"Получено 6.0 тыс. KZT от 1 отправителей, исходящий поток 0 KZT; средства преимущественно остаются."
100000007745062100,consolidator,0.4685631672597864,11,0.4011183599955397,"Получает от 1 отправителей (top 59.0%), вход 100.0 тыс. KZT; наблюдаемый остаток 100%. Граница depth=4: исходящий поток может быть усечён."
100000007747786100,distributor,0.9860854092526692,6,0.6566464960605847,"Отправляет 31 получателям (top 0.7%), 35 переводов на 4.24 млн KZT; выраженный fan-out. Паттерны: дроблений 1."
100000007749092100,distributor,0.7522805456702254,5,0.5934189103271859,"Отправляет 1 получателям (top 23.8%), 5 переводов на 70.4 тыс. KZT; выраженный fan-out. Паттерны: циклов 1, повторных маршрутов 1."
100000007749747100,consolidator,0.4408585409252669,10,0.3914765349947733,"Получает от 1 отправителей (top 59.0%), вход 50.0 тыс. KZT; наблюдаемый остаток 100%. Граница depth=4: исходящий поток может быть усечён."
100000007754369100,terminal,0.751623665480427,0,0.44279316960693793,"Получено 82.4 тыс. KZT от 1 отправителей, исходящий поток 0 KZT; средства преимущественно остаются."
100000007777377100,coordinator,0.8113523131672598,5,0.7011223849030567,"Betweenness top 5.5%, PageRank top 35.1%; межкластерных связей 2, близость к seed 0.36. Паттерны: повторных маршрутов 1."
100000007793871100,terminal,0.6805516014234875,9,0.46778937919515223,"Получено 26.0 тыс. KZT от 1 отправителей, исходящий поток 0 KZT; средства преимущественно остаются. Паттерны: повторных маршрутов 1."
100000007797290100,distributor,0.6180100830367735,0,0.517600919802321,"Отправляет 1 получателям (top 23.8%), 1 переводов на 20.0 тыс. KZT; выраженный fan-out."
100000007811950100,coordinator,0.4494466192170819,25,0.3612551684076239,"Betweenness top 63.3%, PageRank top 16.0%; межкластерных связей 0, близость к seed 0.29. Граница depth=4: исходящий поток может быть усечён."
100000007841978100,consolidator,0.5139635231316726,4,0.409546069951497,"Получает от 1 отправителей (top 59.0%), вход 449.0 тыс. KZT; наблюдаемый остаток 100%. Граница depth=4: исходящий поток может быть усечён."
100000007861311100,terminal,0.7136298932384341,6,0.44089034894524215,"Получено 45.0 тыс. KZT от 1 отправителей, исходящий поток 0 KZT; средства преимущественно остаются."
100000007863304100,terminal,0.6769661921708184,4,0.3882440649036092,"Получено 25.0 тыс. KZT от 1 отправителей, исходящий поток 0 KZT; средства преимущественно остаются."
100000007864477100,distributor,0.8851779359430605,0,0.6851198464671466,"Отправляет 6 получателям (top 4.3%), 10 переводов на 203.5 тыс. KZT; выраженный fan-out."
100000007865484100,consolidator,0.5472286476868327,40,0.3871837644946186,"Получает от 1 отправителей (top 59.0%), вход 584.6 тыс. KZT; наблюдаемый остаток 100%. Граница depth=4: исходящий поток может быть усечён."
100000007867364100,consolidator,0.4475133451957295,18,0.37808094817080573,"Получает от 1 отправителей (top 59.0%), вход 41.9 тыс. KZT; наблюдаемый остаток 100%. Граница depth=4: исходящий поток может быть усечён."
100000007898453100,distributor,0.8032258303677343,2,0.6325145767788962,"Отправляет 2 получателям (top 13.6%), 2 переводов на 320.0 тыс. KZT; выраженный fan-out. Паттерны: циклов 1."
100000007908818100,coordinator,0.8622153024911032,2,0.7969271736444183,"Betweenness top 4.7%, PageRank top 24.2%; межкластерных связей 2, близость к seed 0.74. Паттерны: повторных маршрутов 2, дроблений 1."
100000007930878100,terminal,0.6005160142348754,43,0.37884146855516965,"Получено 5.0 тыс. KZT от 1 отправителей, исходящий поток 0 KZT; средства преимущественно остаются."
100000007938486100,terminal,0.70576512455516,1,0.4573749105763348,"Получено 39.5 тыс. KZT от 1 отправителей, исходящий поток 0 KZT; средства преимущественно остаются."
100000007939160100,distributor,0.7855960854092527,43,0.6518690407169422,"Отправляет 2 получателям (top 13.6%), 2 переводов на 14.3 тыс. KZT; выраженный fan-out. Паттерны: циклов 1."
100000007953156100,distributor,0.6149629300118624,14,0.48894875568529933,"Отправляет 1 получателям (top 23.8%), 1 переводов на 10.0 тыс. KZT; выраженный fan-out."
100000007960337100,consolidator,0.4411877224199289,3,0.3462120148510718,"Получает от 1 отправителей (top 59.0%), вход 35.5 тыс. KZT; наблюдаемый остаток 100%. Граница depth=4: исходящий поток может быть усечён."
100000007982728100,distributor,0.9765258007117439,6,0.6491626209685595,"Отправляет 8 получателям (top 3.2%), 12 переводов на 1.80 млн KZT; выраженный fan-out."
100000007982908100,terminal,0.6941414590747331,1,0.4041342377966043,"Получено 31.1 тыс. KZT от 1 отправителей, исходящий поток 0 KZT; средства преимущественно остаются."
100000007988344100,coordinator,0.42328113879003565,0,0.3720716158692226,"Betweenness top 63.3%, PageRank top 31.4%; межкластерных связей 0, близость к seed 0.29. Граница depth=4: исходящий поток может быть усечён."
100000007997939100,coordinator,0.4156432384341637,7,0.3605774633135932,"Betweenness top 63.3%, PageRank top 35.9%; межкластерных связей 0, близость к seed 0.29. Граница depth=4: исходящий поток может быть усечён."
100000007998965100,coordinator,0.7807695729537366,9,0.6648468491398873,"Betweenness top 15.8%, PageRank top 24.3%; межкластерных связей 3, близость к seed 0.36. Паттерны: повторных маршрутов 1."
100000007999728100,terminal,0.669506227758007,14,0.37854590813871997,"Получено 23.2 тыс. KZT от 1 отправителей, исходящий поток 0 KZT; средства преимущественно остаются."
100000008002020100,coordinator,0.7046374555160143,11,0.5909707785244341,"Betweenness top 23.2%, PageRank top 65.3%; межкластерных связей 1, близость к seed 0.68."
100000008003034100,distributor,0.874278024911032,13,0.6873633252980549,"Отправляет 4 получателям (top 6.5%), 4 переводов на 135.0 тыс. KZT; выраженный fan-out. Паттерны: циклов 1."
100000008008463100,terminal,0.7310364768683274,6,0.43921849517623535,"Получено 54.2 тыс. KZT от 1 отправителей, исходящий поток 0 KZT; средства преимущественно остаются."
100000008011159100,coordinator,0.8396307829181494,41,0.7073111586399399,"Betweenness top 5.9%, PageRank top 23.3%; межкластерных связей 3, близость к seed 0.36. Паттерны: циклов 1, повторных маршрутов 1."
100000008011573100,terminal,0.6401290035587188,16,0.3692078454896254,"Получено 15.0 тыс. KZT от 1 отправителей, исходящий поток 0 KZT; средства преимущественно остаются."
100000008027922100,consolidator,0.4543505338078292,22,0.36949539712956087,"Получает от 1 отправителей (top 59.0%), вход 70.0 тыс. KZT; наблюдаемый остаток 100%. Граница depth=4: исходящий поток может быть усечён."
100000008028628100,terminal,0.7338122775800712,1,0.4723262745005763,"Получено 57.2 тыс. KZT от 1 отправителей, исходящий поток 0 KZT; средства преимущественно остаются."
100000008029279100,terminal,0.6476467971530249,3,0.38060968546459695,"Получено 17.0 тыс. KZT от 1 отправителей, исходящий поток 0 KZT; средства преимущественно остаются."
100000008038077100,terminal,0.833047153024911,4,0.47178424561345855,"Получено 499.9 тыс. KZT от 1 отправителей, исходящий поток 0 KZT; средства преимущественно остаются."
100000008042075100,terminal,0.6005160142348754,23,0.3553726190612494,"Получено 5.0 тыс. KZT от 1 отправителей, исходящий поток 0 KZT; средства преимущественно остаются."
100000008043184100,terminal,0.7262944839857651,16,0.4055028639597822,"Получено 50.6 тыс. KZT от 1 отправителей, исходящий поток 0 KZT; средства преимущественно остаются."
100000008050986100,consolidator,0.49326067615658364,4,0.37294788417675434,"Получает от 1 отправителей (top 59.0%), вход 95.0 тыс. KZT; наблюдаемый остаток 100%. Граница depth=4: исходящий поток может быть усечён."
100000008055972100,terminal,0.6862188612099643,1,0.3860319104727863,"Получено 28.3 тыс. KZT от 1 отправителей, исходящий поток 0 KZT; средства преимущественно остаются."
100000008060273100,terminal,0.6222019572953736,2,0.39273762728967354,"Получено 10.0 тыс. KZT от 1 отправителей, исходящий поток 0 KZT; средства преимущественно остаются."
100000008066326100,terminal,0.6560898576512455,0,0.4597312743878957,"Получено 19.3 тыс. KZT от 1 отправителей, исходящий поток 0 KZT; средства преимущественно остаются."
100000008070101100,terminal,0.7636521352313167,7,0.4270562038366894,"Получено 100.0 тыс. KZT от 1 отправителей, исходящий поток 0 KZT; средства преимущественно остаются."
100000008071620100,terminal,0.7165791814946619,0,0.49088995102701755,"Получено 47.0 тыс. KZT от 1 отправителей, исходящий поток 0 KZT; средства преимущественно остаются."
100000008071749100,consolidator,0.48427491103202847,8,0.34493518456031796,"Получает от 1 отправителей (top 59.0%), вход 24.9 тыс. KZT; наблюдаемый остаток 100%. Граница depth=4: исходящий поток может быть усечён."
100000008074304100,coordinator,0.4058879003558719,4,0.33785546280520484,"Betweenness top 63.3%, PageRank top 41.6%; межкластерных связей 0, близость к seed 0.29. Граница depth=4: исходящий поток может быть усечён."
100000008077552100,terminal,0.8011832740213524,3,0.4664451951868004,"Получено 214.0 тыс. KZT от 1 отправителей, исходящий поток 0 KZT; средства преимущественно остаются."
100000008086440100,distributor,0.874174822064057,0,0.6814929665156781,"Отправляет 5 получателям (top 5.3%), 6 переводов на 161.3 тыс. KZT; выраженный fan-out. Паттерны: циклов 82."
100000008088082100,transit,0.7092141209964413,13,0.5238953554986868,"Получено 39.1 тыс., отправлено 50.0 тыс. KZT; совпадение потоков 78%, быстрое перенаправление 0%."
100000008094734100,terminal,0.9063211743772243,0,0.6124030187633104,"Получено 236.2 тыс. KZT от 4 отправителей, исходящий поток 0 KZT; средства преимущественно остаются."
100000008097580100,terminal,0.7760720640569395,3,0.4881826331121891,"Получено 32.0 тыс. KZT от 2 отправителей, исходящий поток 0 KZT; средства преимущественно остаются."
100000008104567100,coordinator,0.8890925266903914,8,0.7166132080408729,"Betweenness top 0.9%, PageRank top 17.4%; межкластерных связей 3, близость к seed 0.60. Паттерны: циклов 1."
100000008106997100,transit,0.8123744951817347,0,0.5988335780453536,"Получено 35.6 тыс., отправлено 20.6 тыс. KZT; совпадение потоков 58%, быстрое перенаправление 100%."
100000008111003100,coordinator,0.8438567615658362,0,0.7104905917896757,"Betweenness top 1.9%, PageRank top 24.5%; межкластерных связей 4, близость к seed 0.36. Паттерны: циклов 104."
100000008116374100,terminal,0.6946040925266904,5,0.4725131972692848,"Получено 31.3 тыс. KZT от 1 отправителей, исходящий поток 0 KZT; средства преимущественно остаются."
100000008117324100,peripheral,0.6317148576512455,86,0.3180261249614364,"Периферийный узел: входящих/исходящих связей 0/0, оборот 0 KZT; сильной структурной роли нет."
100000008121806100,distributor,0.85842615658363,3,0.6436886129488106,"Отправляет 4 получателям (top 6.5%), 6 переводов на 248.5 тыс. KZT; выраженный fan-out. Паттерны: циклов 12."
100000008129393100,terminal,0.6222019572953736,53,0.41589081840259984,"Получено 10.0 тыс. KZT от 1 отправителей, исходящий поток 0 KZT; средства преимущественно остаются."
100000008130868100,coordinator,0.4333389679715303,12,0.3582372106836609,"Betweenness top 63.3%, PageRank top 25.4%; межкластерных связей 0, близость к seed 0.29. Граница depth=4: исходящий поток может быть усечён."
100000008136608100,consolidator,0.4866192170818505,8,0.39625960747077293,"Получает от 1 отправителей (top 59.0%), вход 170.0 тыс. KZT; наблюдаемый остаток 100%. Граница depth=4: исходящий поток может быть усечён."
100000008137435100,distributor,0.901570284697509,22,0.7351064503153597,"Отправляет 6 получателям (top 4.3%), 7 переводов на 1.42 млн KZT; выраженный fan-out. Паттерны: циклов 14."
100000008141170100,terminal,0.6280427046263345,5,0.42933126754621415,"Получено 11.0 тыс. KZT от 1 отправителей, исходящий поток 0 KZT; средства преимущественно остаются."
100000008144528100,terminal,0.9487722419928825,5,0.5782225810369938,"Получено 1.07 млн KZT от 5 отправителей, исходящий поток 0 KZT; средства преимущественно остаются."
100000008151098100,consolidator,0.4339012455516015,26,0.3343860136244923,"Получает от 1 отправителей (top 59.0%), вход 30.0 тыс. KZT; наблюдаемый остаток 100%. Граница depth=4: исходящий поток может быть усечён."
100000008165763100,transit,0.9356802531839379,2,0.8111073140180683,"Получено 1.17 млн, отправлено 1.27 млн KZT; совпадение потоков 92%, быстрое перенаправление 73%. Паттерны: дроблений 4, синхронных дней 3."
100000008168850100,consolidator,0.4895418149466192,4,0.4006992415394551,"Получает от 1 отправителей (top 59.0%), вход 187.9 тыс. KZT; наблюдаемый остаток 100%. Граница depth=4: исходящий поток может быть усечён."
100000008169544100,distributor,0.8818636565836299,5,0.7555414479031152,"Отправляет 4 получателям (top 6.5%), 7 переводов на 42.8 тыс. KZT; выраженный fan-out. Паттерны: циклов 4."
100000008172352100,distributor,0.8658331850533809,32,0.673143813396101,"Отправляет 7 получателям (top 3.7%), 8 переводов на 289.5 тыс. KZT; выраженный fan-out."
100000008172721100,consolidator,0.5088567615658363,3,0.39423434821646564,"Получает от 1 отправителей (top 59.0%), вход 168.3 тыс. KZT; наблюдаемый остаток 100%. Граница depth=4: исходящий поток может быть усечён."
100000008173359100,terminal,0.6085542704626333,5,0.43685056381732745,"Получено 6.1 тыс. KZT от 1 отправителей, исходящий поток 0 KZT; средства преимущественно остаются."
100000008174521100,terminal,0.7513923487544484,5,0.4698550381706076,"Получено 82.1 тыс. KZT от 1 отправителей, исходящий поток 0 KZT; средства преимущественно остаются."
100000008175078100,consolidator,0.5586610320284697,36,0.43725255193013196,"Получает от 1 отправителей (top 59.0%), вход 1.85 млн KZT; наблюдаемый остаток 100%. Паттерны: повторных маршрутов 1. Граница depth=4: исходящий поток может быть усечён."
100000008183752100,consolidator,0.47957295373665476,17,0.38706041760249943,"Получает от 1 отправителей (top 59.0%), вход 140.0 тыс. KZT; наблюдаемый остаток 100%. Граница depth=4: исходящий поток может быть усечён."
100000008188026100,distributor,0.8391125444839858,15,0.7320956287716135,"Отправляет 4 получателям (top 6.5%), 4 переводов на 338.0 тыс. KZT; выраженный fan-out. Паттерны: циклов 3, повторных маршрутов 1."
100000008190411100,consolidator,0.5464813167259787,51,0.40955227147095474,"Получает от 1 отправителей (top 59.0%), вход 198.4 тыс. KZT; наблюдаемый остаток 100%. Паттерны: повторных маршрутов 1. Граница depth=4: исходящий поток может быть усечён."
100000008190442100,terminal,0.633420818505338,1,0.36104092397697424,"Получено 13.0 тыс. KZT от 1 отправителей, исходящий поток 0 KZT; средства преимущественно остаются."
100000008192264100,transit,0.9534818953894602,4,0.5874545755925407,"Получено 162.8 тыс., отправлено 187.9 тыс. KZT; совпадение потоков 87%, быстрое перенаправление 100%."
100000008193258100,distributor,0.6174288256227758,16,0.4870547497932395,"Отправляет 1 получателям (top 23.8%), 1 переводов на 30.0 тыс. KZT; выраженный fan-out."
100000008193577100,distributor,0.8747102186070158,42,0.7544000657329866,"Отправляет 5 получателям (top 5.3%), 16 переводов на 480.2 тыс. KZT; выраженный fan-out. Паттерны: циклов 10, повторных маршрутов 2."
100000008200810100,terminal,0.8309653024911031,12,0.4458668848630362,"Получено 475.0 тыс. KZT от 1 отправителей, исходящий поток 0 KZT; средства преимущественно остаются."
100000008205000100,peripheral,0.6317148576512455,87,0.3180261249614364,"Периферийный узел: входящих/исходящих связей 0/0, оборот 0 KZT; сильной структурной роли нет."
100000008205937100,terminal,0.7000400355871886,13,0.46472812069306735,"Получено 35.0 тыс. KZT от 1 отправителей, исходящий поток 0 KZT; средства преимущественно остаются. Паттерны: повторных маршрутов 1."
100000008213966100,transit,0.7825132877707628,28,0.6474990706627042,"Получено 187.0 тыс., отправлено 436.9 тыс. KZT; совпадение потоков 43%, быстрое перенаправление 75%. Паттерны: циклов 1."
100000008219168100,terminal,0.7298798932384342,6,0.47291679795338865,"Получено 53.2 тыс. KZT от 1 отправителей, исходящий поток 0 KZT; средства преимущественно остаются."
100000008221543100,terminal,0.9163656583629892,16,0.5875690962484647,"Получено 542.0 тыс. KZT от 2 отправителей, исходящий поток 0 KZT; средства преимущественно остаются."
100000008221765100,consolidator,0.4839368327402135,4,0.3995360983250663,"Получает от 1 отправителей (top 59.0%), вход 156.4 тыс. KZT; наблюдаемый остаток 100%. Граница depth=4: исходящий поток может быть усечён."
100000008223661100,distributor,0.8686470513472294,10,0.7016731760032419,"Отправляет 5 получателям (top 5.3%), 5 переводов на 262.6 тыс. KZT; выраженный fan-out."
100000008223756100,terminal,0.8992482206405693,3,0.5320096205145949,"Получено 331.7 тыс. KZT от 2 отправителей, исходящий поток 0 KZT; средства преимущественно остаются."
100000008229700100,distributor,0.6367104092526691,11,0.518525878349514,"Отправляет 1 получателям (top 23.8%), 1 переводов на 7.2 тыс. KZT; выраженный fan-out."
100000008232832100,distributor,0.7417459964412811,10,0.5979931542261194,"Отправляет 1 получателям (top 23.8%), 1 переводов на 138.0 тыс. KZT; выраженный fan-out."
100000008237827100,terminal,0.7081361209964413,2,0.4899211486346755,"Получено 40.0 тыс. KZT от 1 отправителей, исходящий поток 0 KZT; средства преимущественно остаются."
100000008238112100,terminal,0.7946485765124555,4,0.4451681528973307,"Получено 190.0 тыс. KZT от 1 отправителей, исходящий поток 0 KZT; средства преимущественно остаются."
100000008238989100,terminal,0.798291814946619,22,0.4503760398557552,"Получено 200.0 тыс. KZT от 1 отправителей, исходящий поток 0 KZT; средства преимущественно остаются."
100000008244300100,terminal,0.8431761565836299,4,0.5673930663145286,"Получено 65.4 тыс. KZT от 5 отправителей, исходящий поток 0 KZT; средства преимущественно остаются."
100000008251939100,consolidator,0.5098176156583629,8,0.36302258356964756,"Получает от 1 отправителей (top 59.0%), вход 44.4 тыс. KZT; наблюдаемый остаток 100%. Граница depth=4: исходящий поток может быть усечён."
100000008254069100,distributor,0.8870014086595494,20,0.705545978652675,"Отправляет 5 получателям (top 5.3%), 6 переводов на 107.5 тыс. KZT; выраженный fan-out. Паттерны: циклов 1."
100000008254576100,distributor,0.6218104982206406,35,0.43204272672334976,"Отправляет 1 получателям (top 23.8%), 1 переводов на 60.0 тыс. KZT; выраженный fan-out."
100000008255655100,coordinator,0.44347241992882563,16,0.3507664586598839,"Betweenness top 63.3%, PageRank top 19.5%; межкластерных связей 0, близость к seed 0.29. Граница depth=4: исходящий поток может быть усечён."
100000008258083100,distributor,0.793777431791222,30,0.7007261063991193,"Отправляет 2 получателям (top 13.6%), 6 переводов на 2.05 млн KZT; выраженный fan-out. Паттерны: циклов 2, повторных маршрутов 2."
100000008258458100,distributor,0.7225378113879004,64,0.5268237424905278,"Отправляет 2 получателям (top 13.6%), 4 переводов на 1.56 млн KZT; выраженный fan-out."
100000008259451100,terminal,0.7320774021352313,14,0.4125154865049568,"Получено 55.0 тыс. KZT от 1 отправителей, исходящий поток 0 KZT; средства преимущественно остаются."
100000008279405100,terminal,0.8051734875444839,3,0.4688404595874336,"Получено 234.7 тыс. KZT от 1 отправителей, исходящий поток 0 KZT; средства преимущественно остаются."
100000008283183100,terminal,0.6873754448398576,1,0.4005169213941456,"Получено 29.0 тыс. KZT от 1 отправителей, исходящий поток 0 KZT; средства преимущественно остаются."
100000008289539100,terminal,0.6381628113879003,15,0.39058246910266486,"Получено 14.9 тыс. KZT от 1 отправителей, исходящий поток 0 KZT; средства преимущественно остаются."
100000008293431100,distributor,0.8755137900355874,0,0.6102788074759111,"Отправляет 5 получателям (top 5.3%), 7 переводов на 297.0 тыс. KZT; выраженный fan-out. Паттерны: циклов 1."
100000008295429100,terminal,0.8212499999999999,4,0.4627332720399906,"Получено 352.0 тыс. KZT от 1 отправителей, исходящий поток 0 KZT; средства преимущественно остаются."
100000008297199100,terminal,0.7104492882562278,0,0.43319931550088,"Получено 42.3 тыс. KZT от 1 отправителей, исходящий поток 0 KZT; средства преимущественно остаются."
100000008304115100,terminal,0.7269884341637011,11,0.46911261646701213,"Получено 51.0 тыс. KZT от 1 отправителей, исходящий поток 0 KZT; средства преимущественно остаются."
100000008304139100,distributor,0.9487730363497712,2,0.8524656851757112,"Отправляет 24 получателям (top 1.0%), 43 переводов на 1.69 млн KZT; выраженный fan-out. Паттерны: циклов 290, повторных маршрутов 2, дроблений 4."
100000008306857100,terminal,0.7744661921708185,12,0.40844384892403507,"Получено 125.0 тыс. KZT от 1 отправителей, исходящий поток 0 KZT; средства преимущественно остаются."
100000008308418100,consolidator,0.4408585409252669,0,0.3891622903426284,"Получает от 1 отправителей (top 59.0%), вход 50.0 тыс. KZT; наблюдаемый остаток 100%. Граница depth=4: исходящий поток может быть усечён."
100000008309514100,terminal,0.6491503558718861,1,0.3677868314502839,"Получено 17.2 тыс. KZT от 1 отправителей, исходящий поток 0 KZT; средства преимущественно остаются."
100000008314203100,transit,0.9319058916567814,10,0.8014393380698474,"Seed с неполным входящим потоком; отправлено 327.0 тыс. KZT 2 получателям, быстрое перенаправление 78%. Паттерны: циклов 4, повторных маршрутов 2, цепочек A→B→C 1."
100000008314863100,terminal,0.6299510676156583,2,0.4187178333665171,"Получено 12.0 тыс. KZT от 1 отправителей, исходящий поток 0 KZT; средства преимущественно остаются."
100000008321975100,consolidator,0.38839412811387897,21,0.3033474406316488,"Получает от 1 отправителей (top 59.0%), вход 5.9 тыс. KZT; наблюдаемый остаток 100%. Граница depth=4: исходящий поток может быть усечён."
100000008324800100,transit,0.9808952011368974,71,0.7365543955247161,"Получено 526.5 тыс., отправлено 511.0 тыс. KZT; совпадение потоков 97%, быстрое перенаправление 100%. Паттерны: циклов 1, повторных маршрутов 1."
100000008327791100,coordinator,0.4465729537366548,16,0.3560822059908448,"Betweenness top 63.3%, PageRank top 17.7%; межкластерных связей 0, близость к seed 0.29. Граница depth=4: исходящий поток может быть усечён."
100000008331280100,consolidator,0.44683274021352315,26,0.34420990152484815,"Получает от 1 отправителей (top 59.0%), вход 41.0 тыс. KZT; наблюдаемый остаток 100%. Граница depth=4: исходящий поток может быть усечён."
100000008332511100,terminal,0.7636521352313167,6,0.4755252332058967,"Получено 100.0 тыс. KZT от 1 отправителей, исходящий поток 0 KZT; средства преимущественно остаются."
100000008333492100,consolidator,0.515547153024911,47,0.37342905878386307,"Получает от 1 отправителей (top 59.0%), вход 216.4 тыс. KZT; наблюдаемый остаток 100%. Граница depth=4: исходящий поток может быть усечён."
100000008335401100,terminal,0.7831983985765124,8,0.4543142187587028,"Получено 150.0 тыс. KZT от 1 отправителей, исходящий поток 0 KZT; средства преимущественно остаются."
100000008336318100,consolidator,0.5428113879003558,7,0.40707124565465314,"Получает от 1 отправителей (top 59.0%), вход 170.0 тыс. KZT; наблюдаемый остаток 100%. Граница depth=4: исходящий поток может быть усечён."
100000008337304100,consolidator,0.4938834519572953,3,0.38304195377576156,"Получает от 1 отправителей (top 59.0%), вход 105.5 тыс. KZT; наблюдаемый остаток 100%. Граница depth=4: исходящий поток может быть усечён."
100000008343415100,consolidator,0.4685631672597864,3,0.3844640719348459,"Получает от 1 отправителей (top 59.0%), вход 100.0 тыс. KZT; наблюдаемый остаток 100%. Граница depth=4: исходящий поток может быть усечён."
100000008343874100,transit,0.7945856953427392,3,0.6133497328337782,"Получено 283.5 тыс., отправлено 176.4 тыс. KZT; совпадение потоков 62%, быстрое перенаправление 60%."
100000008346837100,distributor,0.9144755686972298,13,0.8109683910650053,"Отправляет 25 получателям (top 0.9%), 26 переводов на 1.26 млн KZT; выраженный fan-out. Паттерны: циклов 111, дроблений 5, синхронных дней 1."
100000008349675100,transit,0.8267486987573552,6,0.5919948731120639,"Получено 46.5 тыс., отправлено 36.6 тыс. KZT; совпадение потоков 79%, быстрое перенаправление 50%."
100000008349740100,consolidator,0.4846352313167259,36,0.3321579621446169,"Получает от 1 отправителей (top 59.0%), вход 70.0 тыс. KZT; наблюдаемый остаток 100%. Граница depth=4: исходящий поток может быть усечён."
100000008352542100,terminal,0.7260631672597865,2,0.44937158070280847,"Получено 50.2 тыс. KZT от 1 отправителей, исходящий поток 0 KZT; средства преимущественно остаются."
100000008356606100,terminal,0.8696396797153024,13,0.5057769317574478,"Получено 168.5 тыс. KZT от 2 отправителей, исходящий поток 0 KZT; средства преимущественно остаются."
100000008376089100,terminal,0.7774733096085409,30,0.42037950231855925,"Получено 135.0 тыс. KZT от 1 отправителей, исходящий поток 0 KZT; средства преимущественно остаются."
100000008376785100,consolidator,0.4972286476868327,4,0.4036326862831311,"Получает от 1 отправителей (top 59.0%), вход 234.2 тыс. KZT; наблюдаемый остаток 100%. Граница depth=4: исходящий поток может быть усечён."
100000008379273100,distributor,0.8175889679715304,8,0.5839609307699223,"Отправляет 4 получателям (top 6.5%), 4 переводов на 38.0 тыс. KZT; выраженный fan-out."
100000008383405100,terminal,0.6769661921708184,23,0.45298279466477187,"Получено 25.0 тыс. KZT от 1 отправителей, исходящий поток 0 KZT; средства преимущественно остаются."
100000008388049100,terminal,0.8329314946619216,12,0.44699850401246183,"Получено 496.4 тыс. KZT от 1 отправителей, исходящий поток 0 KZT; средства преимущественно остаются."
100000008389800100,distributor,0.8625599051008305,5,0.7211242288037619,"Отправляет 7 получателям (top 3.7%), 8 переводов на 401.6 тыс. KZT; выраженный fan-out. Паттерны: циклов 2."
100000008405209100,terminal,0.731267793594306,16,0.4084090673615385,"Получено 54.4 тыс. KZT от 1 отправителей, исходящий поток 0 KZT; средства преимущественно остаются."
100000008406609100,terminal,0.6980738434163701,20,0.43011616121126806,"Получено 34.0 тыс. KZT от 1 отправителей, исходящий поток 0 KZT; средства преимущественно остаются."
100000008413748100,distributor,0.9254905100830368,16,0.6978387329570167,"Отправляет 18 получателям (top 1.4%), 21 переводов на 1.38 млн KZT; выраженный fan-out. Паттерны: циклов 85, дроблений 1."
100000008416433100,terminal,0.6599644128113878,14,0.37359670885046375,"Получено 20.0 тыс. KZT от 1 отправителей, исходящий поток 0 KZT; средства преимущественно остаются."
100000008417029100,terminal,0.7636521352313167,7,0.4364501540146254,"Получено 100.0 тыс. KZT от 1 отправителей, исходящий поток 0 KZT; средства преимущественно остаются."
100000008417359100,transit,0.8040905651538577,16,0.5228004468418964,"Получено 40.8 тыс., отправлено 110.8 тыс. KZT; совпадение потоков 37%, быстрое перенаправление 100%. Паттерны: циклов 1."
100000008418835100,transit,0.9362173784104391,15,0.8389301558605161,"Seed с неполным входящим потоком; отправлено 186.2 тыс. KZT 4 получателям, быстрое перенаправление 83%. Паттерны: повторных маршрутов 1."
100000008418934100,terminal,0.8219439501779359,7,0.4719668226494739,"Получено 360.0 тыс. KZT от 1 отправителей, исходящий поток 0 KZT; средства преимущественно остаются."
100000008422226100,terminal,0.7543994661921708,0,0.44228518346293844,"Получено 87.5 тыс. KZT от 1 отправителей, исходящий поток 0 KZT; средства преимущественно остаются."
100000008427027100,terminal,0.8158140569395017,2,0.4999087593099836,"Получено 300.0 тыс. KZT от 1 отправителей, исходящий поток 0 KZT; средства преимущественно остаются."
100000008430691100,distributor,0.791803825622776,70,0.5811125799974369,"Отправляет 2 получателям (top 13.6%), 2 переводов на 604.9 тыс. KZT; выраженный fan-out. Паттерны: циклов 1."
100000008432942100,terminal,0.7126467971530249,0,0.419953859294772,"Получено 44.5 тыс. KZT от 1 отправителей, исходящий поток 0 KZT; средства преимущественно остаются."
100000008436257100,terminal,0.7803514234875445,16,0.41801721249773055,"Получено 35.0 тыс. KZT от 2 отправителей, исходящий поток 0 KZT; средства преимущественно остаются."
100000008438656100,coordinator,0.770077846975089,2,0.6645780579778205,"Betweenness top 13.5%, PageRank top 65.7%; межкластерных связей 1, близость к seed 0.68."
100000008443341100,coordinator,0.9059030249110321,11,0.7552417944044817,"Betweenness top 2.9%, PageRank top 9.6%; межкластерных связей 2, близость к seed 0.68. Паттерны: циклов 35."
100000008454065100,terminal,0.673959074733096,14,0.38045097931309724,"Получено 24.1 тыс. KZT от 1 отправителей, исходящий поток 0 KZT; средства преимущественно остаются."
100000008459449100,terminal,0.7304581850533808,0,0.4434675908077012,"Получено 53.7 тыс. KZT от 1 отправителей, исходящий поток 0 KZT; средства преимущественно остаются."
100000008460102100,distributor,0.9258518683274023,19,0.6166651159367155,"Отправляет 31 получателям (top 0.7%), 34 переводов на 476.6 тыс. KZT; выраженный fan-out. Паттерны: дроблений 5."
100000008461217100,coordinator,0.4492953736654805,50,0.33438598175244977,"Betweenness top 63.3%, PageRank top 16.1%; межкластерных связей 0, близость к seed 0.29. Граница depth=4: исходящий поток может быть усечён."
100000008461532100,distributor,0.8720590154211152,26,0.7022461687783799,"Отправляет 8 получателям (top 3.2%), 9 переводов на 2.53 млн KZT; выраженный fan-out. Паттерны: циклов 1."
100000008463968100,terminal,0.6222019572953736,1,0.3561596072509956,"Получено 10.0 тыс. KZT от 1 отправителей, исходящий поток 0 KZT; средства преимущественно остаются."
100000008465789100,distributor,0.9144406792966298,10,0.6705368542345934,"Отправляет 16 получателям (top 1.6%), 17 переводов на 1.86 млн KZT; выраженный fan-out. Паттерны: циклов 6, дроблений 1."
100000008466579100,distributor,0.9130796185303116,10,0.7177695131475638,"Отправляет 17 получателям (top 1.5%), 20 переводов на 1.93 млн KZT; выраженный fan-out. Паттерны: циклов 4, дроблений 3."
100000008468762100,terminal,0.8700444839857652,17,0.48116797653383786,"Получено 170.0 тыс. KZT от 2 отправителей, исходящий поток 0 KZT; средства преимущественно остаются."
100000008469048100,consolidator,0.500911921708185,0,0.46324674739754806,"Получает от 1 отправителей (top 59.0%), вход 265.2 тыс. KZT; наблюдаемый остаток 100%. Паттерны: повторных маршрутов 1. Граница depth=4: исходящий поток может быть усечён."
100000008470470100,terminal,0.6971485765124555,1,0.4520422027833436,"Получено 33.5 тыс. KZT от 1 отправителей, исходящий поток 0 KZT; средства преимущественно остаются."
100000008471634100,coordinator,0.4694866548042705,25,0.36193634446802603,"Betweenness top 63.3%, PageRank top 4.2%; межкластерных связей 0, близость к seed 0.29. Граница depth=4: исходящий поток может быть усечён."
100000008472324100,terminal,0.800200177935943,4,0.44814784384357104,"Получено 205.2 тыс. KZT от 1 отправителей, исходящий поток 0 KZT; средства преимущественно остаются."
100000008473207100,terminal,0.7996797153024912,2,0.5283124817057201,"Получено 202.0 тыс. KZT от 1 отправителей, исходящий поток 0 KZT; средства преимущественно остаются. Паттерны: повторных маршрутов 1."
100000008473765100,terminal,0.6905560498220641,3,0.4018279979823567,"Получено 30.0 тыс. KZT от 1 отправителей, исходящий поток 0 KZT; средства преимущественно остаются."
100000008474308100,distributor,0.7150518979833926,11,0.5138742500389409,"Отправляет 1 получателям (top 23.8%), 1 переводов на 10.0 тыс. KZT; выраженный fan-out. Паттерны: циклов 1."
100000008474391100,terminal,0.6599644128113878,22,0.38793296867604743,"Получено 20.0 тыс. KZT от 1 отправителей, исходящий поток 0 KZT; средства преимущественно остаются."
100000008477350100,distributor,0.9119332147093713,0,0.771087742852822,"Отправляет 39 получателям (top 0.4%), 44 переводов на 3.37 млн KZT; выраженный fan-out. Паттерны: циклов 464, дроблений 2."
100000008478414100,terminal,0.6222019572953736,1,0.3666802908538674,"Получено 10.0 тыс. KZT от 1 отправителей, исходящий поток 0 KZT; средства преимущественно остаются."
100000008486520100,distributor,0.6392459964412812,5,0.5585553556473535,"Отправляет 1 получателям (top 23.8%), 1 переводов на 14.0 тыс. KZT; выраженный fan-out."
100000008488166100,terminal,0.6062411032028469,1,0.34954572824743685,"Получено 5.6 тыс. KZT от 1 отправителей, исходящий поток 0 KZT; средства преимущественно остаются."
100000008489604100,terminal,0.6280427046263345,1,0.35852802362110237,"Получено 11.0 тыс. KZT от 1 отправителей, исходящий поток 0 KZT; средства преимущественно остаются."
100000008489922100,distributor,0.9211760881467287,7,0.780497841228327,"Отправляет 36 получателям (top 0.5%), 41 переводов на 3.79 млн KZT; выраженный fan-out. Паттерны: циклов 6, повторных маршрутов 1, дроблений 6."
100000008490127100,distributor,0.8716589349262837,4,0.5943576046714708,"Отправляет 6 получателям (top 4.3%), 9 переводов на 923.0 тыс. KZT; выраженный fan-out."
100000008491390100,terminal,0.7019483985765124,0,0.4149665309725118,"Получено 36.0 тыс. KZT от 1 отправителей, исходящий поток 0 KZT; средства преимущественно остаются."
100000008493007100,transit,0.9935542704626334,1,0.5494893261900102,"Получено 26.1 тыс., отправлено 26.1 тыс. KZT; совпадение потоков 100%, быстрое перенаправление 100%."
100000008497298100,terminal,0.8386565836298933,7,0.483101916470244,"Получено 600.0 тыс. KZT от 1 отправителей, исходящий поток 0 KZT; средства преимущественно остаются."
100000008501413100,transit,0.8885037680552648,33,0.5053460972259726,"Получено 5.0 тыс., отправлено 5.1 тыс. KZT; совпадение потоков 98%, быстрое перенаправление 0%."
100000008502995100,terminal,0.6769661921708184,0,0.44798975533417507,"Получено 25.0 тыс. KZT от 1 отправителей, исходящий поток 0 KZT; средства преимущественно остаются."
100000008503177100,terminal,0.6976112099644128,3,0.4059308496933833,"Получено 34.0 тыс. KZT от 1 отправителей, исходящий поток 0 KZT; средства преимущественно остаются."
100000008507703100,terminal,0.6865658362989323,1,0.3862640424566029,"Получено 28.5 тыс. KZT от 1 отправителей, исходящий поток 0 KZT; средства преимущественно остаются."
100000008512552100,distributor,0.8524268979833928,16,0.7350463955512097,"Отправляет 6 получателям (top 4.3%), 11 переводов на 1.30 млн KZT; выраженный fan-out. Паттерны: циклов 13, повторных маршрутов 1."
100000008512827100,distributor,0.8836313190072087,12,0.6640822537856793,"Отправляет 10 получателям (top 2.7%), 10 переводов на 1.94 млн KZT; выраженный fan-out. Паттерны: дроблений 2."
100000008513251100,peripheral,0.6317148576512455,88,0.3180261249614364,"Периферийный узел: входящих/исходящих связей 0/0, оборот 0 KZT; сильной структурной роли нет."
100000008514970100,distributor,0.617673487544484,3,0.5289290834423516,"Отправляет 1 получателям (top 23.8%), 1 переводов на 31.0 тыс. KZT; выраженный fan-out."
100000008516839100,terminal,0.8800578291814946,20,0.6054431679332924,"Получено 155.0 тыс. KZT от 3 отправителей, исходящий поток 0 KZT; средства преимущественно остаются."
100000008517061100,consolidator,0.5875845195729537,14,0.4182850606472493,"Получает от 1 отправителей (top 59.0%), вход 1.84 млн KZT; наблюдаемый остаток 100%. Граница depth=4: исходящий поток может быть усечён."
100000008517538100,distributor,0.8968389679715303,7,0.7031275658675546,"Отправляет 17 получателям (top 1.5%), 18 переводов на 1.44 млн KZT; выраженный fan-out. Паттерны: повторных маршрутов 1, дроблений 1."
100000008522127100,distributor,0.7867927046263345,63,0.49809971094461747,"Отправляет 1 получателям (top 23.8%), 3 переводов на 145.0 тыс. KZT; выраженный fan-out."
100000008524903100,coordinator,0.40550978647686836,0,0.35879625999733655,"Betweenness top 63.3%, PageRank top 41.8%; межкластерных связей 0, близость к seed 0.29. Граница depth=4: исходящий поток может быть усечён."
100000008525136100,consolidator,0.48428380782918146,0,0.35672077957029025,"Получает от 1 отправителей (top 59.0%), вход 14.1 тыс. KZT; наблюдаемый остаток 100%. Граница depth=4: исходящий поток может быть усечён."
100000008531133100,distributor,0.8374362396204034,5,0.6513002157021509,"Отправляет 3 получателям (top 8.9%), 3 переводов на 158.3 тыс. KZT; выраженный fan-out."
100000008531186100,terminal,0.7744661921708185,2,0.48525973987459753,"Получено 125.0 тыс. KZT от 1 отправителей, исходящий поток 0 KZT; средства преимущественно остаются."
100000008532050100,terminal,0.8300400355871885,4,0.4692819940133882,"Получено 455.2 тыс. KZT от 1 отправителей, исходящий поток 0 KZT; средства преимущественно остаются."
100000008536546100,terminal,0.8887811387900356,17,0.49295375992558105,"Получено 250.0 тыс. KZT от 2 отправителей, исходящий поток 0 KZT; средства преимущественно остаются."
100000008537380100,terminal,0.6135275800711742,1,0.35266583500900267,"Получено 8.0 тыс. KZT от 1 отправителей, исходящий поток 0 KZT; средства преимущественно остаются."
100000008545727100,distributor,0.8816218649381461,8,0.636992488728596,"Отправляет 6 получателям (top 4.3%), 7 переводов на 1.87 млн KZT; выраженный fan-out. Паттерны: циклов 1."
100000008546855100,coordinator,0.8421908362989323,18,0.6941540155606202,"Betweenness top 9.0%, PageRank top 2.7%; межкластерных связей 3, близость к seed 0.36. Паттерны: циклов 2, дроблений 2, синхронных дней 1."
100000008547295100,terminal,0.6401290035587188,6,0.4246663492634316,"Получено 15.0 тыс. KZT от 1 отправителей, исходящий поток 0 KZT; средства преимущественно остаются."
100000008547844100,distributor,0.9044254825838457,10,0.7306291086396314,"Отправляет 19 получателям (top 1.3%), 21 переводов на 2.04 млн KZT; выраженный fan-out. Паттерны: циклов 8, дроблений 2."
100000008547948100,distributor,0.9038352609727166,7,0.7506144915324325,"Отправляет 26 получателям (top 0.9%), 31 переводов на 5.19 млн KZT; выраженный fan-out. Паттерны: циклов 8, дроблений 4, синхронных дней 1."
100000008548853100,terminal,0.6360231316725978,1,0.3621637887456575,"Получено 14.0 тыс. KZT от 1 отправителей, исходящий поток 0 KZT; средства преимущественно остаются."
100000008551752100,consolidator,0.5393016014234875,40,0.3803460997836443,"Получает от 1 отправителей (top 59.0%), вход 406.0 тыс. KZT; наблюдаемый остаток 100%. Граница depth=4: исходящий поток может быть усечён."
100000008554390100,consolidator,0.46109430604982204,19,0.3174224386763088,"Получает от 1 отправителей (top 59.0%), вход 14.0 тыс. KZT; наблюдаемый остаток 100%. Граница depth=4: исходящий поток может быть усечён."
100000008555233100,terminal,0.8286521352313166,17,0.4535953472089119,"Получено 440.6 тыс. KZT от 1 отправителей, исходящий поток 0 KZT; средства преимущественно остаются."
100000008555918100,distributor,0.7170640569395018,2,0.624765490497876,"Отправляет 2 получателям (top 13.6%), 2 переводов на 43.3 тыс. KZT; выраженный fan-out."
100000008556318100,terminal,0.8722998220640569,2,0.5817506422712037,"Получено 180.1 тыс. KZT от 2 отправителей, исходящий поток 0 KZT; средства преимущественно остаются."
100000008557672100,terminal,0.7205115658362989,1,0.4197884759072481,"Получено 49.1 тыс. KZT от 1 отправителей, исходящий поток 0 KZT; средства преимущественно остаются."
100000008560263100,consolidator,0.49582295373665475,4,0.3749511471372236,"Получает от 1 отправителей (top 59.0%), вход 100.0 тыс. KZT; наблюдаемый остаток 100%. Граница depth=4: исходящий поток может быть усечён."
100000008560717100,consolidator,0.8334191198729894,4,0.6710299133594273,"Получает от 7 отправителей (top 0.8%), вход 529.0 тыс. KZT; наблюдаемый остаток 95%."
100000008561016100,transit,0.9854461623545254,7,0.6375900568104194,"Получено 180.0 тыс., отправлено 185.0 тыс. KZT; совпадение потоков 97%, быстрое перенаправление 100%. Паттерны: цепочек A→B→C 1."
100000008566737100,terminal,0.8843282918149465,0,0.594232305059227,"Получено 230.0 тыс. KZT от 2 отправителей, исходящий поток 0 KZT; средства преимущественно остаются."
100000008568512100,terminal,0.7971930604982206,4,0.44664885327485254,"Получено 199.6 тыс. KZT от 1 отправителей, исходящий поток 0 KZT; средства преимущественно остаются."
100000008571243100,terminal,0.7772998220640569,8,0.42157264367399916,"Получено 134.0 тыс. KZT от 1 отправителей, исходящий поток 0 KZT; средства преимущественно остаются."
100000008571433100,transit,0.8847212336892052,52,0.7818930588952022,"Seed с неполным входящим потоком; отправлено 1.43 млн KZT 2 получателям, быстрое перенаправление 67%. Паттерны: циклов 2, цепочек A→B→C 1."
100000008571443100,terminal,0.8200800711743771,13,0.50596617472089,"Получено 65.0 тыс. KZT от 2 отправителей, исходящий поток 0 KZT; средства преимущественно остаются."
100000008575624100,distributor,0.9123131672597866,48,0.5546005790341201,"Отправляет 3 получателям (top 8.9%), 5 переводов на 89.5 тыс. KZT; выраженный fan-out."
100000008576243100,terminal,0.8321663701067615,0,0.5426343722644754,"Получено 82.9 тыс. KZT от 2 отправителей, исходящий поток 0 KZT; средства преимущественно остаются. Паттерны: повторных маршрутов 1."
100000008576528100,terminal,0.6856983985765125,4,0.39183922646673924,"Получено 28.0 тыс. KZT от 1 отправителей, исходящий поток 0 KZT; средства преимущественно остаются."
100000008579978100,transit,0.8260218029301659,4,0.5782464268591543,"Получено 34.0 тыс., отправлено 77.0 тыс. KZT; совпадение потоков 44%, быстрое перенаправление 100%. Паттерны: повторных маршрутов 1."
100000008582730100,transit,0.9935542704626334,18,0.579820135169317,"Получено 5.0 тыс., отправлено 5.0 тыс. KZT; совпадение потоков 100%, быстрое перенаправление 100%. Паттерны: циклов 1."
100000008583360100,transit,0.6735208268787942,8,0.5096436409154945,"Получено 112.8 тыс., отправлено 170.0 тыс. KZT; совпадение потоков 66%, быстрое перенаправление 0%."
100000008583971100,consolidator,0.6303870106761565,0,0.43390836853826176,"Получает от 2 отправителей (top 14.3%), вход 51.0 тыс. KZT; наблюдаемый остаток 100%. Граница depth=4: исходящий поток может быть усечён."
100000008586731100,terminal,0.6299510676156583,11,0.42100297475158893,"Получено 12.0 тыс. KZT от 1 отправителей, исходящий поток 0 KZT; средства преимущественно остаются."
100000008587459100,distributor,0.8086373072360616,0,0.6872243874070835,"Отправляет 2 получателям (top 13.6%), 4 переводов на 686.5 тыс. KZT; выраженный fan-out. Паттерны: циклов 39."
100000008588665100,consolidator,0.4748131672597864,0,0.38478510341370653,"Получает от 1 отправителей (top 59.0%), вход 25.0 тыс. KZT; наблюдаемый остаток 100%. Граница depth=4: исходящий поток может быть усечён."
100000008595687100,distributor,0.7179381672597864,5,0.6515868348556262,"Отправляет 1 получателям (top 23.8%), 1 переводов на 10.4 тыс. KZT; выраженный fan-out. Паттерны: циклов 3."
100000008596924100,terminal,0.7636521352313167,6,0.4594426709283166,"Получено 100.0 тыс. KZT от 1 отправителей, исходящий поток 0 KZT; средства преимущественно остаются."
100000008598972100,terminal,0.7734830960854092,3,0.42814823193767654,"Получено 120.0 тыс. KZT от 1 отправителей, исходящий поток 0 KZT; средства преимущественно остаются."
100000008599354100,coordinator,0.7440636120996441,0,0.5941528841144682,"Betweenness top 21.8%, PageRank top 41.9%; межкластерных связей 1, близость к seed 0.32."
100000008601794100,transit,0.9446129893238434,56,0.7966868602206103,"Seed с неполным входящим потоком; отправлено 871.4 тыс. KZT 1 получателям, быстрое перенаправление 100%. Паттерны: циклов 2, повторных маршрутов 2."
100000008603331100,distributor,0.8569891755634639,10,0.6742891944009982,"Отправляет 6 получателям (top 4.3%), 6 переводов на 741.8 тыс. KZT; выраженный fan-out. Паттерны: циклов 1."
100000008603629100,distributor,0.9102155990510084,3,0.8168475915346282,"Отправляет 61 получателям (top 0.3%), 74 переводов на 4.99 млн KZT; выраженный fan-out. Паттерны: циклов 762, повторных маршрутов 3, дроблений 7, синхронных дней 5."
100000008612257100,terminal,0.6172286476868326,16,0.35742243623695624,"Получено 9.5 тыс. KZT от 1 отправителей, исходящий поток 0 KZT; средства преимущественно остаются."
100000008619159100,consolidator,0.5138033807829181,64,0.3683880808548958,"Получает от 1 отправителей (top 59.0%), вход 446.4 тыс. KZT; наблюдаемый остаток 100%. Граница depth=4: исходящий поток может быть усечён."
100000008619857100,distributor,0.7838901245551602,0,0.5644109575350329,"Отправляет 2 получателям (top 13.6%), 2 переводов на 13.0 тыс. KZT; выраженный fan-out."
100000008620570100,coordinator,0.7835231316725978,3,0.6136486932687457,"Betweenness top 12.7%, PageRank top 37.6%; межкластерных связей 2, близость к seed 0.32."
100000008624978100,terminal,0.7689145907473309,17,0.4329720559393157,"Получено 109.0 тыс. KZT от 1 отправителей, исходящий поток 0 KZT; средства преимущественно остаются."
100000008625905100,distributor,0.7063456405693951,58,0.5211004293486204,"Отправляет 2 получателям (top 13.6%), 2 переводов на 635.0 тыс. KZT; выраженный fan-out."
100000008628231100,distributor,0.7639501779359431,66,0.6502251091510576,"Отправляет 2 получателям (top 13.6%), 19 переводов на 627.9 тыс. KZT; выраженный fan-out. Паттерны: повторных маршрутов 1."
100000008628818100,consolidator,0.5124599644128114,8,0.3648064178487666,"Получает от 1 отправителей (top 59.0%), вход 46.3 тыс. KZT; наблюдаемый остаток 100%. Граница depth=4: исходящий поток может быть усечён."
100000008629504100,consolidator,0.48279359430604973,0,0.3747612599973364,"Получает от 1 отправителей (top 59.0%), вход 20.0 тыс. KZT; наблюдаемый остаток 100%. Граница depth=4: исходящий поток может быть усечён."
100000008629581100,terminal,0.7311521352313167,2,0.4417176175840766,"Получено 54.2 тыс. KZT от 1 отправителей, исходящий поток 0 KZT; средства преимущественно остаются."
100000008631800100,consolidator,0.4588923487544484,19,0.315580178889832,"Получает от 1 отправителей (top 59.0%), вход 12.8 тыс. KZT; наблюдаемый остаток 100%. Граница depth=4: исходящий поток может быть усечён."
100000008632060100,distributor,0.9230876334519573,0,0.6644760065726772,"Отправляет 9 получателям (top 2.9%), 12 переводов на 339.2 тыс. KZT; выраженный fan-out. Паттерны: циклов 65."
100000008633099100,transit,0.6425677523915512,6,0.49462067246612573,"Получено 19.5 тыс., отправлено 13.5 тыс. KZT; совпадение потоков 69%, быстрое перенаправление 0%."
100000008634520100,terminal,0.756076512455516,10,0.4324323567512687,"Получено 90.0 тыс. KZT от 1 отправителей, исходящий поток 0 KZT; средства преимущественно остаются."
100000008636603100,distributor,0.8837585260972718,11,0.7395035478422597,"Отправляет 6 получателям (top 4.3%), 7 переводов на 159.4 тыс. KZT; выраженный fan-out. Паттерны: циклов 4."
100000008637537100,transit,0.9641014234875446,10,0.917750566259855,"Seed с неполным входящим потоком; отправлено 2.35 млн KZT 3 получателям, быстрое перенаправление 80%. Паттерны: циклов 4, повторных маршрутов 3, цепочек A→B→C 1, дроблений 1."
100000008638859100,consolidator,0.5197820284697509,18,0.40862639998382877,"Получает от 1 отправителей (top 59.0%), вход 34.0 тыс. KZT; наблюдаемый остаток 100%. Граница depth=4: исходящий поток может быть усечён."
100000008647905100,distributor,0.7064598161328589,18,0.5492368587299415,"Отправляет 2 получателям (top 13.6%), 2 переводов на 344.2 тыс. KZT; выраженный fan-out."
100000008648783100,consolidator,0.43907473309608547,19,0.2978638977510419,"Получает от 1 отправителей (top 59.0%), вход 5.2 тыс. KZT; наблюдаемый остаток 100%. Граница depth=4: исходящий поток может быть усечён."
100000008649416100,coordinator,0.445211743772242,16,0.35106423446059565,"Betweenness top 63.3%, PageRank top 18.5%; межкластерных связей 0, близость к seed 0.29. Граница depth=4: исходящий поток может быть усечён."
100000008650785100,transit,0.8459074733096085,5,0.736305959378535,"Seed с неполным входящим потоком; отправлено 120.1 тыс. KZT 2 получателям, быстрое перенаправление 50%."
100000008652094100,terminal,0.7000400355871886,0,0.41408353197382436,"Получено 35.0 тыс. KZT от 1 отправителей, исходящий поток 0 KZT; средства преимущественно остаются."
100000008653041100,terminal,0.6856983985765125,1,0.3856289413781623,"Получено 28.0 тыс. KZT от 1 отправителей, исходящий поток 0 KZT; средства преимущественно остаются."
100000008654653100,distributor,0.8426334519572956,5,0.5733819643871023,"Отправляет 1 получателям (top 23.8%), 1 переводов на 54.0 тыс. KZT; выраженный fan-out."
100000008655035100,terminal,0.6905560498220641,6,0.445058118275556,"Получено 30.0 тыс. KZT от 1 отправителей, исходящий поток 0 KZT; средства преимущественно остаются."
100000008655779100,distributor,0.7674933274021353,28,0.5388891730285228,"Отправляет 2 получателям (top 13.6%), 2 переводов на 24.7 тыс. KZT; выраженный fan-out."
100000008656043100,terminal,0.682517793594306,1,0.3976527997506645,"Получено 26.2 тыс. KZT от 1 отправителей, исходящий поток 0 KZT; средства преимущественно остаются."
100000008659445100,distributor,0.8706107015760041,42,0.8014244982694719,"Отправляет 4 получателям (top 6.5%), 18 переводов на 875.1 тыс. KZT; выраженный fan-out. Паттерны: циклов 11, повторных маршрутов 2."
100000008659950100,terminal,0.8076601423487545,10,0.46476950476961704,"Получено 246.0 тыс. KZT от 1 отправителей, исходящий поток 0 KZT; средства преимущественно остаются."
100000008661550100,terminal,0.6683496441281139,1,0.37697651116558634,"Получено 22.8 тыс. KZT от 1 отправителей, исходящий поток 0 KZT; средства преимущественно остаются."
100000008661585100,terminal,0.7110275800711744,1,0.4603629413683005,"Получено 43.1 тыс. KZT от 1 отправителей, исходящий поток 0 KZT; средства преимущественно остаются."
100000008662216100,terminal,0.682517793594306,1,0.38386769589421715,"Получено 26.2 тыс. KZT от 1 отправителей, исходящий поток 0 KZT; средства преимущественно остаются."
100000008662805100,terminal,0.646605871886121,1,0.3666384328737714,"Получено 16.5 тыс. KZT от 1 отправителей, исходящий поток 0 KZT; средства преимущественно остаются."
100000008663007100,terminal,0.6360231316725978,1,0.42199513872640415,"Получено 14.0 тыс. KZT от 1 отправителей, исходящий поток 0 KZT; средства преимущественно остаются."
100000008663723100,terminal,0.6437144128113879,1,0.3651201054716362,"Получено 15.6 тыс. KZT от 1 отправителей, исходящий поток 0 KZT; средства преимущественно остаются."
100000008664469100,terminal,0.6769661921708184,2,0.47360745736861604,"Получено 25.0 тыс. KZT от 1 отправителей, исходящий поток 0 KZT; средства преимущественно остаются."
100000008664774100,terminal,0.6459697508896797,1,0.36632143999120914,"Получено 16.3 тыс. KZT от 1 отправителей, исходящий поток 0 KZT; средства преимущественно остаются."
100000008665380100,consolidator,0.6972008028147011,0,0.6037268002655535,"Получает от 2 отправителей (top 14.3%), вход 69.1 тыс. KZT; наблюдаемый остаток 74%."
100000008666075100,terminal,0.6831539145907474,1,0.44447049459829024,"Получено 26.2 тыс. KZT от 1 отправителей, исходящий поток 0 KZT; средства преимущественно остаются."
100000008667058100,terminal,0.6508274021352313,1,0.42926916007871724,"Получено 17.5 тыс. KZT от 1 отправителей, исходящий поток 0 KZT; средства преимущественно остаются."
100000008667795100,terminal,0.6980738434163701,1,0.39230051831008655,"Получено 34.0 тыс. KZT от 1 отправителей, исходящий поток 0 KZT; средства преимущественно остаются."
100000008667799100,terminal,0.6980738434163701,1,0.39230051831008655,"Получено 34.0 тыс. KZT от 1 отправителей, исходящий поток 0 KZT; средства преимущественно остаются."
100000008668099100,terminal,0.6442927046263345,1,0.36543273892359346,"Получено 15.7 тыс. KZT от 1 отправителей, исходящий поток 0 KZT; средства преимущественно остаются."
100000008669037100,peripheral,0.6317148576512455,89,0.3180261249614364,"Периферийный узел: входящих/исходящих связей 0/0, оборот 0 KZT; сильной структурной роли нет."
100000008669310100,terminal,0.7350845195729537,0,0.4313321199878427,"Получено 59.6 тыс. KZT от 1 отправителей, исходящий поток 0 KZT; средства преимущественно остаются."
100000008670667100,terminal,0.6430782918149466,1,0.4255163131036283,"Получено 15.5 тыс. KZT от 1 отправителей, исходящий поток 0 KZT; средства преимущественно остаются."
100000008671026100,terminal,0.670720640569395,1,0.439138910968397,"Получено 23.5 тыс. KZT от 1 отправителей, исходящий поток 0 KZT; средства преимущественно остаются."
100000008671081100,terminal,0.703394128113879,1,0.3955368260377837,"Получено 37.2 тыс. KZT от 1 отправителей, исходящий поток 0 KZT; средства преимущественно остаются."
100000008671129100,terminal,0.682517793594306,1,0.38386769589421715,"Получено 26.2 тыс. KZT от 1 отправителей, исходящий поток 0 KZT; средства преимущественно остаются."
100000008671929100,terminal,0.7467660142348754,2,0.5125446802861623,"Получено 75.0 тыс. KZT от 1 отправителей, исходящий поток 0 KZT; средства преимущественно остаются."
100000008672162100,terminal,0.6434252669039146,1,0.42570688249864613,"Получено 15.6 тыс. KZT от 1 отправителей, исходящий поток 0 KZT; средства преимущественно остаются."
100000008672200100,terminal,0.6151467971530248,1,0.41202138427800555,"Получено 8.5 тыс. KZT от 1 отправителей, исходящий поток 0 KZT; средства преимущественно остаются."
100000008672480100,terminal,0.633420818505338,1,0.3730861627399883,"Получено 13.0 тыс. KZT от 1 отправителей, исходящий поток 0 KZT; средства преимущественно остаются."
100000008672493100,terminal,0.6360231316725978,1,0.3621637887456575,"Получено 14.0 тыс. KZT от 1 отправителей, исходящий поток 0 KZT; средства преимущественно остаются."
100000008672603100,terminal,0.6656316725978647,2,0.4058613817380721,"Получено 21.2 тыс. KZT от 1 отправителей, исходящий поток 0 KZT; средства преимущественно остаются."
100000008672762100,terminal,0.633420818505338,1,0.3730861627399883,"Получено 13.0 тыс. KZT от 1 отправителей, исходящий поток 0 KZT; средства преимущественно остаются."
100000008673001100,terminal,0.7500044483985765,20,0.558897972203755,"Получено 80.0 тыс. KZT от 1 отправителей, исходящий поток 0 KZT; средства преимущественно остаются."
100000008675322100,consolidator,0.537682384341637,36,0.41331610030947213,"Получает от 1 отправителей (top 59.0%), вход 340.0 тыс. KZT; наблюдаемый остаток 100%. Паттерны: повторных маршрутов 1. Граница depth=4: исходящий поток может быть усечён."
100000008676812100,terminal,0.8042482206405693,18,0.46245117888045406,"Получено 230.8 тыс. KZT от 1 отправителей, исходящий поток 0 KZT; средства преимущественно остаются."
100000008677215100,terminal,0.6160720640569394,22,0.3627796768611008,"Получено 9.0 тыс. KZT от 1 отправителей, исходящий поток 0 KZT; средства преимущественно остаются."
100000008677368100,coordinator,0.4456654804270463,6,0.3854060122557542,"Betweenness top 63.3%, PageRank top 18.2%; межкластерных связей 0, близость к seed 0.29. Граница depth=4: исходящий поток может быть усечён."
100000008677518100,terminal,0.719817615658363,1,0.4046478513006282,"Получено 48.7 тыс. KZT от 1 отправителей, исходящий поток 0 KZT; средства преимущественно остаются."
100000008679986100,terminal,0.6554537366548042,1,0.4316805479790732,"Получено 19.0 тыс. KZT от 1 отправителей, исходящий поток 0 KZT; средства преимущественно остаются."
100000008680061100,consolidator,0.5306005338078291,4,0.38463534810865774,"Получает от 1 отправителей (top 59.0%), вход 41.3 тыс. KZT; наблюдаемый остаток 100%. Граница depth=4: исходящий поток может быть усечён."
100000008680451100,terminal,0.670720640569395,1,0.439138910968397,"Получено 23.5 тыс. KZT от 1 отправителей, исходящий поток 0 KZT; средства преимущественно остаются."
100000008680731100,distributor,0.9842081850533808,11,0.6441759791953393,"Отправляет 27 получателям (top 0.8%), 28 переводов на 1.46 млн KZT; выраженный fan-out. Паттерны: дроблений 1."
100000008680912100,distributor,0.704870996441281,0,0.5490837413031024,"Отправляет 1 получателям (top 23.8%), 1 переводов на 6.0 тыс. KZT; выраженный fan-out. Паттерны: циклов 1."
100000008682426100,terminal,0.6599644128113878,14,0.37359670885046375,"Получено 20.0 тыс. KZT от 1 отправителей, исходящий поток 0 KZT; средства преимущественно остаются."
100000008683818100,terminal,0.649844306049822,1,0.3819021769748638,"Получено 17.4 тыс. KZT от 1 отправителей, исходящий поток 0 KZT; средства преимущественно остаются."
100000008684452100,terminal,0.7277980427046263,1,0.40847504302491544,"Получено 51.8 тыс. KZT от 1 отправителей, исходящий поток 0 KZT; средства преимущественно остаются."
100000008684767100,terminal,0.694314946619217,1,0.3898994523858345,"Получено 31.1 тыс. KZT от 1 отправителей, исходящий поток 0 KZT; средства преимущественно остаются."
100000008684951100,terminal,0.6491503558718861,1,0.3677868314502839,"Получено 17.2 тыс. KZT от 1 отправителей, исходящий поток 0 KZT; средства преимущественно остаются."
100000008686214100,terminal,0.6769661921708184,3,0.39758190073325994,"Получено 25.0 тыс. KZT от 1 отправителей, исходящий поток 0 KZT; средства преимущественно остаются."
100000008686234100,terminal,0.7060542704626335,0,0.4848311605390508,"Получено 39.8 тыс. KZT от 1 отправителей, исходящий поток 0 KZT; средства преимущественно остаются."
100000008686247100,distributor,0.6095774021352314,23,0.4461285934684567,"Отправляет 1 получателям (top 23.8%), 1 переводов на 5.0 тыс. KZT; выраженный fan-out. Паттерны: циклов 1."
100000008686313100,coordinator,0.8966103202846976,0,0.8470777626029934,"Betweenness top 1.0%, PageRank top 24.7%; межкластерных связей 5, близость к seed 0.68. Паттерны: циклов 408, повторных маршрутов 2, цепочек A→B→C 1."
100000008686494100,terminal,0.6442927046263345,1,0.36543273892359346,"Получено 15.7 тыс. KZT от 1 отправителей, исходящий поток 0 KZT; средства преимущественно остаются."
100000008687492100,terminal,0.6401290035587188,1,0.3768053798218389,"Получено 15.0 тыс. KZT от 1 отправителей, исходящий поток 0 KZT; средства преимущественно остаются."
100000008687617100,terminal,0.7111432384341637,1,0.4001471429396686,"Получено 43.4 тыс. KZT от 1 отправителей, исходящий поток 0 KZT; средства преимущественно остаются."
100000008687671100,terminal,0.7036832740213522,1,0.4557135796004014,"Получено 37.5 тыс. KZT от 1 отправителей, исходящий поток 0 KZT; средства преимущественно остаются."
100000008687733100,terminal,0.6378158362989323,1,0.3629266891015294,"Получено 14.7 тыс. KZT от 1 отправителей, исходящий поток 0 KZT; средства преимущественно остаются."
100000008687990100,terminal,0.6513478647686832,1,0.36881939372786393,"Получено 17.6 тыс. KZT от 1 отправителей, исходящий поток 0 KZT; средства преимущественно остаются."
100000008688109100,terminal,0.6327268683274021,1,0.36071957166380697,"Получено 12.8 тыс. KZT от 1 отправителей, исходящий поток 0 KZT; средства преимущественно остаются."
100000008688155100,terminal,0.6709519572953736,1,0.37839830831861127,"Получено 23.6 тыс. KZT от 1 отправителей, исходящий поток 0 KZT; средства преимущественно остаются."
100000008688476100,terminal,0.6730338078291814,1,0.3934702374730844,"Получено 24.0 тыс. KZT от 1 отправителей, исходящий поток 0 KZT; средства преимущественно остаются."
100000008688881100,terminal,0.7118371886120997,1,0.4151167838981895,"Получено 44.2 тыс. KZT от 1 отправителей, исходящий поток 0 KZT; средства преимущественно остаются."
100000008690762100,terminal,0.683732206405694,1,0.3845140069370706,"Получено 26.8 тыс. KZT от 1 отправителей, исходящий поток 0 KZT; средства преимущественно остаются."
100000008690932100,terminal,0.6687544483985765,1,0.43813873303245393,"Получено 23.0 тыс. KZT от 1 отправителей, исходящий поток 0 KZT; средства преимущественно остаются."
100000008691027100,terminal,0.6508274021352313,1,0.42926916007871724,"Получено 17.5 тыс. KZT от 1 отправителей, исходящий поток 0 KZT; средства преимущественно остаются."
100000008691168100,terminal,0.6730338078291814,1,0.3934702374730844,"Получено 24.0 тыс. KZT от 1 отправителей, исходящий поток 0 KZT; средства преимущественно остаются."
100000008691330100,terminal,0.665920818505338,1,0.4365948718224895,"Получено 21.4 тыс. KZT от 1 отправителей, исходящий поток 0 KZT; средства преимущественно остаются."
100000008691495100,terminal,0.6844261565836299,1,0.445313733032454,"Получено 27.0 тыс. KZT от 1 отправителей, исходящий поток 0 KZT; средства преимущественно остаются."
100000008692291100,transit,0.9072304270462633,10,0.6456295454817668,"Получено 160.0 тыс., отправлено 156.0 тыс. KZT; совпадение потоков 98%, быстрое перенаправление 50%."
100000008693069100,terminal,0.6599644128113878,1,0.4339188042068312,"Получено 20.0 тыс. KZT от 1 отправителей, исходящий поток 0 KZT; средства преимущественно остаются."
100000008695133100,terminal,0.7023532028469751,1,0.3949733110248614,"Получено 36.6 тыс. KZT от 1 отправителей, исходящий поток 0 KZT; средства преимущественно остаются."
100000008695157100,consolidator,0.5668905693950177,3,0.41748575246769193,"Получает от 1 отправителей (top 59.0%), вход 425.5 тыс. KZT; наблюдаемый остаток 100%. Граница depth=4: исходящий поток может быть усечён."
100000008695495100,terminal,0.6648798932384341,1,0.4359633771605678,"Получено 21.0 тыс. KZT от 1 отправителей, исходящий поток 0 KZT; средства преимущественно остаются."
100000008695566100,terminal,0.6973798932384342,1,0.3918877481925,"Получено 33.7 тыс. KZT от 1 отправителей, исходящий поток 0 KZT; средства преимущественно остаются."
100000008695689100,terminal,0.682517793594306,1,0.38386769589421715,"Получено 26.2 тыс. KZT от 1 отправителей, исходящий поток 0 KZT; средства преимущественно остаются."
100000008696692100,terminal,0.6554537366548042,1,0.3846118744837606,"Получено 19.0 тыс. KZT от 1 отправителей, исходящий поток 0 KZT; средства преимущественно остаются."
100000008696919100,terminal,0.6954137010676157,1,0.45095483623530097,"Получено 31.9 тыс. KZT от 1 отправителей, исходящий поток 0 KZT; средства преимущественно остаются."
100000008697670100,terminal,0.679452846975089,1,0.3821683017559548,"Получено 25.4 тыс. KZT от 1 отправителей, исходящий поток 0 KZT; средства преимущественно остаются."
100000008699083100,consolidator,0.558741103202847,12,0.3884475855514111,"Получает от 1 отправителей (top 59.0%), вход 238.5 тыс. KZT; наблюдаемый остаток 100%. Граница depth=4: исходящий поток может быть усечён."
100000008701222100,peripheral,0.6317148576512455,90,0.3180261249614364,"Периферийный узел: входящих/исходящих связей 0/0, оборот 0 KZT; сильной структурной роли нет."
100000008701256100,terminal,0.7346218861209964,0,0.4451558231507519,"Получено 58.2 тыс. KZT от 1 отправителей, исходящий поток 0 KZT; средства преимущественно остаются."
100000008701944100,terminal,0.7281450177935943,15,0.503314168866148,"Получено 52.1 тыс. KZT от 1 отправителей, исходящий поток 0 KZT; средства преимущественно остаются."
100000008703533100,consolidator,0.5223887900355871,10,0.3858242170184341,"Получает от 1 отправителей (top 59.0%), вход 75.0 тыс. KZT; наблюдаемый остаток 100%. Граница depth=4: исходящий поток может быть усечён."
100000008706846100,terminal,0.6370640569395017,1,0.3625561375001059,"Получено 14.2 тыс. KZT от 1 отправителей, исходящий поток 0 KZT; средства преимущественно остаются."
100000008706947100,terminal,0.6491503558718861,1,0.3677868314502839,"Получено 17.2 тыс. KZT от 1 отправителей, исходящий поток 0 KZT; средства преимущественно остаются."
100000008707810100,terminal,0.682517793594306,1,0.38386769589421715,"Получено 26.2 тыс. KZT от 1 отправителей, исходящий поток 0 KZT; средства преимущественно остаются."
100000008708025100,terminal,0.6222019572953736,28,0.35323252774686986,"Получено 10.0 тыс. KZT от 1 отправителей, исходящий поток 0 KZT; средства преимущественно остаются."
100000008708061100,terminal,0.6152624555160141,1,0.35360373536487455,"Получено 8.7 тыс. KZT от 1 отправителей, исходящий поток 0 KZT; средства преимущественно остаются."
100000008708207100,terminal,0.9110453736654803,7,0.49895855692113794,"Получено 465.0 тыс. KZT от 2 отправителей, исходящий поток 0 KZT; средства преимущественно остаются."
100000008708368100,terminal,0.6715880782918149,1,0.43957796790789877,"Получено 23.7 тыс. KZT от 1 отправителей, исходящий поток 0 KZT; средства преимущественно остаются."
100000008708595100,terminal,0.6491503558718861,1,0.3677868314502839,"Получено 17.2 тыс. KZT от 1 отправителей, исходящий поток 0 KZT; средства преимущественно остаются."
100000008708743100,terminal,0.6434252669039146,1,0.36497873536487463,"Получено 15.6 тыс. KZT от 1 отправителей, исходящий поток 0 KZT; средства преимущественно остаются."
100000008710791100,distributor,0.9179548202390729,7,0.7289712435215322,"Отправляет 23 получателям (top 1.0%), 25 переводов на 5.52 млн KZT; выраженный fan-out. Паттерны: цепочек A→B→C 1, дроблений 4."
100000008710843100,distributor,0.9030959371293003,17,0.6556034492369323,"Отправляет 13 получателям (top 2.1%), 14 переводов на 1.99 млн KZT; выраженный fan-out. Паттерны: циклов 4, дроблений 1."
100000008710913100,consolidator,0.4423754448398577,7,0.33157306829579963,"Получает от 1 отправителей (top 59.0%), вход 14.0 тыс. KZT; наблюдаемый остаток 100%. Граница depth=4: исходящий поток может быть усечён."
100000008712036100,terminal,0.6648798932384341,1,0.37528006988444756,"Получено 21.0 тыс. KZT от 1 отправителей, исходящий поток 0 KZT; средства преимущественно остаются."
100000008712184100,terminal,0.6531405693950177,1,0.36974670689512373,"Получено 18.0 тыс. KZT от 1 отправителей, исходящий поток 0 KZT; средства преимущественно остаются."
100000008712827100,terminal,0.7480960854092527,1,0.4205602489705469,"Получено 76.0 тыс. KZT от 1 отправителей, исходящий поток 0 KZT; средства преимущественно остаются."
100000008712991100,terminal,0.7406361209964413,1,0.41613296421891294,"Получено 66.1 тыс. KZT от 1 отправителей, исходящий поток 0 KZT; средства преимущественно остаются."
100000008713270100,distributor,0.8129166666666668,6,0.5469816887220136,"Отправляет 3 получателям (top 8.9%), 3 переводов на 190.0 тыс. KZT; выраженный fan-out."
100000008713685100,terminal,0.7212055160142349,1,0.4054633608198629,"Получено 49.7 тыс. KZT от 1 отправителей, исходящий поток 0 KZT; средства преимущественно остаются."
100000008714412100,terminal,0.7894439501779359,8,0.42887951822577647,"Получено 169.0 тыс. KZT от 1 отправителей, исходящий поток 0 KZT; средства преимущественно остаются."
100000008715513100,consolidator,0.5028113879003558,19,0.3448738621638533,"Получает от 1 отправителей (top 59.0%), вход 32.5 тыс. KZT; наблюдаемый остаток 100%. Граница depth=4: исходящий поток может быть усечён."
100000008715887100,terminal,0.6531405693950177,1,0.36974670689512373,"Получено 18.0 тыс. KZT от 1 отправителей, исходящий поток 0 KZT; средства преимущественно остаются."
100000008716072100,terminal,0.6306450177935943,1,0.35972562148587106,"Получено 12.1 тыс. KZT от 1 отправителей, исходящий поток 0 KZT; средства преимущественно остаются."
100000008716222100,terminal,0.6531405693950177,1,0.43047485402889524,"Получено 18.0 тыс. KZT от 1 отправителей, исходящий поток 0 KZT; средства преимущественно остаются."
100000008716439100,terminal,0.6312233096085409,1,0.41915216719615506,"Получено 12.3 тыс. KZT от 1 отправителей, исходящий поток 0 KZT; средства преимущественно остаются."
100000008716773100,terminal,0.6440035587188612,1,0.42609424904668886,"Получено 15.7 тыс. KZT от 1 отправителей, исходящий поток 0 KZT; средства преимущественно остаются."
100000008717340100,terminal,0.7097553380782918,1,0.45936328593069875,"Получено 41.5 тыс. KZT от 1 отправителей, исходящий поток 0 KZT; средства преимущественно остаются."
100000008717341100,terminal,0.6375845195729537,1,0.42289006755202696,"Получено 14.6 тыс. KZT от 1 отправителей, исходящий поток 0 KZT; средства преимущественно остаются."
100000008717375100,terminal,0.6881272241992883,2,0.4179403933847884,"Получено 29.5 тыс. KZT от 1 отправителей, исходящий поток 0 KZT; средства преимущественно остаются."
100000008717802100,terminal,0.6815925266903914,1,0.3833211923693264,"Получено 26.1 тыс. KZT от 1 отправителей, исходящий поток 0 KZT; средства преимущественно остаются."
100000008718089100,terminal,0.6430782918149466,1,0.4255163131036283,"Получено 15.5 тыс. KZT от 1 отправителей, исходящий поток 0 KZT; средства преимущественно остаются."
100000008718811100,terminal,0.7459564056939502,1,0.4193210553654158,"Получено 73.3 тыс. KZT от 1 отправителей, исходящий поток 0 KZT; средства преимущественно остаются."
100000008720668100,terminal,0.6452758007117437,1,0.36588051472430516,"Получено 16.0 тыс. KZT от 1 отправителей, исходящий поток 0 KZT; средства преимущественно остаются."
100000008720798100,terminal,0.6430782918149466,1,0.4255163131036283,"Получено 15.5 тыс. KZT от 1 отправителей, исходящий поток 0 KZT; средства преимущественно остаются."
100000008720856100,distributor,0.6341770462633453,4,0.499229805249062,"Отправляет 1 получателям (top 23.8%), 2 переводов на 46.0 тыс. KZT; выраженный fan-out."
100000008721637100,distributor,0.8064679715302492,6,0.6392383036326723,"Отправляет 2 получателям (top 13.6%), 2 переводов на 127.0 тыс. KZT; выраженный fan-out."
100000008722328100,terminal,0.6715880782918149,1,0.43957796790789877,"Получено 23.7 тыс. KZT от 1 отправителей, исходящий поток 0 KZT; средства преимущественно остаются."
100000008722417100,distributor,0.8286387900355873,4,0.6284664729080204,"Отправляет 3 получателям (top 8.9%), 6 переводов на 720.0 тыс. KZT; выраженный fan-out. Паттерны: повторных маршрутов 1."
100000008722541100,consolidator,0.5185364768683274,4,0.4382188301227002,"Получает от 1 отправителей (top 59.0%), вход 280.0 тыс. KZT; наблюдаемый остаток 100%. Паттерны: повторных маршрутов 1. Граница depth=4: исходящий поток может быть усечён."
100000008723830100,transit,0.9890792440916123,5,0.7072047079486425,"Получено 459.8 тыс., отправлено 455.0 тыс. KZT; совпадение потоков 99%, быстрое перенаправление 100%."
100000008724279100,terminal,0.6291414590747331,5,0.444949140329783,"Получено 11.8 тыс. KZT от 1 отправителей, исходящий поток 0 KZT; средства преимущественно остаются."
100000008724461100,transit,0.9245796550780181,7,0.5769387443101687,"Получено 100.1 тыс., отправлено 130.0 тыс. KZT; совпадение потоков 77%, быстрое перенаправление 100%."
100000008727982100,coordinator,0.4399181494661922,27,0.35645633879753985,"Betweenness top 63.3%, PageRank top 21.6%; межкластерных связей 0, близость к seed 0.29. Граница depth=4: исходящий поток может быть усечён."
100000008728457100,terminal,0.7136298932384341,9,0.4717050381573008,"Получено 45.0 тыс. KZT от 1 отправителей, исходящий поток 0 KZT; средства преимущественно остаются."
100000008729597100,terminal,0.751970640569395,3,0.43724805197204597,"Получено 83.1 тыс. KZT от 1 отправителей, исходящий поток 0 KZT; средства преимущественно остаются."
100000008729801100,terminal,0.6508274021352313,1,0.42926916007871724,"Получено 17.5 тыс. KZT от 1 отправителей, исходящий поток 0 KZT; средства преимущественно остаются."
100000008730021100,terminal,0.7475756227758007,15,0.5134319692461469,"Получено 75.6 тыс. KZT от 1 отправителей, исходящий поток 0 KZT; средства преимущественно остаются."
100000008730238100,consolidator,0.473767793594306,10,0.4146840083043819,"Получает от 1 отправителей (top 59.0%), вход 113.0 тыс. KZT; наблюдаемый остаток 100%. Граница depth=4: исходящий поток может быть усечён."
100000008730371100,terminal,0.9154982206405694,0,0.5411516425376715,"Получено 520.0 тыс. KZT от 2 отправителей, исходящий поток 0 KZT; средства преимущественно остаются."
100000008730846100,coordinator,0.8705071174377225,9,0.7526868024728631,"Betweenness top 5.2%, PageRank top 17.8%; межкластерных связей 7, близость к seed 0.36. Паттерны: повторных маршрутов 1, дроблений 3, синхронных дней 3."
100000008731444100,distributor,0.8851230723606169,0,0.6861832273079826,"Отправляет 9 получателям (top 2.9%), 9 переводов на 879.8 тыс. KZT; выраженный fan-out."
100000008732098100,terminal,0.6440035587188612,1,0.42609424904668886,"Получено 15.7 тыс. KZT от 1 отправителей, исходящий поток 0 KZT; средства преимущественно остаются."
100000008732488100,distributor,0.6120462633451957,3,0.5318542153720431,"Отправляет 1 получателям (top 23.8%), 1 переводов на 10.0 тыс. KZT; выраженный fan-out."
100000008733049100,terminal,0.6222019572953736,15,0.38105399935177525,"Получено 10.0 тыс. KZT от 1 отправителей, исходящий поток 0 KZT; средства преимущественно остаются."
100000008733194100,coordinator,0.8676379003558718,13,0.7517942479116506,"Betweenness top 4.3%, PageRank top 24.4%; межкластерных связей 4, близость к seed 0.67. Паттерны: циклов 1."
100000008734279100,consolidator,0.4752891459074733,3,0.3509789392042506,"Получает от 1 отправителей (top 59.0%), вход 31.6 тыс. KZT; наблюдаемый остаток 100%. Граница depth=4: исходящий поток может быть усечён."
100000008734364100,terminal,0.682517793594306,1,0.3976527997506645,"Получено 26.2 тыс. KZT от 1 отправителей, исходящий поток 0 KZT; средства преимущественно остаются."
100000008735384100,terminal,0.7053603202846975,1,0.45715773598800014,"Получено 39.2 тыс. KZT от 1 отправителей, исходящий поток 0 KZT; средства преимущественно остаются."
100000008735802100,consolidator,0.461276690391459,0,0.4016925610938066,"Получает от 1 отправителей (top 59.0%), вход 85.0 тыс. KZT; наблюдаемый остаток 100%. Граница depth=4: исходящий поток может быть усечён."
100000008735832100,terminal,0.6513478647686832,1,0.36881939372786393,"Получено 17.6 тыс. KZT от 1 отправителей, исходящий поток 0 KZT; средства преимущественно остаются."
100000008736173100,terminal,0.6940258007117438,1,0.4501028789399273,"Получено 31.1 тыс. KZT от 1 отправителей, исходящий поток 0 KZT; средства преимущественно остаются."
100000008736394100,terminal,0.6452758007117437,1,0.3791663228823371,"Получено 16.0 тыс. KZT от 1 отправителей, исходящий поток 0 KZT; средства преимущественно остаются."
100000008736760100,terminal,0.7314991103202847,1,0.47109868311991404,"Получено 54.8 тыс. KZT от 1 отправителей, исходящий поток 0 KZT; средства преимущественно остаются."
100000008736940100,distributor,0.8104426156583631,42,0.7568546462024773,"Отправляет 3 получателям (top 8.9%), 6 переводов на 182.1 тыс. KZT; выраженный fan-out. Паттерны: циклов 11, повторных маршрутов 2, дроблений 1."
100000008737422100,terminal,0.7486165480427046,1,0.48217179518939945,"Получено 76.9 тыс. KZT от 1 отправителей, исходящий поток 0 KZT; средства преимущественно остаются."
100000008737514100,terminal,0.7531272241992882,15,0.45326909964294304,"Получено 85.0 тыс. KZT от 1 отправителей, исходящий поток 0 KZT; средства преимущественно остаются."
100000008737958100,terminal,0.8103069395017793,1,0.492676438111168,"Получено 53.4 тыс. KZT от 2 отправителей, исходящий поток 0 KZT; средства преимущественно остаются."
100000008738325100,distributor,0.7549154804270464,20,0.656438748366929,"Отправляет 1 получателям (top 23.8%), 1 переводов на 54.0 тыс. KZT; выраженный fan-out."
100000008738526100,distributor,0.6266370106761566,17,0.4507470070704872,"Отправляет 1 получателям (top 23.8%), 1 переводов на 140.0 тыс. KZT; выраженный fan-out."
100000008738658100,terminal,0.6883585409252669,1,0.3873608832479105,"Получено 29.9 тыс. KZT от 1 отправителей, исходящий поток 0 KZT; средства преимущественно остаются."
100000008739887100,transit,0.8871009482189018,3,0.6341592235952529,"Получено 214.0 тыс., отправлено 307.0 тыс. KZT; совпадение потоков 70%, быстрое перенаправление 50%."
100000008740295100,consolidator,0.5746396797153025,7,0.4217514310446695,"Получает от 1 отправителей (top 59.0%), вход 300.0 тыс. KZT; наблюдаемый остаток 100%. Граница depth=4: исходящий поток может быть усечён."
100000008740793100,terminal,0.6648798932384341,1,0.37528006988444756,"Получено 21.0 тыс. KZT от 1 отправителей, исходящий поток 0 KZT; средства преимущественно остаются."
100000008741372100,terminal,0.7016592526690392,1,0.45436214291845434,"Получено 36.0 тыс. KZT от 1 отправителей, исходящий поток 0 KZT; средства преимущественно остаются."
100000008742053100,distributor,0.9044323159047358,12,0.5690877928047353,"Отправляет 12 получателям (top 2.3%), 12 переводов на 2.79 млн KZT; выраженный fan-out."
100000008742266100,terminal,0.6648798932384341,1,0.38910395633429434,"Получено 21.0 тыс. KZT от 1 отправителей, исходящий поток 0 KZT; средства преимущественно остаются."
100000008743913100,distributor,0.8892978944246738,17,0.6589395142254975,"Отправляет 13 получателям (top 2.1%), 13 переводов на 1.85 млн KZT; выраженный fan-out. Паттерны: дроблений 2."
100000008744364100,terminal,0.671935053380783,1,0.37889092397697427,"Получено 23.7 тыс. KZT от 1 отправителей, исходящий поток 0 KZT; средства преимущественно остаются."
100000008744799100,terminal,0.6323798932384341,1,0.3604243759342696,"Получено 12.6 тыс. KZT от 1 отправителей, исходящий поток 0 KZT; средства преимущественно остаются."
100000008744849100,terminal,0.7121841637010676,1,0.46123430499095563,"Получено 44.4 тыс. KZT от 1 отправителей, исходящий поток 0 KZT; средства преимущественно остаются."
100000008745474100,terminal,0.7088300711743772,1,0.4588228907017947,"Получено 40.6 тыс. KZT от 1 отправителей, исходящий поток 0 KZT; средства преимущественно остаются."
100000008745489100,terminal,0.7327713523131673,1,0.4716951281708821,"Получено 55.5 тыс. KZT от 1 отправителей, исходящий поток 0 KZT; средства преимущественно остаются."
100000008745643100,terminal,0.6636076512455515,1,0.435284551537792,"Получено 20.3 тыс. KZT от 1 отправителей, исходящий поток 0 KZT; средства преимущественно остаются."
100000008745676100,coordinator,0.442338078291815,1,0.38548953065497543,"Betweenness top 63.3%, PageRank top 20.2%; межкластерных связей 0, близость к seed 0.29. Граница depth=4: исходящий поток может быть усечён."
100000008745725100,terminal,0.7175622775800711,1,0.4638017747569247,"Получено 47.1 тыс. KZT от 1 отправителей, исходящий поток 0 KZT; средства преимущественно остаются."
100000008745863100,terminal,0.6684653024911031,1,0.37710480298053295,"Получено 22.9 тыс. KZT от 1 отправителей, исходящий поток 0 KZT; средства преимущественно остаются."
100000008745884100,terminal,0.6599644128113878,1,0.3729664577848035,"Получено 20.0 тыс. KZT от 1 отправителей, исходящий поток 0 KZT; средства преимущественно остаются."
100000008746025100,terminal,0.6668460854092527,1,0.43711302128868174,"Получено 22.0 тыс. KZT от 1 отправителей, исходящий поток 0 KZT; средства преимущественно остаются."
100000008746449100,distributor,0.8937453494014882,7,0.5960701511084818,"Отправляет 10 получателям (top 2.7%), 10 переводов на 1.01 млн KZT; выраженный fan-out. Паттерны: дроблений 1."
100000008746673100,terminal,0.7297642348754448,1,0.47001966071204865,"Получено 53.0 тыс. KZT от 1 отправителей, исходящий поток 0 KZT; средства преимущественно остаются."
100000008747113100,terminal,0.8768104982206405,4,0.5700523906103245,"Получено 197.8 тыс. KZT от 2 отправителей, исходящий поток 0 KZT; средства преимущественно остаются."
100000008748408100,distributor,0.9554191604658687,6,0.7303036222971642,"Отправляет 21 получателям (top 1.2%), 22 переводов на 1.50 млн KZT; выраженный fan-out."
100000008748795100,terminal,0.7173887900355872,0,0.42206867804367265,"Получено 47.1 тыс. KZT от 1 отправителей, исходящий поток 0 KZT; средства преимущественно остаются."
100000008748914100,distributor,0.944844528469751,2,0.8786579962798042,"Отправляет 13 получателям (top 2.1%), 21 переводов на 4.47 млн KZT; выраженный fan-out. Паттерны: циклов 1, повторных маршрутов 2, цепочек A→B→C 1, дроблений 3."
100000008749063100,terminal,0.6554537366548042,1,0.4316805479790732,"Получено 19.0 тыс. KZT от 1 отправителей, исходящий поток 0 KZT; средства преимущественно остаются."
100000008749405100,terminal,0.7032206405693949,1,0.39541410605347993,"Получено 37.1 тыс. KZT от 1 отправителей, исходящий поток 0 KZT; средства преимущественно остаются."
100000008749406100,terminal,0.6483985765124555,1,0.42818926684028313,"Получено 17.1 тыс. KZT от 1 отправителей, исходящий поток 0 KZT; средства преимущественно остаются."
100000008749618100,terminal,0.7180827402135231,1,0.46407598346975415,"Получено 47.3 тыс. KZT от 1 отправителей, исходящий поток 0 KZT; средства преимущественно остаются."
100000008749900100,terminal,0.6486877224199288,1,0.3675128100979707,"Получено 17.1 тыс. KZT от 1 отправителей, исходящий поток 0 KZT; средства преимущественно остаются."
100000008749989100,terminal,0.6452758007117437,1,0.3791663228823371,"Получено 16.0 тыс. KZT от 1 отправителей, исходящий поток 0 KZT; средства преимущественно остаются."
100000008750464100,terminal,0.6147998220640568,1,0.35338950048942974,"Получено 8.5 тыс. KZT от 1 отправителей, исходящий поток 0 KZT; средства преимущественно остаются."
100000008751349100,terminal,0.6290258007117437,26,0.33588917981366423,"Получено 11.6 тыс. KZT от 1 отправителей, исходящий поток 0 KZT; средства преимущественно остаются."
100000008751380100,terminal,0.9006361209964412,7,0.5157031559225316,"Получено 345.8 тыс. KZT от 2 отправителей, исходящий поток 0 KZT; средства преимущественно остаются."
100000008751429100,distributor,0.6999799822064058,42,0.6766028103331203,"Отправляет 1 получателям (top 23.8%), 2 переводов на 72.6 тыс. KZT; выраженный fan-out. Паттерны: циклов 6, повторных маршрутов 1."
100000008752616100,distributor,0.8681257413997627,7,0.6547108100987951,"Отправляет 7 получателям (top 3.7%), 7 переводов на 1.26 млн KZT; выраженный fan-out. Паттерны: дроблений 2."
100000008753061100,terminal,0.6863923487544484,1,0.38613302984547754,"Получено 28.4 тыс. KZT от 1 отправителей, исходящий поток 0 KZT; средства преимущественно остаются."
100000008753193100,terminal,0.7008496441281139,1,0.4537859750253365,"Получено 35.2 тыс. KZT от 1 отправителей, исходящий поток 0 KZT; средства преимущественно остаются."
100000008753897100,terminal,0.673959074733096,1,0.379656315436049,"Получено 24.1 тыс. KZT от 1 отправителей, исходящий поток 0 KZT; средства преимущественно остаются."
100000008754608100,terminal,0.6315702846975089,1,0.36009430475989235,"Получено 12.3 тыс. KZT от 1 отправителей, исходящий поток 0 KZT; средства преимущественно остаются."
100000008754747100,terminal,0.7147286476868328,1,0.40204844667564676,"Получено 45.5 тыс. KZT от 1 отправителей, исходящий поток 0 KZT; средства преимущественно остаются."
100000008754997100,terminal,0.6531405693950177,1,0.36974670689512373,"Получено 18.0 тыс. KZT от 1 отправителей, исходящий поток 0 KZT; средства преимущественно остаются."
100000008755168100,terminal,0.6513478647686832,1,0.36881939372786393,"Получено 17.6 тыс. KZT от 1 отправителей, исходящий поток 0 KZT; средства преимущественно остаются."
100000008755361100,terminal,0.6375845195729537,1,0.42289006755202696,"Получено 14.6 тыс. KZT от 1 отправителей, исходящий поток 0 KZT; средства преимущественно остаются."
100000008755580100,terminal,0.6452758007117437,1,0.36588051472430516,"Получено 16.0 тыс. KZT от 1 отправителей, исходящий поток 0 KZT; средства преимущественно остаются."
100000008755754100,terminal,0.6108096085409253,12,0.3530092914635802,"Получено 7.0 тыс. KZT от 1 отправителей, исходящий поток 0 KZT; средства преимущественно остаются."
100000008757301100,consolidator,0.4485453736654804,0,0.43473345750623327,"Получает от 1 отправителей (top 59.0%), вход 58.4 тыс. KZT; наблюдаемый остаток 100%. Паттерны: повторных маршрутов 1. Граница depth=4: исходящий поток может быть усечён."
100000008757369100,transit,0.8269201391567669,0,0.5860303991062608,"Получено 26.0 тыс., отправлено 58.4 тыс. KZT; совпадение потоков 44%, быстрое перенаправление 100%. Паттерны: повторных маршрутов 1."
100000008758106100,consolidator,0.44060053380782915,7,0.32904130672996335,"Получает от 1 отправителей (top 59.0%), вход 10.0 тыс. KZT; наблюдаемый остаток 100%. Граница depth=4: исходящий поток может быть усечён."
100000008758168100,distributor,0.8483052660566007,17,0.623068281733095,"Отправляет 5 получателям (top 5.3%), 5 переводов на 1.53 млн KZT; выраженный fan-out."
100000008758607100,consolidator,0.42558718861209965,7,0.32165740993281033,"Получает от 1 отправителей (top 59.0%), вход 5.0 тыс. KZT; наблюдаемый остаток 100%. Граница depth=4: исходящий поток может быть усечён."
100000008759795100,consolidator,0.46914145907473304,19,0.3231403212385864,"Получает от 1 отправителей (top 59.0%), вход 17.0 тыс. KZT; наблюдаемый остаток 100%. Граница depth=4: исходящий поток может быть усечён."
100000008759857100,distributor,0.8023287366548044,17,0.49556158969906805,"Отправляет 2 получателям (top 13.6%), 3 переводов на 994.0 тыс. KZT; выраженный fan-out."
100000008760098100,distributor,0.7173309608540924,17,0.47469308165473956,"Отправляет 1 получателям (top 23.8%), 1 переводов на 390.0 тыс. KZT; выраженный fan-out."
100000008761132100,consolidator,0.44060053380782915,7,0.32904130672996335,"Получает от 1 отправителей (top 59.0%), вход 10.0 тыс. KZT; наблюдаемый остаток 100%. Граница depth=4: исходящий поток может быть усечён."
100000008761219100,distributor,0.7506605871886122,47,0.5512673916483264,"Отправляет 2 получателям (top 13.6%), 2 переводов на 375.0 тыс. KZT; выраженный fan-out."
100000008761220100,consolidator,0.44060053380782915,7,0.32904130672996335,"Получает от 1 отправителей (top 59.0%), вход 10.0 тыс. KZT; наблюдаемый остаток 100%. Граница depth=4: исходящий поток может быть усечён."
100000008762005100,consolidator,0.41181494661921714,7,0.315856520253095,"Получает от 1 отправителей (top 59.0%), вход 5.0 тыс. KZT; наблюдаемый остаток 100%. Граница depth=4: исходящий поток может быть усечён."
100000008762728100,terminal,0.6479937722419928,5,0.41785786896970173,"Получено 17.0 тыс. KZT от 1 отправителей, исходящий поток 0 KZT; средства преимущественно остаются."
100000008762832100,distributor,0.654620403321471,2,0.5300798723340563,"Отправляет 1 получателям (top 23.8%), 4 переводов на 85.0 тыс. KZT; выраженный fan-out. Паттерны: циклов 1."
100000008762843100,consolidator,0.41894128113879003,7,0.3197243138474011,"Получает от 1 отправителей (top 59.0%), вход 7.0 тыс. KZT; наблюдаемый остаток 100%. Граница depth=4: исходящий поток может быть усечён."
100000008762885100,consolidator,0.41894128113879003,7,0.3197243138474011,"Получает от 1 отправителей (top 59.0%), вход 7.0 тыс. KZT; наблюдаемый остаток 100%. Граница depth=4: исходящий поток может быть усечён."
100000008763688100,terminal,0.6648798932384341,1,0.37528006988444756,"Получено 21.0 тыс. KZT от 1 отправителей, исходящий поток 0 KZT; средства преимущественно остаются."
100000008764436100,terminal,0.6342304270462633,1,0.37352086024888514,"Получено 13.1 тыс. KZT от 1 отправителей, исходящий поток 0 KZT; средства преимущественно остаются."
100000008764654100,terminal,0.6815925266903914,1,0.3833211923693264,"Получено 26.1 тыс. KZT от 1 отправителей, исходящий поток 0 KZT; средства преимущественно остаются."
100000008765494100,terminal,0.6730338078291814,1,0.3934702374730844,"Получено 24.0 тыс. KZT от 1 отправителей, исходящий поток 0 KZT; средства преимущественно остаются."
100000008765627100,terminal,0.7358362989323843,6,0.4421912790649445,"Получено 60.0 тыс. KZT от 1 отправителей, исходящий поток 0 KZT; средства преимущественно остаются."
100000008766031100,consolidator,0.4177935943060498,7,0.3183376590431306,"Получает от 1 отправителей (top 59.0%), вход 5.0 тыс. KZT; наблюдаемый остаток 100%. Граница depth=4: исходящий поток может быть усечён."
100000008766764100,consolidator,0.42558718861209965,7,0.32165740993281033,"Получает от 1 отправителей (top 59.0%), вход 5.0 тыс. KZT; наблюдаемый остаток 100%. Граница depth=4: исходящий поток может быть усечён."
100000008767027100,terminal,0.6005160142348754,17,0.3303323331905365,"Получено 5.0 тыс. KZT от 1 отправителей, исходящий поток 0 KZT; средства преимущественно остаются."
100000008767065100,terminal,0.6222019572953736,17,0.3390966570339529,"Получено 10.0 тыс. KZT от 1 отправителей, исходящий поток 0 KZT; средства преимущественно остаются."
100000008767925100,terminal,0.6483985765124555,1,0.42818926684028313,"Получено 17.1 тыс. KZT от 1 отправителей, исходящий поток 0 KZT; средства преимущественно остаются."
100000008767950100,terminal,0.6496129893238434,1,0.36815053251789953,"Получено 17.4 тыс. KZT от 1 отправителей, исходящий поток 0 KZT; средства преимущественно остаются."
100000008768896100,terminal,0.7175622775800711,1,0.4638017747569247,"Получено 47.1 тыс. KZT от 1 отправителей, исходящий поток 0 KZT; средства преимущественно остаются."
100000008769097100,terminal,0.694314946619217,1,0.3898994523858345,"Получено 31.1 тыс. KZT от 1 отправителей, исходящий поток 0 KZT; средства преимущественно остаются."
100000008769636100,terminal,0.6691592526690392,1,0.4383037686196426,"Получено 23.1 тыс. KZT от 1 отправителей, исходящий поток 0 KZT; средства преимущественно остаются."
100000008770483100,peripheral,0.6242348754448399,47,0.227417799045477,"Периферийный узел: входящих/исходящих связей 1/0, оборот 5.0 тыс. KZT; сильной структурной роли нет. Граница depth=4: исходящий поток может быть усечён."
100000008771627100,terminal,0.646605871886121,1,0.3800139207471057,"Получено 16.5 тыс. KZT от 1 отправителей, исходящий поток 0 KZT; средства преимущественно остаются."
100000008771814100,terminal,0.671935053380783,1,0.3928642766189919,"Получено 23.7 тыс. KZT от 1 отправителей, исходящий поток 0 KZT; средства преимущественно остаются."
100000008771819100,terminal,0.7048976868327402,1,0.4568990095871316,"Получено 38.9 тыс. KZT от 1 отправителей, исходящий поток 0 KZT; средства преимущественно остаются."
100000008772058100,terminal,0.7236343416370107,1,0.42130878486874923,"Получено 50.0 тыс. KZT от 1 отправителей, исходящий поток 0 KZT; средства преимущественно остаются."
100000008772246100,terminal,0.7124733096085408,1,0.4009084378126778,"Получено 44.5 тыс. KZT от 1 отправителей, исходящий поток 0 KZT; средства преимущественно остаются."
100000008773876100,terminal,0.6809564056939502,1,0.44358739851288104,"Получено 26.1 тыс. KZT от 1 отправителей, исходящий поток 0 KZT; средства преимущественно остаются."
100000008774237100,distributor,0.6970759193357058,24,0.49513847130775507,"Отправляет 1 получателям (top 23.8%), 1 переводов на 10.0 тыс. KZT; выраженный fan-out."
100000008775471100,terminal,0.8376734875444839,17,0.4598711655112812,"Получено 580.0 тыс. KZT от 1 отправителей, исходящий поток 0 KZT; средства преимущественно остаются."
100000008775747100,consolidator,0.42558718861209965,7,0.32165740993281033,"Получает от 1 отправителей (top 59.0%), вход 5.0 тыс. KZT; наблюдаемый остаток 100%. Граница depth=4: исходящий поток может быть усечён."
100000008776298100,terminal,0.7107962633451957,1,0.4601737916909979,"Получено 42.8 тыс. KZT от 1 отправителей, исходящий поток 0 KZT; средства преимущественно остаются."
100000008776310100,terminal,0.6559741992882562,1,0.37114110191291727,"Получено 19.2 тыс. KZT от 1 отправителей, исходящий поток 0 KZT; средства преимущественно остаются."
100000008776420100,terminal,0.7420240213523132,1,0.41729388461456673,"Получено 69.5 тыс. KZT от 1 отправителей, исходящий поток 0 KZT; средства преимущественно остаются."
100000008776576100,terminal,0.6379314946619217,1,0.4232151565199984,"Получено 14.8 тыс. KZT от 1 отправителей, исходящий поток 0 KZT; средства преимущественно остаются."
100000008776720100,terminal,0.6815925266903914,1,0.3833211923693264,"Получено 26.1 тыс. KZT от 1 отправителей, исходящий поток 0 KZT; средства преимущественно остаются."
100000008777088100,terminal,0.6531405693950177,1,0.43047485402889524,"Получено 18.0 тыс. KZT от 1 отправителей, исходящий поток 0 KZT; средства преимущественно остаются."
100000008778010100,consolidator,0.45823398576512453,1,0.39758383959024524,"Получает от 1 отправителей (top 59.0%), вход 77.0 тыс. KZT; наблюдаемый остаток 100%. Граница depth=4: исходящий поток может быть усечён."
100000008778753100,consolidator,0.4261165480427046,25,0.3042537466032573,"Получает от 1 отправителей (top 59.0%), вход 10.0 тыс. KZT; наблюдаемый остаток 100%. Граница depth=4: исходящий поток может быть усечён."
100000008779584100,terminal,0.6947197508896797,1,0.45051391096839705,"Получено 31.4 тыс. KZT от 1 отправителей, исходящий поток 0 KZT; средства преимущественно остаются."
100000008782056100,terminal,0.6877802491103203,1,0.44727049459829027,"Получено 29.1 тыс. KZT от 1 отправителей, исходящий поток 0 KZT; средства преимущественно остаются."
100000008782421100,terminal,0.7210898576512456,1,0.4659009171207585,"Получено 49.7 тыс. KZT от 1 отправителей, исходящий поток 0 KZT; средства преимущественно остаются."
100000008782800100,terminal,0.711258896797153,1,0.46058198428403735,"Получено 43.4 тыс. KZT от 1 отправителей, исходящий поток 0 KZT; средства преимущественно остаются."
